Canal_1,Canal_2,Canal_3,Canal_4,Canal_5,Canal_6,Canal_7,Canal_8,Canal_9
0.0,0.0,0.0,0.0,0.0,0.0,0.0,0.0,3.0
-187500.015625,-187500.015625,-187500.015625,-187500.015625,-187500.015625,-187500.015625,-187500.015625,-25840.3378906,0.0
-187500.015625,-187500.015625,-187500.015625,-187500.015625,-187500.015625,-187500.015625,-187500.015625,-25965.8867188,0.0
-187500.015625,-187500.015625,-187500.015625,-187500.015625,-187500.015625,-187500.015625,-187500.015625,-26017.3417969,0.0
-187500.015625,-187500.015625,-187500.015625,-187500.015625,-187500.015625,-187500.015625,-187500.015625,-25896.484375,0.0
-187500.015625,-187500.015625,-187500.015625,-187500.015625,-187500.015625,-187500.015625,-187500.015625,-25828.9375,0.0
-187500.015625,-187500.015625,-187500.015625,-187500.015625,-187500.015625,-187500.015625,-187500.015625,-25934.5507812,0.0
-187500.015625,-187500.015625,-187500.015625,-187500.015625,-187500.015625,-187500.015625,-187500.015625,-26015.6640625,0.0
-187500.015625,-187500.015625,-187500.015625,-187500.015625,-187500.015625,-187500.015625,-187500.015625,-25926.5703125,0.0
-187500.015625,-187500.015625,-187500.015625,-187500.015625,-187500.015625,-187500.015625,-187500.015625,-25840.5605469,0.0
-187500.015625,-187500.015625,-187500.015625,-187500.015625,-187500.015625,-187500.015625,-187500.015625,-25929.9003906,0.0
-187500.015625,-187500.015625,-187500.015625,-187500.015625,-187500.015625,-187500.015625,-187500.015625,-26033.1894531,0.0
-187500.015625,-187500.015625,-187500.015625,-187500.015625,-187500.015625,-187500.015625,-187500.015625,-25962.9824219,0.0
-187500.015625,-187500.015625,-187500.015625,-187500.015625,-187500.015625,-187500.015625,-187500.015625,-25849.6582031,0.0
-187500.015625,-187500.015625,-187500.015625,-187500.015625,-187500.015625,-187500.015625,-187500.015625,-25906.8339844,0.0
-187500.015625,-187500.015625,-187500.015625,-187500.015625,-187500.015625,-187500.015625,-187500.015625,-26014.3691406,0.0
-187500.015625,-187500.015625,-187500.015625,-187500.015625,-187500.015625,-187500.015625,-187500.015625,-25970.9609375,0.0
-187500.015625,-187500.015625,-187500.015625,-187500.015625,-187500.015625,-187500.015625,-187500.015625,-25849.6367188,0.0
-187500.015625,-187500.015625,-187500.015625,-187500.015625,-187500.015625,-187500.015625,-187500.015625,-25872.6796875,0.0
-187500.015625,-187500.015625,-187500.015625,-187500.015625,-187500.015625,-187500.015625,-187500.015625,-25998.0078125,0.0
-187500.015625,-187500.015625,-187500.015625,-187500.015625,-187500.015625,-187500.015625,-187500.015625,-25982.3613281,0.0
-187500.015625,-187500.015625,-187500.015625,-187500.015625,-187500.015625,-187500.015625,-187500.015625,-25861.9296875,0.0
-187500.015625,-187500.015625,-187500.015625,-187500.015625,-187500.015625,-187500.015625,-187500.015625,-25855.8730469,0.0
-187500.015625,-187500.015625,-187500.015625,-187500.015625,-187500.015625,-187500.015625,-187500.015625,-25981.6894531,0.0
-187500.015625,-187500.015625,-187500.015625,-187500.015625,-187500.015625,-187500.015625,-187500.015625,-26001.3378906,0.0
-187500.015625,-187500.015625,-187500.015625,-187500.015625,-187500.015625,-187500.015625,-187500.015625,-25880.6152344,0.0
-187500.015625,-187500.015625,-187500.015625,-187500.015625,-187500.015625,-187500.015625,-187500.015625,-25838.8183594,0.0
-187500.015625,-187500.015625,-187500.015625,-187500.015625,-187500.015625,-187500.015625,-187500.015625,-25958.0644531,0.0
-187500.015625,-187500.015625,-187500.015625,-187500.015625,-187500.015625,-187500.015625,-187500.015625,-26011.8867188,0.0
-187500.015625,-187500.015625,-187500.015625,-187500.015625,-187500.015625,-187500.015625,-187500.015625,-25904.4863281,0.0
-187500.015625,-187500.015625,-187500.015625,-187500.015625,-187500.015625,-187500.015625,-187500.015625,-25834.2128906,0.0
-187500.015625,-187500.015625,-187500.015625,-187500.015625,-187500.015625,-187500.015625,-187500.015625,-25937.5898438,0.0
-187500.015625,-187500.015625,-187500.015625,-187500.015625,-187500.015625,-187500.015625,-187500.015625,-26017.2070312,0.0
-187500.015625,-187500.015625,-187500.015625,-187500.015625,-187500.015625,-187500.015625,-187500.015625,-25919.7539062,0.0
-187500.015625,-187500.015625,-187500.015625,-187500.015625,-187500.015625,-187500.015625,-187500.015625,-25824.3339844,0.0
-187500.015625,-187500.015625,-187500.015625,-187500.015625,-187500.015625,-187500.015625,-187500.015625,-25907.4824219,0.0
-187500.015625,-187500.015625,-187500.015625,-187500.015625,-187500.015625,-187500.015625,-187500.015625,-26016.9160156,0.0
-187500.015625,-187500.015625,-187500.015625,-187500.015625,-187500.015625,-187500.015625,-187500.015625,-25944.4296875,0.0
-187500.015625,-187500.015625,-187500.015625,-187500.015625,-187500.015625,-187500.015625,-187500.015625,-25826.9707031,0.0
-187500.015625,-187500.015625,-187500.015625,-187500.015625,-187500.015625,-187500.015625,-187500.015625,-25880.7714844,0.0
-187500.015625,-187500.015625,-187500.015625,-187500.015625,-187500.015625,-187500.015625,-187500.015625,-25998.6328125,0.0
-187500.015625,-187500.015625,-187500.015625,-187500.015625,-187500.015625,-187500.015625,-187500.015625,-25970.1347656,0.0
-187500.015625,-187500.015625,-187500.015625,-187500.015625,-187500.015625,-187500.015625,-187500.015625,-25849.8144531,0.0
-187500.015625,-187500.015625,-187500.015625,-187500.015625,-187500.015625,-187500.015625,-187500.015625,-25862.7109375,0.0
-187500.015625,-187500.015625,-187500.015625,-187500.015625,-187500.015625,-187500.015625,-187500.015625,-25989.78125,0.0
-187500.015625,-187500.015625,-187500.015625,-187500.015625,-187500.015625,-187500.015625,-187500.015625,-25993.6035156,0.0
-187500.015625,-187500.015625,-187500.015625,-187500.015625,-187500.015625,-187500.015625,-187500.015625,-25871.6308594,0.0
-187500.015625,-187500.015625,-187500.015625,-187500.015625,-187500.015625,-187500.015625,-187500.015625,-25849.6582031,0.0
-187500.015625,-187500.015625,-187500.015625,-187500.015625,-187500.015625,-187500.015625,-187500.015625,-25968.859375,0.0
-187500.015625,-187500.015625,-187500.015625,-187500.015625,-187500.015625,-187500.015625,-187500.015625,-26001.5390625,0.0
-187500.015625,-187500.015625,-187500.015625,-187500.015625,-187500.015625,-187500.015625,-187500.015625,-25881.7773438,0.0
-187500.015625,-187500.015625,-187500.015625,-187500.015625,-187500.015625,-187500.015625,-187500.015625,-25837.6328125,0.0
-187500.015625,-187500.015625,-187500.015625,-187500.015625,-187500.015625,-187500.015625,-187500.015625,-25955.4941406,0.0
-187500.015625,-187500.015625,-187500.015625,-187500.015625,-187500.015625,-187500.015625,-187500.015625,-26011.9550781,0.0
-187500.015625,-187500.015625,-187500.015625,-187500.015625,-187500.015625,-187500.015625,-187500.015625,-25902.1855469,0.0
-187500.015625,-187500.015625,-187500.015625,-187500.015625,-187500.015625,-187500.015625,-187500.015625,-25823.4179688,0.0
-187500.015625,-187500.015625,-187500.015625,-187500.015625,-187500.015625,-187500.015625,-187500.015625,-25917.8320312,0.0
-187500.015625,-187500.015625,-187500.015625,-187500.015625,-187500.015625,-187500.015625,-187500.015625,-26009.0039062,0.0
-187500.015625,-187500.015625,-187500.015625,-187500.015625,-187500.015625,-187500.015625,-187500.015625,-25924.8710938,0.0
-187500.015625,-187500.015625,-187500.015625,-187500.015625,-187500.015625,-187500.015625,-187500.015625,-25822.7695312,0.0
-187500.015625,-187500.015625,-187500.015625,-187500.015625,-187500.015625,-187500.015625,-187500.015625,-25897.0449219,0.0
-187500.015625,-187500.015625,-187500.015625,-187500.015625,-187500.015625,-187500.015625,-187500.015625,-26008.2890625,0.0
-187500.015625,-187500.015625,-187500.015625,-187500.015625,-187500.015625,-187500.015625,-187500.015625,-25946.8222656,0.0
-187500.015625,-187500.015625,-187500.015625,-187500.015625,-187500.015625,-187500.015625,-187500.015625,-25831.1953125,0.0
-187500.015625,-187500.015625,-187500.015625,-187500.015625,-187500.015625,-187500.015625,-187500.015625,-25877.9335938,0.0
-187500.015625,-187500.015625,-187500.015625,-187500.015625,-187500.015625,-187500.015625,-187500.015625,-26004.0644531,0.0
-187500.015625,-187500.015625,-187500.015625,-187500.015625,-187500.015625,-187500.015625,-187500.015625,-25969.84375,0.0
-187500.015625,-187500.015625,-187500.015625,-187500.015625,-187500.015625,-187500.015625,-187500.015625,-25846.2617188,0.0
-187500.015625,-187500.015625,-187500.015625,-187500.015625,-187500.015625,-187500.015625,-187500.015625,-25860.65625,0.0
-187500.015625,-187500.015625,-187500.015625,-187500.015625,-187500.015625,-187500.015625,-187500.015625,-25987.390625,0.0
-187500.015625,-187500.015625,-187500.015625,-187500.015625,-187500.015625,-187500.015625,-187500.015625,-25986.7871094,0.0
-187500.015625,-187500.015625,-187500.015625,-187500.015625,-187500.015625,-187500.015625,-187500.015625,-25854.84375,0.0
-187500.015625,-187500.015625,-187500.015625,-187500.015625,-187500.015625,-187500.015625,-187500.015625,-25838.28125,0.0
-187500.015625,-187500.015625,-187500.015625,-187500.015625,-187500.015625,-187500.015625,-187500.015625,-25966.2226562,0.0
-187500.015625,-187500.015625,-187500.015625,-187500.015625,-187500.015625,-187500.015625,-187500.015625,-26003.1484375,0.0
-187500.015625,-187500.015625,-187500.015625,-187500.015625,-187500.015625,-187500.015625,-187500.015625,-25884.2148438,0.0
-187500.015625,-187500.015625,-187500.015625,-187500.015625,-187500.015625,-187500.015625,-187500.015625,-25829.921875,0.0
-187500.015625,-187500.015625,-187500.015625,-187500.015625,-187500.015625,-187500.015625,-187500.015625,-25946.9335938,0.0
-187500.015625,-187500.015625,-187500.015625,-187500.015625,-187500.015625,-187500.015625,-187500.015625,-26012.2675781,0.0
-187500.015625,-187500.015625,-187500.015625,-187500.015625,-187500.015625,-187500.015625,-187500.015625,-25916.9824219,0.0
-187500.015625,-187500.015625,-187500.015625,-187500.015625,-187500.015625,-187500.015625,-187500.015625,-25836.0683594,0.0
-187500.015625,-187500.015625,-187500.015625,-187500.015625,-187500.015625,-187500.015625,-187500.015625,-25919.6640625,0.0
-187500.015625,-187500.015625,-187500.015625,-187500.015625,-187500.015625,-187500.015625,-187500.015625,-26014.234375,0.0
-187500.015625,-187500.015625,-187500.015625,-187500.015625,-187500.015625,-187500.015625,-187500.015625,-25935.7128906,0.0
-187500.015625,-187500.015625,-187500.015625,-187500.015625,-187500.015625,-187500.015625,-187500.015625,-25832.4023438,0.0
-187500.015625,-187500.015625,-187500.015625,-187500.015625,-187500.015625,-187500.015625,-187500.015625,-25896.7753906,0.0
-187500.015625,-187500.015625,-187500.015625,-187500.015625,-187500.015625,-187500.015625,-187500.015625,-26007.4394531,0.0
-187500.015625,-187500.015625,-187500.015625,-187500.015625,-187500.015625,-187500.015625,-187500.015625,-25955.6953125,0.0
-187500.015625,-187500.015625,-187500.015625,-187500.015625,-187500.015625,-187500.015625,-187500.015625,-25840.6738281,0.0
-187500.015625,-187500.015625,-187500.015625,-187500.015625,-187500.015625,-187500.015625,-187500.015625,-25877.8222656,0.0
-187500.015625,-187500.015625,-187500.015625,-187500.015625,-187500.015625,-187500.015625,-187500.015625,-26001.8515625,0.0
-187500.015625,-187500.015625,-187500.015625,-187500.015625,-187500.015625,-187500.015625,-187500.015625,-25977.7109375,0.0
-187500.015625,-187500.015625,-187500.015625,-187500.015625,-187500.015625,-187500.015625,-187500.015625,-25854.4199219,0.0
-187500.015625,-187500.015625,-187500.015625,-187500.015625,-187500.015625,-187500.015625,-187500.015625,-25863.6503906,0.0
-187500.015625,-187500.015625,-187500.015625,-187500.015625,-187500.015625,-187500.015625,-187500.015625,-25988.1269531,0.0
-187500.015625,-187500.015625,-187500.015625,-187500.015625,-187500.015625,-187500.015625,-187500.015625,-25994.609375,0.0
-187500.015625,-187500.015625,-187500.015625,-187500.015625,-187500.015625,-187500.015625,-187500.015625,-25865.0136719,0.0
-187500.015625,-187500.015625,-187500.015625,-187500.015625,-187500.015625,-187500.015625,-187500.015625,-25840.6289062,0.0
-187500.015625,-187500.015625,-187500.015625,-187500.015625,-187500.015625,-187500.015625,-187500.015625,-25964.2558594,0.0
-187500.015625,-187500.015625,-187500.015625,-187500.015625,-187500.015625,-187500.015625,-187500.015625,-26008.1328125,0.0
-187500.015625,-187500.015625,-187500.015625,-187500.015625,-187500.015625,-187500.015625,-187500.015625,-25887.2539062,0.0
-187500.015625,-187500.015625,-187500.015625,-187500.015625,-187500.015625,-187500.015625,-187500.015625,-25830.1679688,0.0
-187500.015625,-187500.015625,-187500.015625,-187500.015625,-187500.015625,-187500.015625,-187500.015625,-25944.0273438,0.0
-187500.015625,-187500.015625,-187500.015625,-187500.015625,-187500.015625,-187500.015625,-187500.015625,-26016.6699219,0.0
-187500.015625,-187500.015625,-187500.015625,-187500.015625,-187500.015625,-187500.015625,-187500.015625,-25911.9296875,0.0
-187500.015625,-187500.015625,-187500.015625,-187500.015625,-187500.015625,-187500.015625,-187500.015625,-25826.9042969,0.0
-187500.015625,-187500.015625,-187500.015625,-187500.015625,-187500.015625,-187500.015625,-187500.015625,-25916.7128906,0.0
-187500.015625,-187500.015625,-187500.015625,-187500.015625,-187500.015625,-187500.015625,-187500.015625,-26014.4570312,0.0
-187500.015625,-187500.015625,-187500.015625,-187500.015625,-187500.015625,-187500.015625,-187500.015625,-25932.6953125,0.0
-187500.015625,-187500.015625,-187500.015625,-187500.015625,-187500.015625,-187500.015625,-187500.015625,-25820.8242188,0.0
-187500.015625,-187500.015625,-187500.015625,-187500.015625,-187500.015625,-187500.015625,-187500.015625,-25887.0527344,0.0
-187500.015625,-187500.015625,-187500.015625,-187500.015625,-187500.015625,-187500.015625,-187500.015625,-26006.2988281,0.0
-187500.015625,-187500.015625,-187500.015625,-187500.015625,-187500.015625,-187500.015625,-187500.015625,-25957.9980469,0.0
-187500.015625,-187500.015625,-187500.015625,-187500.015625,-187500.015625,-187500.015625,-187500.015625,-25833.6777344,0.0
-187500.015625,-187500.015625,-187500.015625,-187500.015625,-187500.015625,-187500.015625,-187500.015625,-25869.953125,0.0
-187500.015625,-187500.015625,-187500.015625,-187500.015625,-187500.015625,-187500.015625,-187500.015625,-25996.53125,0.0
-187500.015625,-187500.015625,-187500.015625,-187500.015625,-187500.015625,-187500.015625,-187500.015625,-25980.3046875,0.0
-187500.015625,-187500.015625,-187500.015625,-187500.015625,-187500.015625,-187500.015625,-187500.015625,-25854.21875,0.0
-187500.015625,-187500.015625,-187500.015625,-187500.015625,-187500.015625,-187500.015625,-187500.015625,-25853.546875,0.0
-187500.015625,-187500.015625,-187500.015625,-187500.015625,-187500.015625,-187500.015625,-187500.015625,-25986.71875,0.0
-187500.015625,-187500.015625,-187500.015625,-187500.015625,-187500.015625,-187500.015625,-187500.015625,-25997.2460938,0.0
-187500.015625,-187500.015625,-187500.015625,-187500.015625,-187500.015625,-187500.015625,-187500.015625,-25873.5078125,0.0
-187500.015625,-187500.015625,-187500.015625,-187500.015625,-187500.015625,-187500.015625,-187500.015625,-25843.8027344,0.0
-187500.015625,-187500.015625,-187500.015625,-187500.015625,-187500.015625,-187500.015625,-187500.015625,-25962.5566406,0.0
-187500.015625,-187500.015625,-187500.015625,-187500.015625,-187500.015625,-187500.015625,-187500.015625,-26003.4824219,0.0
-187500.015625,-187500.015625,-187500.015625,-187500.015625,-187500.015625,-187500.015625,-187500.015625,-25889.109375,0.0
-187500.015625,-187500.015625,-187500.015625,-187500.015625,-187500.015625,-187500.015625,-187500.015625,-25825.7636719,0.0
-187500.015625,-187500.015625,-187500.015625,-187500.015625,-187500.015625,-187500.015625,-187500.015625,-25934.7734375,0.0
-187500.015625,-187500.015625,-187500.015625,-187500.015625,-187500.015625,-187500.015625,-187500.015625,-26008.8476562,0.0
-187500.015625,-187500.015625,-187500.015625,-187500.015625,-187500.015625,-187500.015625,-187500.015625,-25920.0214844,0.0
-187500.015625,-187500.015625,-187500.015625,-187500.015625,-187500.015625,-187500.015625,-187500.015625,-25830.8164062,0.0
-187500.015625,-187500.015625,-187500.015625,-187500.015625,-187500.015625,-187500.015625,-187500.015625,-25917.7421875,0.0
-187500.015625,-187500.015625,-187500.015625,-187500.015625,-187500.015625,-187500.015625,-187500.015625,-26026.1699219,0.0
-187500.015625,-187500.015625,-187500.015625,-187500.015625,-187500.015625,-187500.015625,-187500.015625,-25955.4707031,0.0
-187500.015625,-187500.015625,-187500.015625,-187500.015625,-187500.015625,-187500.015625,-187500.015625,-25846.8417969,0.0
-187500.015625,-187500.015625,-187500.015625,-187500.015625,-187500.015625,-187500.015625,-187500.015625,-25898.1171875,0.0
-187500.015625,-187500.015625,-187500.015625,-187500.015625,-187500.015625,-187500.015625,-187500.015625,-26018.078125,0.0
-187500.015625,-187500.015625,-187500.015625,-187500.015625,-187500.015625,-187500.015625,-187500.015625,-25975.7675781,0.0
-187500.015625,-187500.015625,-187500.015625,-187500.015625,-187500.015625,-187500.015625,-187500.015625,-25851.46875,0.0
-187500.015625,-187500.015625,-187500.015625,-187500.015625,-187500.015625,-187500.015625,-187500.015625,-25872.9707031,0.0
-187500.015625,-187500.015625,-187500.015625,-187500.015625,-187500.015625,-187500.015625,-187500.015625,-25991.5917969,0.0
-187500.015625,-187500.015625,-187500.015625,-187500.015625,-187500.015625,-187500.015625,-187500.015625,-25975.9902344,0.0
-187500.015625,-187500.015625,-187500.015625,-187500.015625,-187500.015625,-187500.015625,-187500.015625,-25849.4804688,0.0
-187500.015625,-187500.015625,-187500.015625,-187500.015625,-187500.015625,-187500.015625,-187500.015625,-25844.25,0.0
-187500.015625,-187500.015625,-187500.015625,-187500.015625,-187500.015625,-187500.015625,-187500.015625,-25969.9785156,0.0
-187500.015625,-187500.015625,-187500.015625,-187500.015625,-187500.015625,-187500.015625,-187500.015625,-25992.2617188,0.0
-187500.015625,-187500.015625,-187500.015625,-187500.015625,-187500.015625,-187500.015625,-187500.015625,-25863.7402344,0.0
-187500.015625,-187500.015625,-187500.015625,-187500.015625,-187500.015625,-187500.015625,-187500.015625,-25828.0898438,0.0
-187500.015625,-187500.015625,-187500.015625,-187500.015625,-187500.015625,-187500.015625,-187500.015625,-25944.9433594,0.0
-187500.015625,-187500.015625,-187500.015625,-187500.015625,-187500.015625,-187500.015625,-187500.015625,-25998.453125,0.0
-187500.015625,-187500.015625,-187500.015625,-187500.015625,-187500.015625,-187500.015625,-187500.015625,-25890.6289062,0.0
-187500.015625,-187500.015625,-187500.015625,-187500.015625,-187500.015625,-187500.015625,-187500.015625,-25817.7402344,0.0
-187500.015625,-187500.015625,-187500.015625,-187500.015625,-187500.015625,-187500.015625,-187500.015625,-25921.1835938,0.0
-187500.015625,-187500.015625,-187500.015625,-187500.015625,-187500.015625,-187500.015625,-187500.015625,-26000.2421875,0.0
-187500.015625,-187500.015625,-187500.015625,-187500.015625,-187500.015625,-187500.015625,-187500.015625,-25909.3378906,0.0
-187500.015625,-187500.015625,-187500.015625,-187500.015625,-187500.015625,-187500.015625,-187500.015625,-25822.03125,0.0
-187500.015625,-187500.015625,-187500.015625,-187500.015625,-187500.015625,-187500.015625,-187500.015625,-25901.9160156,0.0
-187500.015625,-187500.015625,-187500.015625,-187500.015625,-187500.015625,-187500.015625,-187500.015625,-26005.1601562,0.0
-187500.015625,-187500.015625,-187500.015625,-187500.015625,-187500.015625,-187500.015625,-187500.015625,-25935.9804688,0.0
-187500.015625,-187500.015625,-187500.015625,-187500.015625,-187500.015625,-187500.015625,-187500.015625,-25830.8378906,0.0
-187500.015625,-187500.015625,-187500.015625,-187500.015625,-187500.015625,-187500.015625,-187500.015625,-25884.4824219,0.0
-187500.015625,-187500.015625,-187500.015625,-187500.015625,-187500.015625,-187500.015625,-187500.015625,-26001.2246094,0.0
-187500.015625,-187500.015625,-187500.015625,-187500.015625,-187500.015625,-187500.015625,-187500.015625,-25966.2226562,0.0
-187500.015625,-187500.015625,-187500.015625,-187500.015625,-187500.015625,-187500.015625,-187500.015625,-25842.484375,0.0
-187500.015625,-187500.015625,-187500.015625,-187500.015625,-187500.015625,-187500.015625,-187500.015625,-25863.7167969,0.0
-187500.015625,-187500.015625,-187500.015625,-187500.015625,-187500.015625,-187500.015625,-187500.015625,-25987.1210938,0.0
-187500.015625,-187500.015625,-187500.015625,-187500.015625,-187500.015625,-187500.015625,-187500.015625,-25975.2753906,0.0
-187500.015625,-187500.015625,-187500.015625,-187500.015625,-187500.015625,-187500.015625,-187500.015625,-25847.5800781,0.0
-187500.015625,-187500.015625,-187500.015625,-187500.015625,-187500.015625,-187500.015625,-187500.015625,-25833.8554688,0.0
-187500.015625,-187500.015625,-187500.015625,-187500.015625,-187500.015625,-187500.015625,-187500.015625,-25955.4707031,0.0
-187500.015625,-187500.015625,-187500.015625,-187500.015625,-187500.015625,-187500.015625,-187500.015625,-25982.7636719,0.0
-187500.015625,-187500.015625,-187500.015625,-187500.015625,-187500.015625,-187500.015625,-187500.015625,-25861.6621094,0.0
-187500.015625,-187500.015625,-187500.015625,-187500.015625,-187500.015625,-187500.015625,-187500.015625,-25817.515625,0.0
-187500.015625,-187500.015625,-187500.015625,-187500.015625,-187500.015625,-187500.015625,-187500.015625,-25931.7558594,0.0
-187500.015625,-187500.015625,-187500.015625,-187500.015625,-187500.015625,-187500.015625,-187500.015625,-25995.1679688,0.0
-187500.015625,-187500.015625,-187500.015625,-187500.015625,-187500.015625,-187500.015625,-187500.015625,-25887.6777344,0.0
-187500.015625,-187500.015625,-187500.015625,-187500.015625,-187500.015625,-187500.015625,-187500.015625,-25820.3320312,0.0
-187500.015625,-187500.015625,-187500.015625,-187500.015625,-187500.015625,-187500.015625,-187500.015625,-25925.4980469,0.0
-187500.015625,-187500.015625,-187500.015625,-187500.015625,-187500.015625,-187500.015625,-187500.015625,-26013.8769531,0.0
-187500.015625,-187500.015625,-187500.015625,-187500.015625,-187500.015625,-187500.015625,-187500.015625,-25928.828125,0.0
-187500.015625,-187500.015625,-187500.015625,-187500.015625,-187500.015625,-187500.015625,-187500.015625,-25835.1289062,0.0
-187500.015625,-187500.015625,-187500.015625,-187500.015625,-187500.015625,-187500.015625,-187500.015625,-25910.6777344,0.0
-187500.015625,-187500.015625,-187500.015625,-187500.015625,-187500.015625,-187500.015625,-187500.015625,-26021.296875,0.0
-187500.015625,-187500.015625,-187500.015625,-187500.015625,-187500.015625,-187500.015625,-187500.015625,-25957.9746094,0.0
-187500.015625,-187500.015625,-187500.015625,-187500.015625,-187500.015625,-187500.015625,-187500.015625,-25847.9589844,0.0
-187500.015625,-187500.015625,-187500.015625,-187500.015625,-187500.015625,-187500.015625,-187500.015625,-25888.4824219,0.0
-187500.015625,-187500.015625,-187500.015625,-187500.015625,-187500.015625,-187500.015625,-187500.015625,-26006.0527344,0.0
-187500.015625,-187500.015625,-187500.015625,-187500.015625,-187500.015625,-187500.015625,-187500.015625,-25979.0527344,0.0
-187500.015625,-187500.015625,-187500.015625,-187500.015625,-187500.015625,-187500.015625,-187500.015625,-25853.5019531,0.0
-187500.015625,-187500.015625,-187500.015625,-187500.015625,-187500.015625,-187500.015625,-187500.015625,-25866.7128906,0.0
-187500.015625,-187500.015625,-187500.015625,-187500.015625,-187500.015625,-187500.015625,-187500.015625,-25987.8808594,0.0
-187500.015625,-187500.015625,-187500.015625,-187500.015625,-187500.015625,-187500.015625,-187500.015625,-25992.4414062,0.0
-187500.015625,-187500.015625,-187500.015625,-187500.015625,-187500.015625,-187500.015625,-187500.015625,-25862.8457031,0.0
-187500.015625,-187500.015625,-187500.015625,-187500.015625,-187500.015625,-187500.015625,-187500.015625,-25841.3886719,0.0
-187500.015625,-187500.015625,-187500.015625,-187500.015625,-187500.015625,-187500.015625,-187500.015625,-25965.3964844,0.0
-187500.015625,-187500.015625,-187500.015625,-187500.015625,-187500.015625,-187500.015625,-187500.015625,-26003.5957031,0.0
-187500.015625,-187500.015625,-187500.015625,-187500.015625,-187500.015625,-187500.015625,-187500.015625,-25882.515625,0.0
-187500.015625,-187500.015625,-187500.015625,-187500.015625,-187500.015625,-187500.015625,-187500.015625,-25829.0507812,0.0
-187500.015625,-187500.015625,-187500.015625,-187500.015625,-187500.015625,-187500.015625,-187500.015625,-25944.6523438,0.0
-187500.015625,-187500.015625,-187500.015625,-187500.015625,-187500.015625,-187500.015625,-187500.015625,-26011.7089844,0.0
-187500.015625,-187500.015625,-187500.015625,-187500.015625,-187500.015625,-187500.015625,-187500.015625,-25910.3652344,0.0
-187500.015625,-187500.015625,-187500.015625,-187500.015625,-187500.015625,-187500.015625,-187500.015625,-25833.4316406,0.0
-187500.015625,-187500.015625,-187500.015625,-187500.015625,-187500.015625,-187500.015625,-187500.015625,-25928.7382812,0.0
-187500.015625,-187500.015625,-187500.015625,-187500.015625,-187500.015625,-187500.015625,-187500.015625,-26017.6757812,0.0
-187500.015625,-187500.015625,-187500.015625,-187500.015625,-187500.015625,-187500.015625,-187500.015625,-25937.1660156,0.0
-187500.015625,-187500.015625,-187500.015625,-187500.015625,-187500.015625,-187500.015625,-187500.015625,-25846.3046875,0.0
-187500.015625,-187500.015625,-187500.015625,-187500.015625,-187500.015625,-187500.015625,-187500.015625,-25918.0761719,0.0
-187500.015625,-187500.015625,-187500.015625,-187500.015625,-187500.015625,-187500.015625,-187500.015625,-26026.7734375,0.0
-187500.015625,-187500.015625,-187500.015625,-187500.015625,-187500.015625,-187500.015625,-187500.015625,-25964.7246094,0.0
-187500.015625,-187500.015625,-187500.015625,-187500.015625,-187500.015625,-187500.015625,-187500.015625,-25845.8144531,0.0
-187500.015625,-187500.015625,-187500.015625,-187500.015625,-187500.015625,-187500.015625,-187500.015625,-25885.3535156,0.0
-187500.015625,-187500.015625,-187500.015625,-187500.015625,-187500.015625,-187500.015625,-187500.015625,-26011.015625,0.0
-187500.015625,-187500.015625,-187500.015625,-187500.015625,-187500.015625,-187500.015625,-187500.015625,-25989.625,0.0
-187500.015625,-187500.015625,-187500.015625,-187500.015625,-187500.015625,-187500.015625,-187500.015625,-25862.5546875,0.0
-187500.015625,-187500.015625,-187500.015625,-187500.015625,-187500.015625,-187500.015625,-187500.015625,-25868.9023438,0.0
-187500.015625,-187500.015625,-187500.015625,-187500.015625,-187500.015625,-187500.015625,-187500.015625,-25992.21875,0.0
-187500.015625,-187500.015625,-187500.015625,-187500.015625,-187500.015625,-187500.015625,-187500.015625,-25993.7832031,0.0
-187500.015625,-187500.015625,-187500.015625,-187500.015625,-187500.015625,-187500.015625,-187500.015625,-25865.9980469,0.0
-187500.015625,-187500.015625,-187500.015625,-187500.015625,-187500.015625,-187500.015625,-187500.015625,-25840.2929688,0.0
-187500.015625,-187500.015625,-187500.015625,-187500.015625,-187500.015625,-187500.015625,-187500.015625,-25961.953125,0.0
-187500.015625,-187500.015625,-187500.015625,-187500.015625,-187500.015625,-187500.015625,-187500.015625,-26009.0703125,0.0
-187500.015625,-187500.015625,-187500.015625,-187500.015625,-187500.015625,-187500.015625,-187500.015625,-25883.7890625,0.0
-187500.015625,-187500.015625,-187500.015625,-187500.015625,-187500.015625,-187500.015625,-187500.015625,-25822.7011719,0.0
-187500.015625,-187500.015625,-187500.015625,-187500.015625,-187500.015625,-187500.015625,-187500.015625,-25934.4160156,0.0
-187500.015625,-187500.015625,-187500.015625,-187500.015625,-187500.015625,-187500.015625,-187500.015625,-26008.5351562,0.0
-187500.015625,-187500.015625,-187500.015625,-187500.015625,-187500.015625,-187500.015625,-187500.015625,-25912.6894531,0.0
-187500.015625,-187500.015625,-187500.015625,-187500.015625,-187500.015625,-187500.015625,-187500.015625,-25833.6777344,0.0
-187500.015625,-187500.015625,-187500.015625,-187500.015625,-187500.015625,-187500.015625,-187500.015625,-25924.828125,0.0
-187500.015625,-187500.015625,-187500.015625,-187500.015625,-187500.015625,-187500.015625,-187500.015625,-26023.1074219,0.0
-187500.015625,-187500.015625,-187500.015625,-187500.015625,-187500.015625,-187500.015625,-187500.015625,-25956.5898438,0.0
-187500.015625,-187500.015625,-187500.015625,-187500.015625,-187500.015625,-187500.015625,-187500.015625,-25853.546875,0.0
-187500.015625,-187500.015625,-187500.015625,-187500.015625,-187500.015625,-187500.015625,-187500.015625,-25918.546875,0.0
-187500.015625,-187500.015625,-187500.015625,-187500.015625,-187500.015625,-187500.015625,-187500.015625,-26026.796875,0.0
-187500.015625,-187500.015625,-187500.015625,-187500.015625,-187500.015625,-187500.015625,-187500.015625,-25974.9394531,0.0
-187500.015625,-187500.015625,-187500.015625,-187500.015625,-187500.015625,-187500.015625,-187500.015625,-25850.2617188,0.0
-187500.015625,-187500.015625,-187500.015625,-187500.015625,-187500.015625,-187500.015625,-187500.015625,-25884.3027344,0.0
-187500.015625,-187500.015625,-187500.015625,-187500.015625,-187500.015625,-187500.015625,-187500.015625,-26008.0429688,0.0
-187500.015625,-187500.015625,-187500.015625,-187500.015625,-187500.015625,-187500.015625,-187500.015625,-25988.4179688,0.0
-187500.015625,-187500.015625,-187500.015625,-187500.015625,-187500.015625,-187500.015625,-187500.015625,-25864.0976562,0.0
-187500.015625,-187500.015625,-187500.015625,-187500.015625,-187500.015625,-187500.015625,-187500.015625,-25862.6679688,0.0
-187500.015625,-187500.015625,-187500.015625,-187500.015625,-187500.015625,-187500.015625,-187500.015625,-25990.8535156,0.0
-187500.015625,-187500.015625,-187500.015625,-187500.015625,-187500.015625,-187500.015625,-187500.015625,-26006.65625,0.0
-187500.015625,-187500.015625,-187500.015625,-187500.015625,-187500.015625,-187500.015625,-187500.015625,-25877.7089844,0.0
-187500.015625,-187500.015625,-187500.015625,-187500.015625,-187500.015625,-187500.015625,-187500.015625,-25841.3886719,0.0
-187500.015625,-187500.015625,-187500.015625,-187500.015625,-187500.015625,-187500.015625,-187500.015625,-25965.2617188,0.0
-187500.015625,-187500.015625,-187500.015625,-187500.015625,-187500.015625,-187500.015625,-187500.015625,-26012.4238281,0.0
-187500.015625,-187500.015625,-187500.015625,-187500.015625,-187500.015625,-187500.015625,-187500.015625,-25901.9609375,0.0
-187500.015625,-187500.015625,-187500.015625,-187500.015625,-187500.015625,-187500.015625,-187500.015625,-25832.8945312,0.0
-187500.015625,-187500.015625,-187500.015625,-187500.015625,-187500.015625,-187500.015625,-187500.015625,-25937.2988281,0.0
-187500.015625,-187500.015625,-187500.015625,-187500.015625,-187500.015625,-187500.015625,-187500.015625,-26012.0878906,0.0
-187500.015625,-187500.015625,-187500.015625,-187500.015625,-187500.015625,-187500.015625,-187500.015625,-25914.8574219,0.0
-187500.015625,-187500.015625,-187500.015625,-187500.015625,-187500.015625,-187500.015625,-187500.015625,-25826.5234375,0.0
-187500.015625,-187500.015625,-187500.015625,-187500.015625,-187500.015625,-187500.015625,-187500.015625,-25916.4003906,0.0
-187500.015625,-187500.015625,-187500.015625,-187500.015625,-187500.015625,-187500.015625,-187500.015625,-26018.7949219,0.0
-187500.015625,-187500.015625,-187500.015625,-187500.015625,-187500.015625,-187500.015625,-187500.015625,-25947.8945312,0.0
-187500.015625,-187500.015625,-187500.015625,-187500.015625,-187500.015625,-187500.015625,-187500.015625,-25844.5175781,0.0
-187500.015625,-187500.015625,-187500.015625,-187500.015625,-187500.015625,-187500.015625,-187500.015625,-25914.9257812,0.0
-187500.015625,-187500.015625,-187500.015625,-187500.015625,-187500.015625,-187500.015625,-187500.015625,-26031.3339844,0.0
-187500.015625,-187500.015625,-187500.015625,-187500.015625,-187500.015625,-187500.015625,-187500.015625,-25994.2285156,0.0
-187500.015625,-187500.015625,-187500.015625,-187500.015625,-187500.015625,-187500.015625,-187500.015625,-25871.6074219,0.0
-187500.015625,-187500.015625,-187500.015625,-187500.015625,-187500.015625,-187500.015625,-187500.015625,-25889.8242188,0.0
-187500.015625,-187500.015625,-187500.015625,-187500.015625,-187500.015625,-187500.015625,-187500.015625,-26010.8144531,0.0
-187500.015625,-187500.015625,-187500.015625,-187500.015625,-187500.015625,-187500.015625,-187500.015625,-25999.2363281,0.0
-187500.015625,-187500.015625,-187500.015625,-187500.015625,-187500.015625,-187500.015625,-187500.015625,-25873.3515625,0.0
-187500.015625,-187500.015625,-187500.015625,-187500.015625,-187500.015625,-187500.015625,-187500.015625,-25868.9023438,0.0
-187500.015625,-187500.015625,-187500.015625,-187500.015625,-187500.015625,-187500.015625,-187500.015625,-25992.3066406,0.0
-187500.015625,-187500.015625,-187500.015625,-187500.015625,-187500.015625,-187500.015625,-187500.015625,-26009.3847656,0.0
-187500.015625,-187500.015625,-187500.015625,-187500.015625,-187500.015625,-187500.015625,-187500.015625,-25885.6894531,0.0
-187500.015625,-187500.015625,-187500.015625,-187500.015625,-187500.015625,-187500.015625,-187500.015625,-25847.9824219,0.0
-187500.015625,-187500.015625,-187500.015625,-187500.015625,-187500.015625,-187500.015625,-187500.015625,-25963.9199219,0.0
-187500.015625,-187500.015625,-187500.015625,-187500.015625,-187500.015625,-187500.015625,-187500.015625,-26022.3925781,0.0
-187500.015625,-187500.015625,-187500.015625,-187500.015625,-187500.015625,-187500.015625,-187500.015625,-25908.734375,0.0
-187500.015625,-187500.015625,-187500.015625,-187500.015625,-187500.015625,-187500.015625,-187500.015625,-25837.0078125,0.0
-187500.015625,-187500.015625,-187500.015625,-187500.015625,-187500.015625,-187500.015625,-187500.015625,-25935.8691406,0.0
-187500.015625,-187500.015625,-187500.015625,-187500.015625,-187500.015625,-187500.015625,-187500.015625,-26014.390625,0.0
-187500.015625,-187500.015625,-187500.015625,-187500.015625,-187500.015625,-187500.015625,-187500.015625,-25922.5703125,0.0
-187500.015625,-187500.015625,-187500.015625,-187500.015625,-187500.015625,-187500.015625,-187500.015625,-25833.1855469,0.0
-187500.015625,-187500.015625,-187500.015625,-187500.015625,-187500.015625,-187500.015625,-187500.015625,-25915.8632812,0.0
-187500.015625,-187500.015625,-187500.015625,-187500.015625,-187500.015625,-187500.015625,-187500.015625,-26021.2070312,0.0
-187500.015625,-187500.015625,-187500.015625,-187500.015625,-187500.015625,-187500.015625,-187500.015625,-25954.4648438,0.0
-187500.015625,-187500.015625,-187500.015625,-187500.015625,-187500.015625,-187500.015625,-187500.015625,-25845.9023438,0.0
-187500.015625,-187500.015625,-187500.015625,-187500.015625,-187500.015625,-187500.015625,-187500.015625,-25896.484375,0.0
-187500.015625,-187500.015625,-187500.015625,-187500.015625,-187500.015625,-187500.015625,-187500.015625,-26019.8007812,0.0
-187500.015625,-187500.015625,-187500.015625,-187500.015625,-187500.015625,-187500.015625,-187500.015625,-25983.1660156,0.0
-187500.015625,-187500.015625,-187500.015625,-187500.015625,-187500.015625,-187500.015625,-187500.015625,-25860.4550781,0.0
-187500.015625,-187500.015625,-187500.015625,-187500.015625,-187500.015625,-187500.015625,-187500.015625,-25877.7773438,0.0
-187500.015625,-187500.015625,-187500.015625,-187500.015625,-187500.015625,-187500.015625,-187500.015625,-25998.0292969,0.0
-187500.015625,-187500.015625,-187500.015625,-187500.015625,-187500.015625,-187500.015625,-187500.015625,-25986.8300781,0.0
-187500.015625,-187500.015625,-187500.015625,-187500.015625,-187500.015625,-187500.015625,-187500.015625,-25859.4257812,0.0
-187500.015625,-187500.015625,-187500.015625,-187500.015625,-187500.015625,-187500.015625,-187500.015625,-25852.2734375,0.0
-187500.015625,-187500.015625,-187500.015625,-187500.015625,-187500.015625,-187500.015625,-187500.015625,-25978.046875,0.0
-187500.015625,-187500.015625,-187500.015625,-187500.015625,-187500.015625,-187500.015625,-187500.015625,-26005.8964844,0.0
-187500.015625,-187500.015625,-187500.015625,-187500.015625,-187500.015625,-187500.015625,-187500.015625,-25881.4199219,0.0
-187500.015625,-187500.015625,-187500.015625,-187500.015625,-187500.015625,-187500.015625,-187500.015625,-25832.4921875,0.0
-187500.015625,-187500.015625,-187500.015625,-187500.015625,-187500.015625,-187500.015625,-187500.015625,-25952.8789062,0.0
-187500.015625,-187500.015625,-187500.015625,-187500.015625,-187500.015625,-187500.015625,-187500.015625,-26013.6074219,0.0
-187500.015625,-187500.015625,-187500.015625,-187500.015625,-187500.015625,-187500.015625,-187500.015625,-25900.375,0.0
-187500.015625,-187500.015625,-187500.015625,-187500.015625,-187500.015625,-187500.015625,-187500.015625,-25830.078125,0.0
-187500.015625,-187500.015625,-187500.015625,-187500.015625,-187500.015625,-187500.015625,-187500.015625,-25921.609375,0.0
-187500.015625,-187500.015625,-187500.015625,-187500.015625,-187500.015625,-187500.015625,-187500.015625,-26015.4628906,0.0
-187500.015625,-187500.015625,-187500.015625,-187500.015625,-187500.015625,-187500.015625,-187500.015625,-25927.5761719,0.0
-187500.015625,-187500.015625,-187500.015625,-187500.015625,-187500.015625,-187500.015625,-187500.015625,-25826.4121094,0.0
-187500.015625,-187500.015625,-187500.015625,-187500.015625,-187500.015625,-187500.015625,-187500.015625,-25899.4355469,0.0
-187500.015625,-187500.015625,-187500.015625,-187500.015625,-187500.015625,-187500.015625,-187500.015625,-26012.4902344,0.0
-187500.015625,-187500.015625,-187500.015625,-187500.015625,-187500.015625,-187500.015625,-187500.015625,-25955.046875,0.0
-187500.015625,-187500.015625,-187500.015625,-187500.015625,-187500.015625,-187500.015625,-187500.015625,-25834.5253906,0.0
-187500.015625,-187500.015625,-187500.015625,-187500.015625,-187500.015625,-187500.015625,-187500.015625,-25887.7675781,0.0
-187500.015625,-187500.015625,-187500.015625,-187500.015625,-187500.015625,-187500.015625,-187500.015625,-26009.1386719,0.0
-187500.015625,-187500.015625,-187500.015625,-187500.015625,-187500.015625,-187500.015625,-187500.015625,-25972.4140625,0.0
-187500.015625,-187500.015625,-187500.015625,-187500.015625,-187500.015625,-187500.015625,-187500.015625,-25847.9824219,0.0
-187500.015625,-187500.015625,-187500.015625,-187500.015625,-187500.015625,-187500.015625,-187500.015625,-25864.3652344,0.0
-187500.015625,-187500.015625,-187500.015625,-187500.015625,-187500.015625,-187500.015625,-187500.015625,-25985.9589844,0.0
-187500.015625,-187500.015625,-187500.015625,-187500.015625,-187500.015625,-187500.015625,-187500.015625,-25986.3613281,0.0
-187500.015625,-187500.015625,-187500.015625,-187500.015625,-187500.015625,-187500.015625,-187500.015625,-25861.4609375,0.0
-187500.015625,-187500.015625,-187500.015625,-187500.015625,-187500.015625,-187500.015625,-187500.015625,-25847.3554688,0.0
-187500.015625,-187500.015625,-187500.015625,-187500.015625,-187500.015625,-187500.015625,-187500.015625,-25973.3085938,0.0
-187500.015625,-187500.015625,-187500.015625,-187500.015625,-187500.015625,-187500.015625,-187500.015625,-26003.2363281,0.0
-187500.015625,-187500.015625,-187500.015625,-187500.015625,-187500.015625,-187500.015625,-187500.015625,-25884.6621094,0.0
-187500.015625,-187500.015625,-187500.015625,-187500.015625,-187500.015625,-187500.015625,-187500.015625,-25834.6835938,0.0
-187500.015625,-187500.015625,-187500.015625,-187500.015625,-187500.015625,-187500.015625,-187500.015625,-25947.7148438,0.0
-187500.015625,-187500.015625,-187500.015625,-187500.015625,-187500.015625,-187500.015625,-187500.015625,-26011.8652344,0.0
-187500.015625,-187500.015625,-187500.015625,-187500.015625,-187500.015625,-187500.015625,-187500.015625,-25904.7109375,0.0
-187500.015625,-187500.015625,-187500.015625,-187500.015625,-187500.015625,-187500.015625,-187500.015625,-25830.5019531,0.0
-187500.015625,-187500.015625,-187500.015625,-187500.015625,-187500.015625,-187500.015625,-187500.015625,-25924.8945312,0.0
-187500.015625,-187500.015625,-187500.015625,-187500.015625,-187500.015625,-187500.015625,-187500.015625,-26009.0039062,0.0
-187500.015625,-187500.015625,-187500.015625,-187500.015625,-187500.015625,-187500.015625,-187500.015625,-25929.296875,0.0
-187500.015625,-187500.015625,-187500.015625,-187500.015625,-187500.015625,-187500.015625,-187500.015625,-25828.4238281,0.0
-187500.015625,-187500.015625,-187500.015625,-187500.015625,-187500.015625,-187500.015625,-187500.015625,-25900.7773438,0.0
-187500.015625,-187500.015625,-187500.015625,-187500.015625,-187500.015625,-187500.015625,-187500.015625,-26010.8808594,0.0
-187500.015625,-187500.015625,-187500.015625,-187500.015625,-187500.015625,-187500.015625,-187500.015625,-25956.9921875,0.0
-187500.015625,-187500.015625,-187500.015625,-187500.015625,-187500.015625,-187500.015625,-187500.015625,-25839.2871094,0.0
-187500.015625,-187500.015625,-187500.015625,-187500.015625,-187500.015625,-187500.015625,-187500.015625,-25879.6757812,0.0
-187500.015625,-187500.015625,-187500.015625,-187500.015625,-187500.015625,-187500.015625,-187500.015625,-26004.3320312,0.0
-187500.015625,-187500.015625,-187500.015625,-187500.015625,-187500.015625,-187500.015625,-187500.015625,-25985.8476562,0.0
-187500.015625,-187500.015625,-187500.015625,-187500.015625,-187500.015625,-187500.015625,-187500.015625,-25861.6621094,0.0
-187500.015625,-187500.015625,-187500.015625,-187500.015625,-187500.015625,-187500.015625,-187500.015625,-25870.2441406,0.0
-187500.015625,-187500.015625,-187500.015625,-187500.015625,-187500.015625,-187500.015625,-187500.015625,-25994.7207031,0.0
-187500.015625,-187500.015625,-187500.015625,-187500.015625,-187500.015625,-187500.015625,-187500.015625,-25998.140625,0.0
-187500.015625,-187500.015625,-187500.015625,-187500.015625,-187500.015625,-187500.015625,-187500.015625,-25874.4238281,0.0
-187500.015625,-187500.015625,-187500.015625,-187500.015625,-187500.015625,-187500.015625,-187500.015625,-25850.8886719,0.0
-187500.015625,-187500.015625,-187500.015625,-187500.015625,-187500.015625,-187500.015625,-187500.015625,-25974.7832031,0.0
-187500.015625,-187500.015625,-187500.015625,-187500.015625,-187500.015625,-187500.015625,-187500.015625,-26012.1328125,0.0
-187500.015625,-187500.015625,-187500.015625,-187500.015625,-187500.015625,-187500.015625,-187500.015625,-25883.9453125,0.0
-187500.015625,-187500.015625,-187500.015625,-187500.015625,-187500.015625,-187500.015625,-187500.015625,-25826.5683594,0.0
-187500.015625,-187500.015625,-187500.015625,-187500.015625,-187500.015625,-187500.015625,-187500.015625,-25938.328125,0.0
-187500.015625,-187500.015625,-187500.015625,-187500.015625,-187500.015625,-187500.015625,-187500.015625,-26001.3144531,0.0
-187500.015625,-187500.015625,-187500.015625,-187500.015625,-187500.015625,-187500.015625,-187500.015625,-25898.3632812,0.0
-187500.015625,-187500.015625,-187500.015625,-187500.015625,-187500.015625,-187500.015625,-187500.015625,-25818.9238281,0.0
-187500.015625,-187500.015625,-187500.015625,-187500.015625,-187500.015625,-187500.015625,-187500.015625,-25909.4277344,0.0
-187500.015625,-187500.015625,-187500.015625,-187500.015625,-187500.015625,-187500.015625,-187500.015625,-26002.9238281,0.0
-187500.015625,-187500.015625,-187500.015625,-187500.015625,-187500.015625,-187500.015625,-187500.015625,-25926.5253906,0.0
-187500.015625,-187500.015625,-187500.015625,-187500.015625,-187500.015625,-187500.015625,-187500.015625,-25824.109375,0.0
-187500.015625,-187500.015625,-187500.015625,-187500.015625,-187500.015625,-187500.015625,-187500.015625,-25890.2050781,0.0
-187500.015625,-187500.015625,-187500.015625,-187500.015625,-187500.015625,-187500.015625,-187500.015625,-25999.125,0.0
-187500.015625,-187500.015625,-187500.015625,-187500.015625,-187500.015625,-187500.015625,-187500.015625,-25948.296875,0.0
-187500.015625,-187500.015625,-187500.015625,-187500.015625,-187500.015625,-187500.015625,-187500.015625,-25834.5253906,0.0
-187500.015625,-187500.015625,-187500.015625,-187500.015625,-187500.015625,-187500.015625,-187500.015625,-25867.2050781,0.0
-187500.015625,-187500.015625,-187500.015625,-187500.015625,-187500.015625,-187500.015625,-187500.015625,-25992.4628906,0.0
-187500.015625,-187500.015625,-187500.015625,-187500.015625,-187500.015625,-187500.015625,-187500.015625,-25979.34375,0.0
-187500.015625,-187500.015625,-187500.015625,-187500.015625,-187500.015625,-187500.015625,-187500.015625,-25851.0449219,0.0
-187500.015625,-187500.015625,-187500.015625,-187500.015625,-187500.015625,-187500.015625,-187500.015625,-25847.9140625,0.0
-187500.015625,-187500.015625,-187500.015625,-187500.015625,-187500.015625,-187500.015625,-187500.015625,-25975.7675781,0.0
-187500.015625,-187500.015625,-187500.015625,-187500.015625,-187500.015625,-187500.015625,-187500.015625,-25988.3515625,0.0
-187500.015625,-187500.015625,-187500.015625,-187500.015625,-187500.015625,-187500.015625,-187500.015625,-25862.8007812,0.0
-187500.015625,-187500.015625,-187500.015625,-187500.015625,-187500.015625,-187500.015625,-187500.015625,-25835.5761719,0.0
-187500.015625,-187500.015625,-187500.015625,-187500.015625,-187500.015625,-187500.015625,-187500.015625,-25952.0078125,0.0
-187500.015625,-187500.015625,-187500.015625,-187500.015625,-187500.015625,-187500.015625,-187500.015625,-25992.1289062,0.0
-187500.015625,-187500.015625,-187500.015625,-187500.015625,-187500.015625,-187500.015625,-187500.015625,-25873.8203125,0.0
-187500.015625,-187500.015625,-187500.015625,-187500.015625,-187500.015625,-187500.015625,-187500.015625,-25811.3925781,0.0
-187500.015625,-187500.015625,-187500.015625,-187500.015625,-187500.015625,-187500.015625,-187500.015625,-25917.4511719,0.0
-187500.015625,-187500.015625,-187500.015625,-187500.015625,-187500.015625,-187500.015625,-187500.015625,-25989.6914062,0.0
-187500.015625,-187500.015625,-187500.015625,-187500.015625,-187500.015625,-187500.015625,-187500.015625,-25896.5527344,0.0
-187500.015625,-187500.015625,-187500.015625,-187500.015625,-187500.015625,-187500.015625,-187500.015625,-25810.6777344,0.0
-187500.015625,-187500.015625,-187500.015625,-187500.015625,-187500.015625,-187500.015625,-187500.015625,-25895.0761719,0.0
-187500.015625,-187500.015625,-187500.015625,-187500.015625,-187500.015625,-187500.015625,-187500.015625,-26001.8964844,0.0
-187500.015625,-187500.015625,-187500.015625,-187500.015625,-187500.015625,-187500.015625,-187500.015625,-25924.2910156,0.0
-187500.015625,-187500.015625,-187500.015625,-187500.015625,-187500.015625,-187500.015625,-187500.015625,-25818.9023438,0.0
-187500.015625,-187500.015625,-187500.015625,-187500.015625,-187500.015625,-187500.015625,-187500.015625,-25884.0351562,0.0
-187500.015625,-187500.015625,-187500.015625,-187500.015625,-187500.015625,-187500.015625,-187500.015625,-26004.9589844,0.0
-187500.015625,-187500.015625,-187500.015625,-187500.015625,-187500.015625,-187500.015625,-187500.015625,-25960.5,0.0
-187500.015625,-187500.015625,-187500.015625,-187500.015625,-187500.015625,-187500.015625,-187500.015625,-25840.4492188,0.0
-187500.015625,-187500.015625,-187500.015625,-187500.015625,-187500.015625,-187500.015625,-187500.015625,-25869.5957031,0.0
-187500.015625,-187500.015625,-187500.015625,-187500.015625,-187500.015625,-187500.015625,-187500.015625,-25990.5195312,0.0
-187500.015625,-187500.015625,-187500.015625,-187500.015625,-187500.015625,-187500.015625,-187500.015625,-25976.5488281,0.0
-187500.015625,-187500.015625,-187500.015625,-187500.015625,-187500.015625,-187500.015625,-187500.015625,-25855.8730469,0.0
-187500.015625,-187500.015625,-187500.015625,-187500.015625,-187500.015625,-187500.015625,-187500.015625,-25856.2753906,0.0
-187500.015625,-187500.015625,-187500.015625,-187500.015625,-187500.015625,-187500.015625,-187500.015625,-25980.5722656,0.0
-187500.015625,-187500.015625,-187500.015625,-187500.015625,-187500.015625,-187500.015625,-187500.015625,-25993.9394531,0.0
-187500.015625,-187500.015625,-187500.015625,-187500.015625,-187500.015625,-187500.015625,-187500.015625,-25867.2714844,0.0
-187500.015625,-187500.015625,-187500.015625,-187500.015625,-187500.015625,-187500.015625,-187500.015625,-25833.9453125,0.0
-187500.015625,-187500.015625,-187500.015625,-187500.015625,-187500.015625,-187500.015625,-187500.015625,-25949.078125,0.0
-187500.015625,-187500.015625,-187500.015625,-187500.015625,-187500.015625,-187500.015625,-187500.015625,-25996.3300781,0.0
-187500.015625,-187500.015625,-187500.015625,-187500.015625,-187500.015625,-187500.015625,-187500.015625,-25883.4101562,0.0
-187500.015625,-187500.015625,-187500.015625,-187500.015625,-187500.015625,-187500.015625,-187500.015625,-25816.3085938,0.0
-187500.015625,-187500.015625,-187500.015625,-187500.015625,-187500.015625,-187500.015625,-187500.015625,-25916.9824219,0.0
-187500.015625,-187500.015625,-187500.015625,-187500.015625,-187500.015625,-187500.015625,-187500.015625,-25994.6757812,0.0
-187500.015625,-187500.015625,-187500.015625,-187500.015625,-187500.015625,-187500.015625,-187500.015625,-25899.1679688,0.0
-187500.015625,-187500.015625,-187500.015625,-187500.015625,-187500.015625,-187500.015625,-187500.015625,-25808.4414062,0.0
-187500.015625,-187500.015625,-187500.015625,-187500.015625,-187500.015625,-187500.015625,-187500.015625,-25896.8652344,0.0
-187500.015625,-187500.015625,-187500.015625,-187500.015625,-187500.015625,-187500.015625,-187500.015625,-26006.3222656,0.0
-187500.015625,-187500.015625,-187500.015625,-187500.015625,-187500.015625,-187500.015625,-187500.015625,-25942.4628906,0.0
-187500.015625,-187500.015625,-187500.015625,-187500.015625,-187500.015625,-187500.015625,-187500.015625,-25830.8164062,0.0
-187500.015625,-187500.015625,-187500.015625,-187500.015625,-187500.015625,-187500.015625,-187500.015625,-25883.9238281,0.0
-187500.015625,-187500.015625,-187500.015625,-187500.015625,-187500.015625,-187500.015625,-187500.015625,-25999.3027344,0.0
-187500.015625,-187500.015625,-187500.015625,-187500.015625,-187500.015625,-187500.015625,-187500.015625,-25960.2539062,0.0
-187500.015625,-187500.015625,-187500.015625,-187500.015625,-187500.015625,-187500.015625,-187500.015625,-25841.5898438,0.0
-187500.015625,-187500.015625,-187500.015625,-187500.015625,-187500.015625,-187500.015625,-187500.015625,-25867.1367188,0.0
-187500.015625,-187500.015625,-187500.015625,-187500.015625,-187500.015625,-187500.015625,-187500.015625,-25991.8378906,0.0
-187500.015625,-187500.015625,-187500.015625,-187500.015625,-187500.015625,-187500.015625,-187500.015625,-25976.5488281,0.0
-187500.015625,-187500.015625,-187500.015625,-187500.015625,-187500.015625,-187500.015625,-187500.015625,-25851.6035156,0.0
-187500.015625,-187500.015625,-187500.015625,-187500.015625,-187500.015625,-187500.015625,-187500.015625,-25846.8652344,0.0
-187500.015625,-187500.015625,-187500.015625,-187500.015625,-187500.015625,-187500.015625,-187500.015625,-25964.3457031,0.0
-187500.015625,-187500.015625,-187500.015625,-187500.015625,-187500.015625,-187500.015625,-187500.015625,-25988.4179688,0.0
-187500.015625,-187500.015625,-187500.015625,-187500.015625,-187500.015625,-187500.015625,-187500.015625,-25867.7636719,0.0
-187500.015625,-187500.015625,-187500.015625,-187500.015625,-187500.015625,-187500.015625,-187500.015625,-25818.65625,0.0
-187500.015625,-187500.015625,-187500.015625,-187500.015625,-187500.015625,-187500.015625,-187500.015625,-25930.59375,0.0
-187500.015625,-187500.015625,-187500.015625,-187500.015625,-187500.015625,-187500.015625,-187500.015625,-25995.0332031,0.0
-187500.015625,-187500.015625,-187500.015625,-187500.015625,-187500.015625,-187500.015625,-187500.015625,-25877.7988281,0.0
-187500.015625,-187500.015625,-187500.015625,-187500.015625,-187500.015625,-187500.015625,-187500.015625,-25806.453125,0.0
-187500.015625,-187500.015625,-187500.015625,-187500.015625,-187500.015625,-187500.015625,-187500.015625,-25913.3613281,0.0
-187500.015625,-187500.015625,-187500.015625,-187500.015625,-187500.015625,-187500.015625,-187500.015625,-26003.0585938,0.0
-187500.015625,-187500.015625,-187500.015625,-187500.015625,-187500.015625,-187500.015625,-187500.015625,-25907.2597656,0.0
-187500.015625,-187500.015625,-187500.015625,-187500.015625,-187500.015625,-187500.015625,-187500.015625,-25812.1074219,0.0
-187500.015625,-187500.015625,-187500.015625,-187500.015625,-187500.015625,-187500.015625,-187500.015625,-25894.5410156,0.0
-187500.015625,-187500.015625,-187500.015625,-187500.015625,-187500.015625,-187500.015625,-187500.015625,-26007.0585938,0.0
-187500.015625,-187500.015625,-187500.015625,-187500.015625,-187500.015625,-187500.015625,-187500.015625,-25946.1054688,0.0
-187500.015625,-187500.015625,-187500.015625,-187500.015625,-187500.015625,-187500.015625,-187500.015625,-25837.2089844,0.0
-187500.015625,-187500.015625,-187500.015625,-187500.015625,-187500.015625,-187500.015625,-187500.015625,-25884.7050781,0.0
-187500.015625,-187500.015625,-187500.015625,-187500.015625,-187500.015625,-187500.015625,-187500.015625,-26004.1757812,0.0
-187500.015625,-187500.015625,-187500.015625,-187500.015625,-187500.015625,-187500.015625,-187500.015625,-25970.8710938,0.0
-187500.015625,-187500.015625,-187500.015625,-187500.015625,-187500.015625,-187500.015625,-187500.015625,-25841.7910156,0.0
-187500.015625,-187500.015625,-187500.015625,-187500.015625,-187500.015625,-187500.015625,-187500.015625,-25855.2246094,0.0
-187500.015625,-187500.015625,-187500.015625,-187500.015625,-187500.015625,-187500.015625,-187500.015625,-25987.1660156,0.0
-187500.015625,-187500.015625,-187500.015625,-187500.015625,-187500.015625,-187500.015625,-187500.015625,-25987.0761719,0.0
-187500.015625,-187500.015625,-187500.015625,-187500.015625,-187500.015625,-187500.015625,-187500.015625,-25857.2363281,0.0
-187500.015625,-187500.015625,-187500.015625,-187500.015625,-187500.015625,-187500.015625,-187500.015625,-25846.2167969,0.0
-187500.015625,-187500.015625,-187500.015625,-187500.015625,-187500.015625,-187500.015625,-187500.015625,-25973.6875,0.0
-187500.015625,-187500.015625,-187500.015625,-187500.015625,-187500.015625,-187500.015625,-187500.015625,-25997.4257812,0.0
-187500.015625,-187500.015625,-187500.015625,-187500.015625,-187500.015625,-187500.015625,-187500.015625,-25873.9550781,0.0
-187500.015625,-187500.015625,-187500.015625,-187500.015625,-187500.015625,-187500.015625,-187500.015625,-25828.2675781,0.0
-187500.015625,-187500.015625,-187500.015625,-187500.015625,-187500.015625,-187500.015625,-187500.015625,-25939.4902344,0.0
-187500.015625,-187500.015625,-187500.015625,-187500.015625,-187500.015625,-187500.015625,-187500.015625,-26000.9355469,0.0
-187500.015625,-187500.015625,-187500.015625,-187500.015625,-187500.015625,-187500.015625,-187500.015625,-25899.7714844,0.0
-187500.015625,-187500.015625,-187500.015625,-187500.015625,-187500.015625,-187500.015625,-187500.015625,-25820.2207031,0.0
-187500.015625,-187500.015625,-187500.015625,-187500.015625,-187500.015625,-187500.015625,-187500.015625,-25914.9707031,0.0
-187500.015625,-187500.015625,-187500.015625,-187500.015625,-187500.015625,-187500.015625,-187500.015625,-26003.5058594,0.0
-187500.015625,-187500.015625,-187500.015625,-187500.015625,-187500.015625,-187500.015625,-187500.015625,-25914.0761719,0.0
-187500.015625,-187500.015625,-187500.015625,-187500.015625,-187500.015625,-187500.015625,-187500.015625,-25814.5878906,0.0
-187500.015625,-187500.015625,-187500.015625,-187500.015625,-187500.015625,-187500.015625,-187500.015625,-25889.4003906,0.0
-187500.015625,-187500.015625,-187500.015625,-187500.015625,-187500.015625,-187500.015625,-187500.015625,-25995.5488281,0.0
-187500.015625,-187500.015625,-187500.015625,-187500.015625,-187500.015625,-187500.015625,-187500.015625,-25939.9589844,0.0
-187500.015625,-187500.015625,-187500.015625,-187500.015625,-187500.015625,-187500.015625,-187500.015625,-25825.6972656,0.0
-187500.015625,-187500.015625,-187500.015625,-187500.015625,-187500.015625,-187500.015625,-187500.015625,-25866.734375,0.0
-187500.015625,-187500.015625,-187500.015625,-187500.015625,-187500.015625,-187500.015625,-187500.015625,-25991.5917969,0.0
-187500.015625,-187500.015625,-187500.015625,-187500.015625,-187500.015625,-187500.015625,-187500.015625,-25971.921875,0.0
-187500.015625,-187500.015625,-187500.015625,-187500.015625,-187500.015625,-187500.015625,-187500.015625,-25843.2890625,0.0
-187500.015625,-187500.015625,-187500.015625,-187500.015625,-187500.015625,-187500.015625,-187500.015625,-25848.6308594,0.0
-187500.015625,-187500.015625,-187500.015625,-187500.015625,-187500.015625,-187500.015625,-187500.015625,-25978.1582031,0.0
-187500.015625,-187500.015625,-187500.015625,-187500.015625,-187500.015625,-187500.015625,-187500.015625,-25988.015625,0.0
-187500.015625,-187500.015625,-187500.015625,-187500.015625,-187500.015625,-187500.015625,-187500.015625,-25861.125,0.0
-187500.015625,-187500.015625,-187500.015625,-187500.015625,-187500.015625,-187500.015625,-187500.015625,-25835.6210938,0.0
-187500.015625,-187500.015625,-187500.015625,-187500.015625,-187500.015625,-187500.015625,-187500.015625,-25959.1601562,0.0
-187500.015625,-187500.015625,-187500.015625,-187500.015625,-187500.015625,-187500.015625,-187500.015625,-25999.9511719,0.0
-187500.015625,-187500.015625,-187500.015625,-187500.015625,-187500.015625,-187500.015625,-187500.015625,-25874.5585938,0.0
-187500.015625,-187500.015625,-187500.015625,-187500.015625,-187500.015625,-187500.015625,-187500.015625,-25818.0527344,0.0
-187500.015625,-187500.015625,-187500.015625,-187500.015625,-187500.015625,-187500.015625,-187500.015625,-25933.1425781,0.0
-187500.015625,-187500.015625,-187500.015625,-187500.015625,-187500.015625,-187500.015625,-187500.015625,-26003.8183594,0.0
-187500.015625,-187500.015625,-187500.015625,-187500.015625,-187500.015625,-187500.015625,-187500.015625,-25894.0703125,0.0
-187500.015625,-187500.015625,-187500.015625,-187500.015625,-187500.015625,-187500.015625,-187500.015625,-25810.0957031,0.0
-187500.015625,-187500.015625,-187500.015625,-187500.015625,-187500.015625,-187500.015625,-187500.015625,-25898.9667969,0.0
-187500.015625,-187500.015625,-187500.015625,-187500.015625,-187500.015625,-187500.015625,-187500.015625,-25996.7324219,0.0
-187500.015625,-187500.015625,-187500.015625,-187500.015625,-187500.015625,-187500.015625,-187500.015625,-25919.3515625,0.0
-187500.015625,-187500.015625,-187500.015625,-187500.015625,-187500.015625,-187500.015625,-187500.015625,-25815.8398438,0.0
-187500.015625,-187500.015625,-187500.015625,-187500.015625,-187500.015625,-187500.015625,-187500.015625,-25884.8183594,0.0
-187500.015625,-187500.015625,-187500.015625,-187500.015625,-187500.015625,-187500.015625,-187500.015625,-25995.5488281,0.0
-187500.015625,-187500.015625,-187500.015625,-187500.015625,-187500.015625,-187500.015625,-187500.015625,-25942.015625,0.0
-187500.015625,-187500.015625,-187500.015625,-187500.015625,-187500.015625,-187500.015625,-187500.015625,-25819.3710938,0.0
-187500.015625,-187500.015625,-187500.015625,-187500.015625,-187500.015625,-187500.015625,-187500.015625,-25859.2246094,0.0
-187500.015625,-187500.015625,-187500.015625,-187500.015625,-187500.015625,-187500.015625,-187500.015625,-25987.2558594,0.0
-187500.015625,-187500.015625,-187500.015625,-187500.015625,-187500.015625,-187500.015625,-187500.015625,-25967.7421875,0.0
-187500.015625,-187500.015625,-187500.015625,-187500.015625,-187500.015625,-187500.015625,-187500.015625,-25841.2773438,0.0
-187500.015625,-187500.015625,-187500.015625,-187500.015625,-187500.015625,-187500.015625,-187500.015625,-25845.9257812,0.0
-187500.015625,-187500.015625,-187500.015625,-187500.015625,-187500.015625,-187500.015625,-187500.015625,-25975.5429688,0.0
-187500.015625,-187500.015625,-187500.015625,-187500.015625,-187500.015625,-187500.015625,-187500.015625,-25991.6582031,0.0
-187500.015625,-187500.015625,-187500.015625,-187500.015625,-187500.015625,-187500.015625,-187500.015625,-25869.7753906,0.0
-187500.015625,-187500.015625,-187500.015625,-187500.015625,-187500.015625,-187500.015625,-187500.015625,-25837.6113281,0.0
-187500.015625,-187500.015625,-187500.015625,-187500.015625,-187500.015625,-187500.015625,-187500.015625,-25957.5957031,0.0
-187500.015625,-187500.015625,-187500.015625,-187500.015625,-187500.015625,-187500.015625,-187500.015625,-25998.6777344,0.0
-187500.015625,-187500.015625,-187500.015625,-187500.015625,-187500.015625,-187500.015625,-187500.015625,-25880.8828125,0.0
-187500.015625,-187500.015625,-187500.015625,-187500.015625,-187500.015625,-187500.015625,-187500.015625,-25819.0820312,0.0
-187500.015625,-187500.015625,-187500.015625,-187500.015625,-187500.015625,-187500.015625,-187500.015625,-25934.4609375,0.0
-187500.015625,-187500.015625,-187500.015625,-187500.015625,-187500.015625,-187500.015625,-187500.015625,-26006.0097656,0.0
-187500.015625,-187500.015625,-187500.015625,-187500.015625,-187500.015625,-187500.015625,-187500.015625,-25902.1621094,0.0
-187500.015625,-187500.015625,-187500.015625,-187500.015625,-187500.015625,-187500.015625,-187500.015625,-25815.3476562,0.0
-187500.015625,-187500.015625,-187500.015625,-187500.015625,-187500.015625,-187500.015625,-187500.015625,-25898.4296875,0.0
-187500.015625,-187500.015625,-187500.015625,-187500.015625,-187500.015625,-187500.015625,-187500.015625,-25995.0566406,0.0
-187500.015625,-187500.015625,-187500.015625,-187500.015625,-187500.015625,-187500.015625,-187500.015625,-25922.6816406,0.0
-187500.015625,-187500.015625,-187500.015625,-187500.015625,-187500.015625,-187500.015625,-187500.015625,-25820.0429688,0.0
-187500.015625,-187500.015625,-187500.015625,-187500.015625,-187500.015625,-187500.015625,-187500.015625,-25878.9609375,0.0
-187500.015625,-187500.015625,-187500.015625,-187500.015625,-187500.015625,-187500.015625,-187500.015625,-25997.1796875,0.0
-187500.015625,-187500.015625,-187500.015625,-187500.015625,-187500.015625,-187500.015625,-187500.015625,-25957.3496094,0.0
-187500.015625,-187500.015625,-187500.015625,-187500.015625,-187500.015625,-187500.015625,-187500.015625,-25831.21875,0.0
-187500.015625,-187500.015625,-187500.015625,-187500.015625,-187500.015625,-187500.015625,-187500.015625,-25863.8300781,0.0
-187500.015625,-187500.015625,-187500.015625,-187500.015625,-187500.015625,-187500.015625,-187500.015625,-25995.1679688,0.0
-187500.015625,-187500.015625,-187500.015625,-187500.015625,-187500.015625,-187500.015625,-187500.015625,-25973.375,0.0
-187500.015625,-187500.015625,-187500.015625,-187500.015625,-187500.015625,-187500.015625,-187500.015625,-25841.34375,0.0
-187500.015625,-187500.015625,-187500.015625,-187500.015625,-187500.015625,-187500.015625,-187500.015625,-25839.1074219,0.0
-187500.015625,-187500.015625,-187500.015625,-187500.015625,-187500.015625,-187500.015625,-187500.015625,-25968.7929688,0.0
-187500.015625,-187500.015625,-187500.015625,-187500.015625,-187500.015625,-187500.015625,-187500.015625,-25992.6640625,0.0
-187500.015625,-187500.015625,-187500.015625,-187500.015625,-187500.015625,-187500.015625,-187500.015625,-25874.1113281,0.0
-187500.015625,-187500.015625,-187500.015625,-187500.015625,-187500.015625,-187500.015625,-187500.015625,-25840.4726562,0.0
-187500.015625,-187500.015625,-187500.015625,-187500.015625,-187500.015625,-187500.015625,-187500.015625,-25965.9316406,0.0
-187500.015625,-187500.015625,-187500.015625,-187500.015625,-187500.015625,-187500.015625,-187500.015625,-26015.4628906,0.0
-187500.015625,-187500.015625,-187500.015625,-187500.015625,-187500.015625,-187500.015625,-187500.015625,-25899.0117188,0.0
-187500.015625,-187500.015625,-187500.015625,-187500.015625,-187500.015625,-187500.015625,-187500.015625,-25834.4375,0.0
-187500.015625,-187500.015625,-187500.015625,-187500.015625,-187500.015625,-187500.015625,-187500.015625,-25934.9980469,0.0
-187500.015625,-187500.015625,-187500.015625,-187500.015625,-187500.015625,-187500.015625,-187500.015625,-26015.3964844,0.0
-187500.015625,-187500.015625,-187500.015625,-187500.015625,-187500.015625,-187500.015625,-187500.015625,-25921.5644531,0.0
-187500.015625,-187500.015625,-187500.015625,-187500.015625,-187500.015625,-187500.015625,-187500.015625,-25831.4863281,0.0
-187500.015625,-187500.015625,-187500.015625,-187500.015625,-187500.015625,-187500.015625,-187500.015625,-25912.4667969,0.0
-187500.015625,-187500.015625,-187500.015625,-187500.015625,-187500.015625,-187500.015625,-187500.015625,-26006.1210938,0.0
-187500.015625,-187500.015625,-187500.015625,-187500.015625,-187500.015625,-187500.015625,-187500.015625,-25932.515625,0.0
-187500.015625,-187500.015625,-187500.015625,-187500.015625,-187500.015625,-187500.015625,-187500.015625,-25816.578125,0.0
-187500.015625,-187500.015625,-187500.015625,-187500.015625,-187500.015625,-187500.015625,-187500.015625,-25871.2285156,0.0
-187500.015625,-187500.015625,-187500.015625,-187500.015625,-187500.015625,-187500.015625,-187500.015625,-25990.8105469,0.0
-187500.015625,-187500.015625,-187500.015625,-187500.015625,-187500.015625,-187500.015625,-187500.015625,-25955.8515625,0.0
-187500.015625,-187500.015625,-187500.015625,-187500.015625,-187500.015625,-187500.015625,-187500.015625,-25835.0859375,0.0
-187500.015625,-187500.015625,-187500.015625,-187500.015625,-187500.015625,-187500.015625,-187500.015625,-25860.8789062,0.0
-187500.015625,-187500.015625,-187500.015625,-187500.015625,-187500.015625,-187500.015625,-187500.015625,-25987.7246094,0.0
-187500.015625,-187500.015625,-187500.015625,-187500.015625,-187500.015625,-187500.015625,-187500.015625,-25980.7285156,0.0
-187500.015625,-187500.015625,-187500.015625,-187500.015625,-187500.015625,-187500.015625,-187500.015625,-25851.8710938,0.0
-187500.015625,-187500.015625,-187500.015625,-187500.015625,-187500.015625,-187500.015625,-187500.015625,-25843.109375,0.0
-187500.015625,-187500.015625,-187500.015625,-187500.015625,-187500.015625,-187500.015625,-187500.015625,-25971.140625,0.0
-187500.015625,-187500.015625,-187500.015625,-187500.015625,-187500.015625,-187500.015625,-187500.015625,-26000.9804688,0.0
-187500.015625,-187500.015625,-187500.015625,-187500.015625,-187500.015625,-187500.015625,-187500.015625,-25874.6035156,0.0
-187500.015625,-187500.015625,-187500.015625,-187500.015625,-187500.015625,-187500.015625,-187500.015625,-25831.6660156,0.0
-187500.015625,-187500.015625,-187500.015625,-187500.015625,-187500.015625,-187500.015625,-187500.015625,-25953.1699219,0.0
-187500.015625,-187500.015625,-187500.015625,-187500.015625,-187500.015625,-187500.015625,-187500.015625,-26001.7167969,0.0
-187500.015625,-187500.015625,-187500.015625,-187500.015625,-187500.015625,-187500.015625,-187500.015625,-25888.796875,0.0
-187500.015625,-187500.015625,-187500.015625,-187500.015625,-187500.015625,-187500.015625,-187500.015625,-25813.3359375,0.0
-187500.015625,-187500.015625,-187500.015625,-187500.015625,-187500.015625,-187500.015625,-187500.015625,-25916.4453125,0.0
-187500.015625,-187500.015625,-187500.015625,-187500.015625,-187500.015625,-187500.015625,-187500.015625,-26007.796875,0.0
-187500.015625,-187500.015625,-187500.015625,-187500.015625,-187500.015625,-187500.015625,-187500.015625,-25920.0,0.0
-187500.015625,-187500.015625,-187500.015625,-187500.015625,-187500.015625,-187500.015625,-187500.015625,-25819.2597656,0.0
-187500.015625,-187500.015625,-187500.015625,-187500.015625,-187500.015625,-187500.015625,-187500.015625,-25894.8085938,0.0
-187500.015625,-187500.015625,-187500.015625,-187500.015625,-187500.015625,-187500.015625,-187500.015625,-26002.2988281,0.0
-187500.015625,-187500.015625,-187500.015625,-187500.015625,-187500.015625,-187500.015625,-187500.015625,-25934.0136719,0.0
-187500.015625,-187500.015625,-187500.015625,-187500.015625,-187500.015625,-187500.015625,-187500.015625,-25823.1035156,0.0
-187500.015625,-187500.015625,-187500.015625,-187500.015625,-187500.015625,-187500.015625,-187500.015625,-25870.2890625,0.0
-187500.015625,-187500.015625,-187500.015625,-187500.015625,-187500.015625,-187500.015625,-187500.015625,-25992.5976562,0.0
-187500.015625,-187500.015625,-187500.015625,-187500.015625,-187500.015625,-187500.015625,-187500.015625,-25959.0253906,0.0
-187500.015625,-187500.015625,-187500.015625,-187500.015625,-187500.015625,-187500.015625,-187500.015625,-25833.296875,0.0
-187500.015625,-187500.015625,-187500.015625,-187500.015625,-187500.015625,-187500.015625,-187500.015625,-25853.7480469,0.0
-187500.015625,-187500.015625,-187500.015625,-187500.015625,-187500.015625,-187500.015625,-187500.015625,-25983.0761719,0.0
-187500.015625,-187500.015625,-187500.015625,-187500.015625,-187500.015625,-187500.015625,-187500.015625,-25979.2539062,0.0
-187500.015625,-187500.015625,-187500.015625,-187500.015625,-187500.015625,-187500.015625,-187500.015625,-25851.5585938,0.0
-187500.015625,-187500.015625,-187500.015625,-187500.015625,-187500.015625,-187500.015625,-187500.015625,-25839.0859375,0.0
-187500.015625,-187500.015625,-187500.015625,-187500.015625,-187500.015625,-187500.015625,-187500.015625,-25961.640625,0.0
-187500.015625,-187500.015625,-187500.015625,-187500.015625,-187500.015625,-187500.015625,-187500.015625,-25996.1074219,0.0
-187500.015625,-187500.015625,-187500.015625,-187500.015625,-187500.015625,-187500.015625,-187500.015625,-25878.6484375,0.0
-187500.015625,-187500.015625,-187500.015625,-187500.015625,-187500.015625,-187500.015625,-187500.015625,-25829.3632812,0.0
-187500.015625,-187500.015625,-187500.015625,-187500.015625,-187500.015625,-187500.015625,-187500.015625,-25942.171875,0.0
-187500.015625,-187500.015625,-187500.015625,-187500.015625,-187500.015625,-187500.015625,-187500.015625,-26000.2421875,0.0
-187500.015625,-187500.015625,-187500.015625,-187500.015625,-187500.015625,-187500.015625,-187500.015625,-25890.1367188,0.0
-187500.015625,-187500.015625,-187500.015625,-187500.015625,-187500.015625,-187500.015625,-187500.015625,-25814.9023438,0.0
-187500.015625,-187500.015625,-187500.015625,-187500.015625,-187500.015625,-187500.015625,-187500.015625,-25911.0371094,0.0
-187500.015625,-187500.015625,-187500.015625,-187500.015625,-187500.015625,-187500.015625,-187500.015625,-26001.1816406,0.0
-187500.015625,-187500.015625,-187500.015625,-187500.015625,-187500.015625,-187500.015625,-187500.015625,-25916.6679688,0.0
-187500.015625,-187500.015625,-187500.015625,-187500.015625,-187500.015625,-187500.015625,-187500.015625,-25817.4492188,0.0
-187500.015625,-187500.015625,-187500.015625,-187500.015625,-187500.015625,-187500.015625,-187500.015625,-25885.3085938,0.0
-187500.015625,-187500.015625,-187500.015625,-187500.015625,-187500.015625,-187500.015625,-187500.015625,-25996.1738281,0.0
-187500.015625,-187500.015625,-187500.015625,-187500.015625,-187500.015625,-187500.015625,-187500.015625,-25934.8632812,0.0
-187500.015625,-187500.015625,-187500.015625,-187500.015625,-187500.015625,-187500.015625,-187500.015625,-25816.3320312,0.0
-187500.015625,-187500.015625,-187500.015625,-187500.015625,-187500.015625,-187500.015625,-187500.015625,-25864.1425781,0.0
-187500.015625,-187500.015625,-187500.015625,-187500.015625,-187500.015625,-187500.015625,-187500.015625,-25988.9765625,0.0
-187500.015625,-187500.015625,-187500.015625,-187500.015625,-187500.015625,-187500.015625,-187500.015625,-25962.1992188,0.0
-187500.015625,-187500.015625,-187500.015625,-187500.015625,-187500.015625,-187500.015625,-187500.015625,-25834.8613281,0.0
-187500.015625,-187500.015625,-187500.015625,-187500.015625,-187500.015625,-187500.015625,-187500.015625,-25847.5800781,0.0
-187500.015625,-187500.015625,-187500.015625,-187500.015625,-187500.015625,-187500.015625,-187500.015625,-25978.8066406,0.0
-187500.015625,-187500.015625,-187500.015625,-187500.015625,-187500.015625,-187500.015625,-187500.015625,-25989.2226562,0.0
-187500.015625,-187500.015625,-187500.015625,-187500.015625,-187500.015625,-187500.015625,-187500.015625,-25868.5898438,0.0
-187500.015625,-187500.015625,-187500.015625,-187500.015625,-187500.015625,-187500.015625,-187500.015625,-25847.46875,0.0
-187500.015625,-187500.015625,-187500.015625,-187500.015625,-187500.015625,-187500.015625,-187500.015625,-25963.25,0.0
-187500.015625,-187500.015625,-187500.015625,-187500.015625,-187500.015625,-187500.015625,-187500.015625,-25997.7382812,0.0
-187500.015625,-187500.015625,-187500.015625,-187500.015625,-187500.015625,-187500.015625,-187500.015625,-25871.8320312,0.0
-187500.015625,-187500.015625,-187500.015625,-187500.015625,-187500.015625,-187500.015625,-187500.015625,-25813.1582031,0.0
-187500.015625,-187500.015625,-187500.015625,-187500.015625,-187500.015625,-187500.015625,-187500.015625,-25925.453125,0.0
-187500.015625,-187500.015625,-187500.015625,-187500.015625,-187500.015625,-187500.015625,-187500.015625,-25990.6523438,0.0
-187500.015625,-187500.015625,-187500.015625,-187500.015625,-187500.015625,-187500.015625,-187500.015625,-25882.8945312,0.0
-187500.015625,-187500.015625,-187500.015625,-187500.015625,-187500.015625,-187500.015625,-187500.015625,-25802.3164062,0.0
-187500.015625,-187500.015625,-187500.015625,-187500.015625,-187500.015625,-187500.015625,-187500.015625,-25896.2617188,0.0
-187500.015625,-187500.015625,-187500.015625,-187500.015625,-187500.015625,-187500.015625,-187500.015625,-25990.765625,0.0
-187500.015625,-187500.015625,-187500.015625,-187500.015625,-187500.015625,-187500.015625,-187500.015625,-25906.6113281,0.0
-187500.015625,-187500.015625,-187500.015625,-187500.015625,-187500.015625,-187500.015625,-187500.015625,-25804.9550781,0.0
-187500.015625,-187500.015625,-187500.015625,-187500.015625,-187500.015625,-187500.015625,-187500.015625,-25875.2949219,0.0
-187500.015625,-187500.015625,-187500.015625,-187500.015625,-187500.015625,-187500.015625,-187500.015625,-25988.2617188,0.0
-187500.015625,-187500.015625,-187500.015625,-187500.015625,-187500.015625,-187500.015625,-187500.015625,-25936.1152344,0.0
-187500.015625,-187500.015625,-187500.015625,-187500.015625,-187500.015625,-187500.015625,-187500.015625,-25813.0683594,0.0
-187500.015625,-187500.015625,-187500.015625,-187500.015625,-187500.015625,-187500.015625,-187500.015625,-25850.171875,0.0
-187500.015625,-187500.015625,-187500.015625,-187500.015625,-187500.015625,-187500.015625,-187500.015625,-25976.6386719,0.0
-187500.015625,-187500.015625,-187500.015625,-187500.015625,-187500.015625,-187500.015625,-187500.015625,-25959.4277344,0.0
-187500.015625,-187500.015625,-187500.015625,-187500.015625,-187500.015625,-187500.015625,-187500.015625,-25837.296875,0.0
-187500.015625,-187500.015625,-187500.015625,-187500.015625,-187500.015625,-187500.015625,-187500.015625,-25840.046875,0.0
-187500.015625,-187500.015625,-187500.015625,-187500.015625,-187500.015625,-187500.015625,-187500.015625,-25965.1953125,0.0
-187500.015625,-187500.015625,-187500.015625,-187500.015625,-187500.015625,-187500.015625,-187500.015625,-25974.7167969,0.0
-187500.015625,-187500.015625,-187500.015625,-187500.015625,-187500.015625,-187500.015625,-187500.015625,-25848.9433594,0.0
-187500.015625,-187500.015625,-187500.015625,-187500.015625,-187500.015625,-187500.015625,-187500.015625,-25819.796875,0.0
-187500.015625,-187500.015625,-187500.015625,-187500.015625,-187500.015625,-187500.015625,-187500.015625,-25937.2773438,0.0
-187500.015625,-187500.015625,-187500.015625,-187500.015625,-187500.015625,-187500.015625,-187500.015625,-25978.4492188,0.0
-187500.015625,-187500.015625,-187500.015625,-187500.015625,-187500.015625,-187500.015625,-187500.015625,-25866.1308594,0.0
-187500.015625,-187500.015625,-187500.015625,-187500.015625,-187500.015625,-187500.015625,-187500.015625,-25804.9101562,0.0
-187500.015625,-187500.015625,-187500.015625,-187500.015625,-187500.015625,-187500.015625,-187500.015625,-25914.34375,0.0
-187500.015625,-187500.015625,-187500.015625,-187500.015625,-187500.015625,-187500.015625,-187500.015625,-25993.3125,0.0
-187500.015625,-187500.015625,-187500.015625,-187500.015625,-187500.015625,-187500.015625,-187500.015625,-25894.8535156,0.0
-187500.015625,-187500.015625,-187500.015625,-187500.015625,-187500.015625,-187500.015625,-187500.015625,-25807.1230469,0.0
-187500.015625,-187500.015625,-187500.015625,-187500.015625,-187500.015625,-187500.015625,-187500.015625,-25898.1621094,0.0
-187500.015625,-187500.015625,-187500.015625,-187500.015625,-187500.015625,-187500.015625,-187500.015625,-25990.5195312,0.0
-187500.015625,-187500.015625,-187500.015625,-187500.015625,-187500.015625,-187500.015625,-187500.015625,-25912.3554688,0.0
-187500.015625,-187500.015625,-187500.015625,-187500.015625,-187500.015625,-187500.015625,-187500.015625,-25806.1171875,0.0
-187500.015625,-187500.015625,-187500.015625,-187500.015625,-187500.015625,-187500.015625,-187500.015625,-25870.6015625,0.0
-187500.015625,-187500.015625,-187500.015625,-187500.015625,-187500.015625,-187500.015625,-187500.015625,-25989.0214844,0.0
-187500.015625,-187500.015625,-187500.015625,-187500.015625,-187500.015625,-187500.015625,-187500.015625,-25946.21875,0.0
-187500.015625,-187500.015625,-187500.015625,-187500.015625,-187500.015625,-187500.015625,-187500.015625,-25826.0546875,0.0
-187500.015625,-187500.015625,-187500.015625,-187500.015625,-187500.015625,-187500.015625,-187500.015625,-25858.4433594,0.0
-187500.015625,-187500.015625,-187500.015625,-187500.015625,-187500.015625,-187500.015625,-187500.015625,-25982.2714844,0.0
-187500.015625,-187500.015625,-187500.015625,-187500.015625,-187500.015625,-187500.015625,-187500.015625,-25966.2226562,0.0
-187500.015625,-187500.015625,-187500.015625,-187500.015625,-187500.015625,-187500.015625,-187500.015625,-25836.359375,0.0
-187500.015625,-187500.015625,-187500.015625,-187500.015625,-187500.015625,-187500.015625,-187500.015625,-25832.6484375,0.0
-187500.015625,-187500.015625,-187500.015625,-187500.015625,-187500.015625,-187500.015625,-187500.015625,-25956.9472656,0.0
-187500.015625,-187500.015625,-187500.015625,-187500.015625,-187500.015625,-187500.015625,-187500.015625,-25975.3652344,0.0
-187500.015625,-187500.015625,-187500.015625,-187500.015625,-187500.015625,-187500.015625,-187500.015625,-25847.5351562,0.0
-187500.015625,-187500.015625,-187500.015625,-187500.015625,-187500.015625,-187500.015625,-187500.015625,-25810.2753906,0.0
-187500.015625,-187500.015625,-187500.015625,-187500.015625,-187500.015625,-187500.015625,-187500.015625,-25930.3027344,0.0
-187500.015625,-187500.015625,-187500.015625,-187500.015625,-187500.015625,-187500.015625,-187500.015625,-25976.9296875,0.0
-187500.015625,-187500.015625,-187500.015625,-187500.015625,-187500.015625,-187500.015625,-187500.015625,-25865.5273438,0.0
-187500.015625,-187500.015625,-187500.015625,-187500.015625,-187500.015625,-187500.015625,-187500.015625,-25797.4003906,0.0
-187500.015625,-187500.015625,-187500.015625,-187500.015625,-187500.015625,-187500.015625,-187500.015625,-25903.1464844,0.0
-187500.015625,-187500.015625,-187500.015625,-187500.015625,-187500.015625,-187500.015625,-187500.015625,-25983.9472656,0.0
-187500.015625,-187500.015625,-187500.015625,-187500.015625,-187500.015625,-187500.015625,-187500.015625,-25891.0976562,0.0
-187500.015625,-187500.015625,-187500.015625,-187500.015625,-187500.015625,-187500.015625,-187500.015625,-25797.5332031,0.0
-187500.015625,-187500.015625,-187500.015625,-187500.015625,-187500.015625,-187500.015625,-187500.015625,-25873.5976562,0.0
-187500.015625,-187500.015625,-187500.015625,-187500.015625,-187500.015625,-187500.015625,-187500.015625,-25978.7851562,0.0
-187500.015625,-187500.015625,-187500.015625,-187500.015625,-187500.015625,-187500.015625,-187500.015625,-25911.5957031,0.0
-187500.015625,-187500.015625,-187500.015625,-187500.015625,-187500.015625,-187500.015625,-187500.015625,-25796.5058594,0.0
-187500.015625,-187500.015625,-187500.015625,-187500.015625,-187500.015625,-187500.015625,-187500.015625,-25855.8945312,0.0
-187500.015625,-187500.015625,-187500.015625,-187500.015625,-187500.015625,-187500.015625,-187500.015625,-25976.9746094,0.0
-187500.015625,-187500.015625,-187500.015625,-187500.015625,-187500.015625,-187500.015625,-187500.015625,-25935.9804688,0.0
-187500.015625,-187500.015625,-187500.015625,-187500.015625,-187500.015625,-187500.015625,-187500.015625,-25815.6171875,0.0
-187500.015625,-187500.015625,-187500.015625,-187500.015625,-187500.015625,-187500.015625,-187500.015625,-25841.5664062,0.0
-187500.015625,-187500.015625,-187500.015625,-187500.015625,-187500.015625,-187500.015625,-187500.015625,-25964.0097656,0.0
-187500.015625,-187500.015625,-187500.015625,-187500.015625,-187500.015625,-187500.015625,-187500.015625,-25952.3652344,0.0
-187500.015625,-187500.015625,-187500.015625,-187500.015625,-187500.015625,-187500.015625,-187500.015625,-25833.3867188,0.0
-187500.015625,-187500.015625,-187500.015625,-187500.015625,-187500.015625,-187500.015625,-187500.015625,-25825.2050781,0.0
-187500.015625,-187500.015625,-187500.015625,-187500.015625,-187500.015625,-187500.015625,-187500.015625,-25951.2910156,0.0
-187500.015625,-187500.015625,-187500.015625,-187500.015625,-187500.015625,-187500.015625,-187500.015625,-25972.7714844,0.0
-187500.015625,-187500.015625,-187500.015625,-187500.015625,-187500.015625,-187500.015625,-187500.015625,-25855.6269531,0.0
-187500.015625,-187500.015625,-187500.015625,-187500.015625,-187500.015625,-187500.015625,-187500.015625,-25812.1972656,0.0
-187500.015625,-187500.015625,-187500.015625,-187500.015625,-187500.015625,-187500.015625,-187500.015625,-25932.0683594,0.0
-187500.015625,-187500.015625,-187500.015625,-187500.015625,-187500.015625,-187500.015625,-187500.015625,-25991.3007812,0.0
-187500.015625,-187500.015625,-187500.015625,-187500.015625,-187500.015625,-187500.015625,-187500.015625,-25877.7988281,0.0
-187500.015625,-187500.015625,-187500.015625,-187500.015625,-187500.015625,-187500.015625,-187500.015625,-25804.7539062,0.0
-187500.015625,-187500.015625,-187500.015625,-187500.015625,-187500.015625,-187500.015625,-187500.015625,-25905.2246094,0.0
-187500.015625,-187500.015625,-187500.015625,-187500.015625,-187500.015625,-187500.015625,-187500.015625,-25987.0761719,0.0
-187500.015625,-187500.015625,-187500.015625,-187500.015625,-187500.015625,-187500.015625,-187500.015625,-25896.4414062,0.0
-187500.015625,-187500.015625,-187500.015625,-187500.015625,-187500.015625,-187500.015625,-187500.015625,-25800.6855469,0.0
-187500.015625,-187500.015625,-187500.015625,-187500.015625,-187500.015625,-187500.015625,-187500.015625,-25881.1289062,0.0
-187500.015625,-187500.015625,-187500.015625,-187500.015625,-187500.015625,-187500.015625,-187500.015625,-25986.5175781,0.0
-187500.015625,-187500.015625,-187500.015625,-187500.015625,-187500.015625,-187500.015625,-187500.015625,-25923.0605469,0.0
-187500.015625,-187500.015625,-187500.015625,-187500.015625,-187500.015625,-187500.015625,-187500.015625,-25815.9960938,0.0
-187500.015625,-187500.015625,-187500.015625,-187500.015625,-187500.015625,-187500.015625,-187500.015625,-25864.1191406,0.0
-187500.015625,-187500.015625,-187500.015625,-187500.015625,-187500.015625,-187500.015625,-187500.015625,-25986.0703125,0.0
-187500.015625,-187500.015625,-187500.015625,-187500.015625,-187500.015625,-187500.015625,-187500.015625,-25949.2578125,0.0
-187500.015625,-187500.015625,-187500.015625,-187500.015625,-187500.015625,-187500.015625,-187500.015625,-25822.4335938,0.0
-187500.015625,-187500.015625,-187500.015625,-187500.015625,-187500.015625,-187500.015625,-187500.015625,-25839.3769531,0.0
-187500.015625,-187500.015625,-187500.015625,-187500.015625,-187500.015625,-187500.015625,-187500.015625,-25964.7695312,0.0
-187500.015625,-187500.015625,-187500.015625,-187500.015625,-187500.015625,-187500.015625,-187500.015625,-25959.0253906,0.0
-187500.015625,-187500.015625,-187500.015625,-187500.015625,-187500.015625,-187500.015625,-187500.015625,-25831.5976562,0.0
-187500.015625,-187500.015625,-187500.015625,-187500.015625,-187500.015625,-187500.015625,-187500.015625,-25818.7011719,0.0
-187500.015625,-187500.015625,-187500.015625,-187500.015625,-187500.015625,-187500.015625,-187500.015625,-25936.6074219,0.0
-187500.015625,-187500.015625,-187500.015625,-187500.015625,-187500.015625,-187500.015625,-187500.015625,-25967.8984375,0.0
-187500.015625,-187500.015625,-187500.015625,-187500.015625,-187500.015625,-187500.015625,-187500.015625,-25847.1542969,0.0
-187500.015625,-187500.015625,-187500.015625,-187500.015625,-187500.015625,-187500.015625,-187500.015625,-25798.9648438,0.0
-187500.015625,-187500.015625,-187500.015625,-187500.015625,-187500.015625,-187500.015625,-187500.015625,-25911.9082031,0.0
-187500.015625,-187500.015625,-187500.015625,-187500.015625,-187500.015625,-187500.015625,-187500.015625,-25975.5664062,0.0
-187500.015625,-187500.015625,-187500.015625,-187500.015625,-187500.015625,-187500.015625,-187500.015625,-25867.5839844,0.0
-187500.015625,-187500.015625,-187500.015625,-187500.015625,-187500.015625,-187500.015625,-187500.015625,-25788.8164062,0.0
-187500.015625,-187500.015625,-187500.015625,-187500.015625,-187500.015625,-187500.015625,-187500.015625,-25889.3554688,0.0
-187500.015625,-187500.015625,-187500.015625,-187500.015625,-187500.015625,-187500.015625,-187500.015625,-25985.1542969,0.0
-187500.015625,-187500.015625,-187500.015625,-187500.015625,-187500.015625,-187500.015625,-187500.015625,-25901.9609375,0.0
-187500.015625,-187500.015625,-187500.015625,-187500.015625,-187500.015625,-187500.015625,-187500.015625,-25798.0488281,0.0
-187500.015625,-187500.015625,-187500.015625,-187500.015625,-187500.015625,-187500.015625,-187500.015625,-25873.84375,0.0
-187500.015625,-187500.015625,-187500.015625,-187500.015625,-187500.015625,-187500.015625,-187500.015625,-25984.8632812,0.0
-187500.015625,-187500.015625,-187500.015625,-187500.015625,-187500.015625,-187500.015625,-187500.015625,-25924.9160156,0.0
-187500.015625,-187500.015625,-187500.015625,-187500.015625,-187500.015625,-187500.015625,-187500.015625,-25810.4765625,0.0
-187500.015625,-187500.015625,-187500.015625,-187500.015625,-187500.015625,-187500.015625,-187500.015625,-25856.0957031,0.0
-187500.015625,-187500.015625,-187500.015625,-187500.015625,-187500.015625,-187500.015625,-187500.015625,-25984.4609375,0.0
-187500.015625,-187500.015625,-187500.015625,-187500.015625,-187500.015625,-187500.015625,-187500.015625,-25958.1542969,0.0
-187500.015625,-187500.015625,-187500.015625,-187500.015625,-187500.015625,-187500.015625,-187500.015625,-25824.0429688,0.0
-187500.015625,-187500.015625,-187500.015625,-187500.015625,-187500.015625,-187500.015625,-187500.015625,-25831.1738281,0.0
-187500.015625,-187500.015625,-187500.015625,-187500.015625,-187500.015625,-187500.015625,-187500.015625,-25965.5078125,0.0
-187500.015625,-187500.015625,-187500.015625,-187500.015625,-187500.015625,-187500.015625,-187500.015625,-25971.9902344,0.0
-187500.015625,-187500.015625,-187500.015625,-187500.015625,-187500.015625,-187500.015625,-187500.015625,-25840.8964844,0.0
-187500.015625,-187500.015625,-187500.015625,-187500.015625,-187500.015625,-187500.015625,-187500.015625,-25819.125,0.0
-187500.015625,-187500.015625,-187500.015625,-187500.015625,-187500.015625,-187500.015625,-187500.015625,-25943.15625,0.0
-187500.015625,-187500.015625,-187500.015625,-187500.015625,-187500.015625,-187500.015625,-187500.015625,-25983.3222656,0.0
-187500.015625,-187500.015625,-187500.015625,-187500.015625,-187500.015625,-187500.015625,-187500.015625,-25860.5214844,0.0
-187500.015625,-187500.015625,-187500.015625,-187500.015625,-187500.015625,-187500.015625,-187500.015625,-25808.5097656,0.0
-187500.015625,-187500.015625,-187500.015625,-187500.015625,-187500.015625,-187500.015625,-187500.015625,-25918.4785156,0.0
-187500.015625,-187500.015625,-187500.015625,-187500.015625,-187500.015625,-187500.015625,-187500.015625,-25989.7148438,0.0
-187500.015625,-187500.015625,-187500.015625,-187500.015625,-187500.015625,-187500.015625,-187500.015625,-25887.9472656,0.0
-187500.015625,-187500.015625,-187500.015625,-187500.015625,-187500.015625,-187500.015625,-187500.015625,-25801.8476562,0.0
-187500.015625,-187500.015625,-187500.015625,-187500.015625,-187500.015625,-187500.015625,-187500.015625,-25895.1445312,0.0
-187500.015625,-187500.015625,-187500.015625,-187500.015625,-187500.015625,-187500.015625,-187500.015625,-25994.9003906,0.0
-187500.015625,-187500.015625,-187500.015625,-187500.015625,-187500.015625,-187500.015625,-187500.015625,-25920.0664062,0.0
-187500.015625,-187500.015625,-187500.015625,-187500.015625,-187500.015625,-187500.015625,-187500.015625,-25815.5058594,0.0
-187500.015625,-187500.015625,-187500.015625,-187500.015625,-187500.015625,-187500.015625,-187500.015625,-25880.1679688,0.0
-187500.015625,-187500.015625,-187500.015625,-187500.015625,-187500.015625,-187500.015625,-187500.015625,-25988.1953125,0.0
-187500.015625,-187500.015625,-187500.015625,-187500.015625,-187500.015625,-187500.015625,-187500.015625,-25933.4101562,0.0
-187500.015625,-187500.015625,-187500.015625,-187500.015625,-187500.015625,-187500.015625,-187500.015625,-25808.1953125,0.0
-187500.015625,-187500.015625,-187500.015625,-187500.015625,-187500.015625,-187500.015625,-187500.015625,-25844.5175781,0.0
-187500.015625,-187500.015625,-187500.015625,-187500.015625,-187500.015625,-187500.015625,-187500.015625,-25970.7832031,0.0
-187500.015625,-187500.015625,-187500.015625,-187500.015625,-187500.015625,-187500.015625,-187500.015625,-25950.3300781,0.0
-187500.015625,-187500.015625,-187500.015625,-187500.015625,-187500.015625,-187500.015625,-187500.015625,-25818.1425781,0.0
-187500.015625,-187500.015625,-187500.015625,-187500.015625,-187500.015625,-187500.015625,-187500.015625,-25824.9140625,0.0
-187500.015625,-187500.015625,-187500.015625,-187500.015625,-187500.015625,-187500.015625,-187500.015625,-25957.7734375,0.0
-187500.015625,-187500.015625,-187500.015625,-187500.015625,-187500.015625,-187500.015625,-187500.015625,-25969.0839844,0.0
-187500.015625,-187500.015625,-187500.015625,-187500.015625,-187500.015625,-187500.015625,-187500.015625,-25834.8847656,0.0
-187500.015625,-187500.015625,-187500.015625,-187500.015625,-187500.015625,-187500.015625,-187500.015625,-25804.4414062,0.0
-187500.015625,-187500.015625,-187500.015625,-187500.015625,-187500.015625,-187500.015625,-187500.015625,-25926.9511719,0.0
-187500.015625,-187500.015625,-187500.015625,-187500.015625,-187500.015625,-187500.015625,-187500.015625,-25971.4746094,0.0
-187500.015625,-187500.015625,-187500.015625,-187500.015625,-187500.015625,-187500.015625,-187500.015625,-25857.1015625,0.0
-187500.015625,-187500.015625,-187500.015625,-187500.015625,-187500.015625,-187500.015625,-187500.015625,-25790.6054688,0.0
-187500.015625,-187500.015625,-187500.015625,-187500.015625,-187500.015625,-187500.015625,-187500.015625,-25901.0898438,0.0
-187500.015625,-187500.015625,-187500.015625,-187500.015625,-187500.015625,-187500.015625,-187500.015625,-25974.7832031,0.0
-187500.015625,-187500.015625,-187500.015625,-187500.015625,-187500.015625,-187500.015625,-187500.015625,-25875.4746094,0.0
-187500.015625,-187500.015625,-187500.015625,-187500.015625,-187500.015625,-187500.015625,-187500.015625,-25790.4042969,0.0
-187500.015625,-187500.015625,-187500.015625,-187500.015625,-187500.015625,-187500.015625,-187500.015625,-25882.1347656,0.0
-187500.015625,-187500.015625,-187500.015625,-187500.015625,-187500.015625,-187500.015625,-187500.015625,-25986.8984375,0.0
-187500.015625,-187500.015625,-187500.015625,-187500.015625,-187500.015625,-187500.015625,-187500.015625,-25912.5566406,0.0
-187500.015625,-187500.015625,-187500.015625,-187500.015625,-187500.015625,-187500.015625,-187500.015625,-25806.6992188,0.0
-187500.015625,-187500.015625,-187500.015625,-187500.015625,-187500.015625,-187500.015625,-187500.015625,-25866.578125,0.0
-187500.015625,-187500.015625,-187500.015625,-187500.015625,-187500.015625,-187500.015625,-187500.015625,-25987.6796875,0.0
-187500.015625,-187500.015625,-187500.015625,-187500.015625,-187500.015625,-187500.015625,-187500.015625,-25940.40625,0.0
-187500.015625,-187500.015625,-187500.015625,-187500.015625,-187500.015625,-187500.015625,-187500.015625,-25821.2714844,0.0
-187500.015625,-187500.015625,-187500.015625,-187500.015625,-187500.015625,-187500.015625,-187500.015625,-25853.390625,0.0
-187500.015625,-187500.015625,-187500.015625,-187500.015625,-187500.015625,-187500.015625,-187500.015625,-25980.1484375,0.0
-187500.015625,-187500.015625,-187500.015625,-187500.015625,-187500.015625,-187500.015625,-187500.015625,-25965.2167969,0.0
-187500.015625,-187500.015625,-187500.015625,-187500.015625,-187500.015625,-187500.015625,-187500.015625,-25837.9902344,0.0
-187500.015625,-187500.015625,-187500.015625,-187500.015625,-187500.015625,-187500.015625,-187500.015625,-25834.2363281,0.0
-187500.015625,-187500.015625,-187500.015625,-187500.015625,-187500.015625,-187500.015625,-187500.015625,-25964.6796875,0.0
-187500.015625,-187500.015625,-187500.015625,-187500.015625,-187500.015625,-187500.015625,-187500.015625,-25983.0527344,0.0
-187500.015625,-187500.015625,-187500.015625,-187500.015625,-187500.015625,-187500.015625,-187500.015625,-25854.8886719,0.0
-187500.015625,-187500.015625,-187500.015625,-187500.015625,-187500.015625,-187500.015625,-187500.015625,-25818.0527344,0.0
-187500.015625,-187500.015625,-187500.015625,-187500.015625,-187500.015625,-187500.015625,-187500.015625,-25939.5351562,0.0
-187500.015625,-187500.015625,-187500.015625,-187500.015625,-187500.015625,-187500.015625,-187500.015625,-25990.7871094,0.0
-187500.015625,-187500.015625,-187500.015625,-187500.015625,-187500.015625,-187500.015625,-187500.015625,-25873.0820312,0.0
-187500.015625,-187500.015625,-187500.015625,-187500.015625,-187500.015625,-187500.015625,-187500.015625,-25799.03125,0.0
-187500.015625,-187500.015625,-187500.015625,-187500.015625,-187500.015625,-187500.015625,-187500.015625,-25901.2675781,0.0
-187500.015625,-187500.015625,-187500.015625,-187500.015625,-187500.015625,-187500.015625,-187500.015625,-25985.1542969,0.0
-187500.015625,-187500.015625,-187500.015625,-187500.015625,-187500.015625,-187500.015625,-187500.015625,-25892.2382812,0.0
-187500.015625,-187500.015625,-187500.015625,-187500.015625,-187500.015625,-187500.015625,-187500.015625,-25797.9804688,0.0
-187500.015625,-187500.015625,-187500.015625,-187500.015625,-187500.015625,-187500.015625,-187500.015625,-25876.234375,0.0
-187500.015625,-187500.015625,-187500.015625,-187500.015625,-187500.015625,-187500.015625,-187500.015625,-25979.9023438,0.0
-187500.015625,-187500.015625,-187500.015625,-187500.015625,-187500.015625,-187500.015625,-187500.015625,-25912.9589844,0.0
-187500.015625,-187500.015625,-187500.015625,-187500.015625,-187500.015625,-187500.015625,-187500.015625,-25798.8085938,0.0
-187500.015625,-187500.015625,-187500.015625,-187500.015625,-187500.015625,-187500.015625,-187500.015625,-25848.6523438,0.0
-187500.015625,-187500.015625,-187500.015625,-187500.015625,-187500.015625,-187500.015625,-187500.015625,-25969.3964844,0.0
-187500.015625,-187500.015625,-187500.015625,-187500.015625,-187500.015625,-187500.015625,-187500.015625,-25926.1015625,0.0
-187500.015625,-187500.015625,-187500.015625,-187500.015625,-187500.015625,-187500.015625,-187500.015625,-25803.6132812,0.0
-187500.015625,-187500.015625,-187500.015625,-187500.015625,-187500.015625,-187500.015625,-187500.015625,-25832.828125,0.0
-187500.015625,-187500.015625,-187500.015625,-187500.015625,-187500.015625,-187500.015625,-187500.015625,-25958.109375,0.0
-187500.015625,-187500.015625,-187500.015625,-187500.015625,-187500.015625,-187500.015625,-187500.015625,-25947.9160156,0.0
-187500.015625,-187500.015625,-187500.015625,-187500.015625,-187500.015625,-187500.015625,-187500.015625,-25818.7460938,0.0
-187500.015625,-187500.015625,-187500.015625,-187500.015625,-187500.015625,-187500.015625,-187500.015625,-25813.7832031,0.0
-187500.015625,-187500.015625,-187500.015625,-187500.015625,-187500.015625,-187500.015625,-187500.015625,-25942.2167969,0.0
-187500.015625,-187500.015625,-187500.015625,-187500.015625,-187500.015625,-187500.015625,-187500.015625,-25970.0664062,0.0
-187500.015625,-187500.015625,-187500.015625,-187500.015625,-187500.015625,-187500.015625,-187500.015625,-25846.7519531,0.0
-187500.015625,-187500.015625,-187500.015625,-187500.015625,-187500.015625,-187500.015625,-187500.015625,-25803.8144531,0.0
-187500.015625,-187500.015625,-187500.015625,-187500.015625,-187500.015625,-187500.015625,-187500.015625,-25922.9941406,0.0
-187500.015625,-187500.015625,-187500.015625,-187500.015625,-187500.015625,-187500.015625,-187500.015625,-25981.9804688,0.0
-187500.015625,-187500.015625,-187500.015625,-187500.015625,-187500.015625,-187500.015625,-187500.015625,-25869.6191406,0.0
-187500.015625,-187500.015625,-187500.015625,-187500.015625,-187500.015625,-187500.015625,-187500.015625,-25803.5683594,0.0
-187500.015625,-187500.015625,-187500.015625,-187500.015625,-187500.015625,-187500.015625,-187500.015625,-25911.0585938,0.0
-187500.015625,-187500.015625,-187500.015625,-187500.015625,-187500.015625,-187500.015625,-187500.015625,-25993.5585938,0.0
-187500.015625,-187500.015625,-187500.015625,-187500.015625,-187500.015625,-187500.015625,-187500.015625,-25909.6953125,0.0
-187500.015625,-187500.015625,-187500.015625,-187500.015625,-187500.015625,-187500.015625,-187500.015625,-25818.0761719,0.0
-187500.015625,-187500.015625,-187500.015625,-187500.015625,-187500.015625,-187500.015625,-187500.015625,-25898.2070312,0.0
-187500.015625,-187500.015625,-187500.015625,-187500.015625,-187500.015625,-187500.015625,-187500.015625,-26007.4160156,0.0
-187500.015625,-187500.015625,-187500.015625,-187500.015625,-187500.015625,-187500.015625,-187500.015625,-25935.3320312,0.0
-187500.015625,-187500.015625,-187500.015625,-187500.015625,-187500.015625,-187500.015625,-187500.015625,-25818.7226562,0.0
-187500.015625,-187500.015625,-187500.015625,-187500.015625,-187500.015625,-187500.015625,-187500.015625,-25871.6074219,0.0
-187500.015625,-187500.015625,-187500.015625,-187500.015625,-187500.015625,-187500.015625,-187500.015625,-25992.2617188,0.0
-187500.015625,-187500.015625,-187500.015625,-187500.015625,-187500.015625,-187500.015625,-187500.015625,-25945.9042969,0.0
-187500.015625,-187500.015625,-187500.015625,-187500.015625,-187500.015625,-187500.015625,-187500.015625,-25820.421875,0.0
-187500.015625,-187500.015625,-187500.015625,-187500.015625,-187500.015625,-187500.015625,-187500.015625,-25838.0351562,0.0
-187500.015625,-187500.015625,-187500.015625,-187500.015625,-187500.015625,-187500.015625,-187500.015625,-25961.640625,0.0
-187500.015625,-187500.015625,-187500.015625,-187500.015625,-187500.015625,-187500.015625,-187500.015625,-25957.3496094,0.0
-187500.015625,-187500.015625,-187500.015625,-187500.015625,-187500.015625,-187500.015625,-187500.015625,-25831.7324219,0.0
-187500.015625,-187500.015625,-187500.015625,-187500.015625,-187500.015625,-187500.015625,-187500.015625,-25812.9335938,0.0
-187500.015625,-187500.015625,-187500.015625,-187500.015625,-187500.015625,-187500.015625,-187500.015625,-25936.5625,0.0
-187500.015625,-187500.015625,-187500.015625,-187500.015625,-187500.015625,-187500.015625,-187500.015625,-25970.7597656,0.0
-187500.015625,-187500.015625,-187500.015625,-187500.015625,-187500.015625,-187500.015625,-187500.015625,-25854.0175781,0.0
-187500.015625,-187500.015625,-187500.015625,-187500.015625,-187500.015625,-187500.015625,-187500.015625,-25802.9882812,0.0
-187500.015625,-187500.015625,-187500.015625,-187500.015625,-187500.015625,-187500.015625,-187500.015625,-25917.3847656,0.0
-187500.015625,-187500.015625,-187500.015625,-187500.015625,-187500.015625,-187500.015625,-187500.015625,-25976.3925781,0.0
-187500.015625,-187500.015625,-187500.015625,-187500.015625,-187500.015625,-187500.015625,-187500.015625,-25869.8203125,0.0
-187500.015625,-187500.015625,-187500.015625,-187500.015625,-187500.015625,-187500.015625,-187500.015625,-25798.5625,0.0
-187500.015625,-187500.015625,-187500.015625,-187500.015625,-187500.015625,-187500.015625,-187500.015625,-25889.6894531,0.0
-187500.015625,-187500.015625,-187500.015625,-187500.015625,-187500.015625,-187500.015625,-187500.015625,-25982.1601562,0.0
-187500.015625,-187500.015625,-187500.015625,-187500.015625,-187500.015625,-187500.015625,-187500.015625,-25893.2441406,0.0
-187500.015625,-187500.015625,-187500.015625,-187500.015625,-187500.015625,-187500.015625,-187500.015625,-25789.2421875,0.0
-187500.015625,-187500.015625,-187500.015625,-187500.015625,-187500.015625,-187500.015625,-187500.015625,-25858.53125,0.0
-187500.015625,-187500.015625,-187500.015625,-187500.015625,-187500.015625,-187500.015625,-187500.015625,-25962.8027344,0.0
-187500.015625,-187500.015625,-187500.015625,-187500.015625,-187500.015625,-187500.015625,-187500.015625,-25901.7832031,0.0
-187500.015625,-187500.015625,-187500.015625,-187500.015625,-187500.015625,-187500.015625,-187500.015625,-25785.21875,0.0
-187500.015625,-187500.015625,-187500.015625,-187500.015625,-187500.015625,-187500.015625,-187500.015625,-25828.9824219,0.0
-187500.015625,-187500.015625,-187500.015625,-187500.015625,-187500.015625,-187500.015625,-187500.015625,-25953.3261719,0.0
-187500.015625,-187500.015625,-187500.015625,-187500.015625,-187500.015625,-187500.015625,-187500.015625,-25927.9570312,0.0
-187500.015625,-187500.015625,-187500.015625,-187500.015625,-187500.015625,-187500.015625,-187500.015625,-25801.2890625,0.0
-187500.015625,-187500.015625,-187500.015625,-187500.015625,-187500.015625,-187500.015625,-187500.015625,-25809.8730469,0.0
-187500.015625,-187500.015625,-187500.015625,-187500.015625,-187500.015625,-187500.015625,-187500.015625,-25939.3105469,0.0
-187500.015625,-187500.015625,-187500.015625,-187500.015625,-187500.015625,-187500.015625,-187500.015625,-25950.84375,0.0
-187500.015625,-187500.015625,-187500.015625,-187500.015625,-187500.015625,-187500.015625,-187500.015625,-25829.609375,0.0
-187500.015625,-187500.015625,-187500.015625,-187500.015625,-187500.015625,-187500.015625,-187500.015625,-25810.9453125,0.0
-187500.015625,-187500.015625,-187500.015625,-187500.015625,-187500.015625,-187500.015625,-187500.015625,-25939.3339844,0.0
-187500.015625,-187500.015625,-187500.015625,-187500.015625,-187500.015625,-187500.015625,-187500.015625,-25972.9511719,0.0
-187500.015625,-187500.015625,-187500.015625,-187500.015625,-187500.015625,-187500.015625,-187500.015625,-25855.3125,0.0
-187500.015625,-187500.015625,-187500.015625,-187500.015625,-187500.015625,-187500.015625,-187500.015625,-25804.9101562,0.0
-187500.015625,-187500.015625,-187500.015625,-187500.015625,-187500.015625,-187500.015625,-187500.015625,-25917.0273438,0.0
-187500.015625,-187500.015625,-187500.015625,-187500.015625,-187500.015625,-187500.015625,-187500.015625,-25984.328125,0.0
-187500.015625,-187500.015625,-187500.015625,-187500.015625,-187500.015625,-187500.015625,-187500.015625,-25877.4414062,0.0
-187500.015625,-187500.015625,-187500.015625,-187500.015625,-187500.015625,-187500.015625,-187500.015625,-25807.6816406,0.0
-187500.015625,-187500.015625,-187500.015625,-187500.015625,-187500.015625,-187500.015625,-187500.015625,-25900.2851562,0.0
-187500.015625,-187500.015625,-187500.015625,-187500.015625,-187500.015625,-187500.015625,-187500.015625,-25992.9101562,0.0
-187500.015625,-187500.015625,-187500.015625,-187500.015625,-187500.015625,-187500.015625,-187500.015625,-25911.3945312,0.0
-187500.015625,-187500.015625,-187500.015625,-187500.015625,-187500.015625,-187500.015625,-187500.015625,-25809.2011719,0.0
-187500.015625,-187500.015625,-187500.015625,-187500.015625,-187500.015625,-187500.015625,-187500.015625,-25874.0214844,0.0
-187500.015625,-187500.015625,-187500.015625,-187500.015625,-187500.015625,-187500.015625,-187500.015625,-25981.6015625,0.0
-187500.015625,-187500.015625,-187500.015625,-187500.015625,-187500.015625,-187500.015625,-187500.015625,-25925.3183594,0.0
-187500.015625,-187500.015625,-187500.015625,-187500.015625,-187500.015625,-187500.015625,-187500.015625,-25808.7324219,0.0
-187500.015625,-187500.015625,-187500.015625,-187500.015625,-187500.015625,-187500.015625,-187500.015625,-25845.4785156,0.0
-187500.015625,-187500.015625,-187500.015625,-187500.015625,-187500.015625,-187500.015625,-187500.015625,-25967.6757812,0.0
-187500.015625,-187500.015625,-187500.015625,-187500.015625,-187500.015625,-187500.015625,-187500.015625,-25943.3339844,0.0
-187500.015625,-187500.015625,-187500.015625,-187500.015625,-187500.015625,-187500.015625,-187500.015625,-25805.5585938,0.0
-187500.015625,-187500.015625,-187500.015625,-187500.015625,-187500.015625,-187500.015625,-187500.015625,-25809.1347656,0.0
-187500.015625,-187500.015625,-187500.015625,-187500.015625,-187500.015625,-187500.015625,-187500.015625,-25944.921875,0.0
-187500.015625,-187500.015625,-187500.015625,-187500.015625,-187500.015625,-187500.015625,-187500.015625,-25956.03125,0.0
-187500.015625,-187500.015625,-187500.015625,-187500.015625,-187500.015625,-187500.015625,-187500.015625,-25827.9765625,0.0
-187500.015625,-187500.015625,-187500.015625,-187500.015625,-187500.015625,-187500.015625,-187500.015625,-25806.765625,0.0
-187500.015625,-187500.015625,-187500.015625,-187500.015625,-187500.015625,-187500.015625,-187500.015625,-25928.6269531,0.0
-187500.015625,-187500.015625,-187500.015625,-187500.015625,-187500.015625,-187500.015625,-187500.015625,-25973.6425781,0.0
-187500.015625,-187500.015625,-187500.015625,-187500.015625,-187500.015625,-187500.015625,-187500.015625,-25855.6484375,0.0
-187500.015625,-187500.015625,-187500.015625,-187500.015625,-187500.015625,-187500.015625,-187500.015625,-25797.0644531,0.0
-187500.015625,-187500.015625,-187500.015625,-187500.015625,-187500.015625,-187500.015625,-187500.015625,-25910.03125,0.0
-187500.015625,-187500.015625,-187500.015625,-187500.015625,-187500.015625,-187500.015625,-187500.015625,-25987.4121094,0.0
-187500.015625,-187500.015625,-187500.015625,-187500.015625,-187500.015625,-187500.015625,-187500.015625,-25887.2089844,0.0
-187500.015625,-187500.015625,-187500.015625,-187500.015625,-187500.015625,-187500.015625,-187500.015625,-25803.1660156,0.0
-187500.015625,-187500.015625,-187500.015625,-187500.015625,-187500.015625,-187500.015625,-187500.015625,-25889.1757812,0.0
-187500.015625,-187500.015625,-187500.015625,-187500.015625,-187500.015625,-187500.015625,-187500.015625,-25984.7519531,0.0
-187500.015625,-187500.015625,-187500.015625,-187500.015625,-187500.015625,-187500.015625,-187500.015625,-25911.5273438,0.0
-187500.015625,-187500.015625,-187500.015625,-187500.015625,-187500.015625,-187500.015625,-187500.015625,-25804.2851562,0.0
-187500.015625,-187500.015625,-187500.015625,-187500.015625,-187500.015625,-187500.015625,-187500.015625,-25865.7519531,0.0
-187500.015625,-187500.015625,-187500.015625,-187500.015625,-187500.015625,-187500.015625,-187500.015625,-25976.6835938,0.0
-187500.015625,-187500.015625,-187500.015625,-187500.015625,-187500.015625,-187500.015625,-187500.015625,-25932.0917969,0.0
-187500.015625,-187500.015625,-187500.015625,-187500.015625,-187500.015625,-187500.015625,-187500.015625,-25812.375,0.0
-187500.015625,-187500.015625,-187500.015625,-187500.015625,-187500.015625,-187500.015625,-187500.015625,-25847.1777344,0.0
-187500.015625,-187500.015625,-187500.015625,-187500.015625,-187500.015625,-187500.015625,-187500.015625,-25976.7285156,0.0
-187500.015625,-187500.015625,-187500.015625,-187500.015625,-187500.015625,-187500.015625,-187500.015625,-25958.8691406,0.0
-187500.015625,-187500.015625,-187500.015625,-187500.015625,-187500.015625,-187500.015625,-187500.015625,-25829.4746094,0.0
-187500.015625,-187500.015625,-187500.015625,-187500.015625,-187500.015625,-187500.015625,-187500.015625,-25822.34375,0.0
-187500.015625,-187500.015625,-187500.015625,-187500.015625,-187500.015625,-187500.015625,-187500.015625,-25944.8984375,0.0
-187500.015625,-187500.015625,-187500.015625,-187500.015625,-187500.015625,-187500.015625,-187500.015625,-25961.1933594,0.0
-187500.015625,-187500.015625,-187500.015625,-187500.015625,-187500.015625,-187500.015625,-187500.015625,-25836.9628906,0.0
-187500.015625,-187500.015625,-187500.015625,-187500.015625,-187500.015625,-187500.015625,-187500.015625,-25805.4472656,0.0
-187500.015625,-187500.015625,-187500.015625,-187500.015625,-187500.015625,-187500.015625,-187500.015625,-25924.8710938,0.0
-187500.015625,-187500.015625,-187500.015625,-187500.015625,-187500.015625,-187500.015625,-187500.015625,-25968.8828125,0.0
-187500.015625,-187500.015625,-187500.015625,-187500.015625,-187500.015625,-187500.015625,-187500.015625,-25854.4648438,0.0
-187500.015625,-187500.015625,-187500.015625,-187500.015625,-187500.015625,-187500.015625,-187500.015625,-25793.3105469,0.0
-187500.015625,-187500.015625,-187500.015625,-187500.015625,-187500.015625,-187500.015625,-187500.015625,-25899.546875,0.0
-187500.015625,-187500.015625,-187500.015625,-187500.015625,-187500.015625,-187500.015625,-187500.015625,-25972.7949219,0.0
-187500.015625,-187500.015625,-187500.015625,-187500.015625,-187500.015625,-187500.015625,-187500.015625,-25874.3574219,0.0
-187500.015625,-187500.015625,-187500.015625,-187500.015625,-187500.015625,-187500.015625,-187500.015625,-25785.84375,0.0
-187500.015625,-187500.015625,-187500.015625,-187500.015625,-187500.015625,-187500.015625,-187500.015625,-25873.9550781,0.0
-187500.015625,-187500.015625,-187500.015625,-187500.015625,-187500.015625,-187500.015625,-187500.015625,-25970.1796875,0.0
-187500.015625,-187500.015625,-187500.015625,-187500.015625,-187500.015625,-187500.015625,-187500.015625,-25902.4316406,0.0
-187500.015625,-187500.015625,-187500.015625,-187500.015625,-187500.015625,-187500.015625,-187500.015625,-25794.9628906,0.0
-187500.015625,-187500.015625,-187500.015625,-187500.015625,-187500.015625,-187500.015625,-187500.015625,-25847.7128906,0.0
-187500.015625,-187500.015625,-187500.015625,-187500.015625,-187500.015625,-187500.015625,-187500.015625,-25963.875,0.0
-187500.015625,-187500.015625,-187500.015625,-187500.015625,-187500.015625,-187500.015625,-187500.015625,-25925.453125,0.0
-187500.015625,-187500.015625,-187500.015625,-187500.015625,-187500.015625,-187500.015625,-187500.015625,-25806.0722656,0.0
-187500.015625,-187500.015625,-187500.015625,-187500.015625,-187500.015625,-187500.015625,-187500.015625,-25827.9765625,0.0
-187500.015625,-187500.015625,-187500.015625,-187500.015625,-187500.015625,-187500.015625,-187500.015625,-25955.3378906,0.0
-187500.015625,-187500.015625,-187500.015625,-187500.015625,-187500.015625,-187500.015625,-187500.015625,-25952.4765625,0.0
-187500.015625,-187500.015625,-187500.015625,-187500.015625,-187500.015625,-187500.015625,-187500.015625,-25823.2382812,0.0
-187500.015625,-187500.015625,-187500.015625,-187500.015625,-187500.015625,-187500.015625,-187500.015625,-25811.8398438,0.0
-187500.015625,-187500.015625,-187500.015625,-187500.015625,-187500.015625,-187500.015625,-187500.015625,-25940.875,0.0
-187500.015625,-187500.015625,-187500.015625,-187500.015625,-187500.015625,-187500.015625,-187500.015625,-25966.9609375,0.0
-187500.015625,-187500.015625,-187500.015625,-187500.015625,-187500.015625,-187500.015625,-187500.015625,-25844.2714844,0.0
-187500.015625,-187500.015625,-187500.015625,-187500.015625,-187500.015625,-187500.015625,-187500.015625,-25802.0273438,0.0
-187500.015625,-187500.015625,-187500.015625,-187500.015625,-187500.015625,-187500.015625,-187500.015625,-25921.921875,0.0
-187500.015625,-187500.015625,-187500.015625,-187500.015625,-187500.015625,-187500.015625,-187500.015625,-25975.1855469,0.0
-187500.015625,-187500.015625,-187500.015625,-187500.015625,-187500.015625,-187500.015625,-187500.015625,-25867.40625,0.0
-187500.015625,-187500.015625,-187500.015625,-187500.015625,-187500.015625,-187500.015625,-187500.015625,-25796.7285156,0.0
-187500.015625,-187500.015625,-187500.015625,-187500.015625,-187500.015625,-187500.015625,-187500.015625,-25895.3007812,0.0
-187500.015625,-187500.015625,-187500.015625,-187500.015625,-187500.015625,-187500.015625,-187500.015625,-25980.7285156,0.0
-187500.015625,-187500.015625,-187500.015625,-187500.015625,-187500.015625,-187500.015625,-187500.015625,-25894.875,0.0
-187500.015625,-187500.015625,-187500.015625,-187500.015625,-187500.015625,-187500.015625,-187500.015625,-25796.8417969,0.0
-187500.015625,-187500.015625,-187500.015625,-187500.015625,-187500.015625,-187500.015625,-187500.015625,-25877.6210938,0.0
-187500.015625,-187500.015625,-187500.015625,-187500.015625,-187500.015625,-187500.015625,-187500.015625,-25975.1191406,0.0
-187500.015625,-187500.015625,-187500.015625,-187500.015625,-187500.015625,-187500.015625,-187500.015625,-25912.1757812,0.0
-187500.015625,-187500.015625,-187500.015625,-187500.015625,-187500.015625,-187500.015625,-187500.015625,-25801.3789062,0.0
-187500.015625,-187500.015625,-187500.015625,-187500.015625,-187500.015625,-187500.015625,-187500.015625,-25850.0390625,0.0
-187500.015625,-187500.015625,-187500.015625,-187500.015625,-187500.015625,-187500.015625,-187500.015625,-25969.6210938,0.0
-187500.015625,-187500.015625,-187500.015625,-187500.015625,-187500.015625,-187500.015625,-187500.015625,-25934.8632812,0.0
-187500.015625,-187500.015625,-187500.015625,-187500.015625,-187500.015625,-187500.015625,-187500.015625,-25810.3867188,0.0
-187500.015625,-187500.015625,-187500.015625,-187500.015625,-187500.015625,-187500.015625,-187500.015625,-25826.7480469,0.0
-187500.015625,-187500.015625,-187500.015625,-187500.015625,-187500.015625,-187500.015625,-187500.015625,-25953.7050781,0.0
-187500.015625,-187500.015625,-187500.015625,-187500.015625,-187500.015625,-187500.015625,-187500.015625,-25944.1835938,0.0
-187500.015625,-187500.015625,-187500.015625,-187500.015625,-187500.015625,-187500.015625,-187500.015625,-25815.3046875,0.0
-187500.015625,-187500.015625,-187500.015625,-187500.015625,-187500.015625,-187500.015625,-187500.015625,-25801.0878906,0.0
-187500.015625,-187500.015625,-187500.015625,-187500.015625,-187500.015625,-187500.015625,-187500.015625,-25927.1074219,0.0
-187500.015625,-187500.015625,-187500.015625,-187500.015625,-187500.015625,-187500.015625,-187500.015625,-25963.5410156,0.0
-187500.015625,-187500.015625,-187500.015625,-187500.015625,-187500.015625,-187500.015625,-187500.015625,-25840.8964844,0.0
-187500.015625,-187500.015625,-187500.015625,-187500.015625,-187500.015625,-187500.015625,-187500.015625,-25783.6308594,0.0
-187500.015625,-187500.015625,-187500.015625,-187500.015625,-187500.015625,-187500.015625,-187500.015625,-25902.9667969,0.0
-187500.015625,-187500.015625,-187500.015625,-187500.015625,-187500.015625,-187500.015625,-187500.015625,-25973.0839844,0.0
-187500.015625,-187500.015625,-187500.015625,-187500.015625,-187500.015625,-187500.015625,-187500.015625,-25868.1660156,0.0
-187500.015625,-187500.015625,-187500.015625,-187500.015625,-187500.015625,-187500.015625,-187500.015625,-25784.7714844,0.0
-187500.015625,-187500.015625,-187500.015625,-187500.015625,-187500.015625,-187500.015625,-187500.015625,-25883.0742188,0.0
-187500.015625,-187500.015625,-187500.015625,-187500.015625,-187500.015625,-187500.015625,-187500.015625,-25972.9960938,0.0
-187500.015625,-187500.015625,-187500.015625,-187500.015625,-187500.015625,-187500.015625,-187500.015625,-25888.1035156,0.0
-187500.015625,-187500.015625,-187500.015625,-187500.015625,-187500.015625,-187500.015625,-187500.015625,-25789.6445312,0.0
-187500.015625,-187500.015625,-187500.015625,-187500.015625,-187500.015625,-187500.015625,-187500.015625,-25863.4941406,0.0
-187500.015625,-187500.015625,-187500.015625,-187500.015625,-187500.015625,-187500.015625,-187500.015625,-25974.1796875,0.0
-187500.015625,-187500.015625,-187500.015625,-187500.015625,-187500.015625,-187500.015625,-187500.015625,-25910.6113281,0.0
-187500.015625,-187500.015625,-187500.015625,-187500.015625,-187500.015625,-187500.015625,-187500.015625,-25790.1796875,0.0
-187500.015625,-187500.015625,-187500.015625,-187500.015625,-187500.015625,-187500.015625,-187500.015625,-25837.5878906,0.0
-187500.015625,-187500.015625,-187500.015625,-187500.015625,-187500.015625,-187500.015625,-187500.015625,-25959.7851562,0.0
-187500.015625,-187500.015625,-187500.015625,-187500.015625,-187500.015625,-187500.015625,-187500.015625,-25934.4824219,0.0
-187500.015625,-187500.015625,-187500.015625,-187500.015625,-187500.015625,-187500.015625,-187500.015625,-25802.3613281,0.0
-187500.015625,-187500.015625,-187500.015625,-187500.015625,-187500.015625,-187500.015625,-187500.015625,-25811.4589844,0.0
-187500.015625,-187500.015625,-187500.015625,-187500.015625,-187500.015625,-187500.015625,-187500.015625,-25944.6523438,0.0
-187500.015625,-187500.015625,-187500.015625,-187500.015625,-187500.015625,-187500.015625,-187500.015625,-25953.1914062,0.0
-187500.015625,-187500.015625,-187500.015625,-187500.015625,-187500.015625,-187500.015625,-187500.015625,-25828.2675781,0.0
-187500.015625,-187500.015625,-187500.015625,-187500.015625,-187500.015625,-187500.015625,-187500.015625,-25810.6992188,0.0
-187500.015625,-187500.015625,-187500.015625,-187500.015625,-187500.015625,-187500.015625,-187500.015625,-25930.4160156,0.0
-187500.015625,-187500.015625,-187500.015625,-187500.015625,-187500.015625,-187500.015625,-187500.015625,-25966.4453125,0.0
-187500.015625,-187500.015625,-187500.015625,-187500.015625,-187500.015625,-187500.015625,-187500.015625,-25844.0703125,0.0
-187500.015625,-187500.015625,-187500.015625,-187500.015625,-187500.015625,-187500.015625,-187500.015625,-25794.4277344,0.0
-187500.015625,-187500.015625,-187500.015625,-187500.015625,-187500.015625,-187500.015625,-187500.015625,-25905.9179688,0.0
-187500.015625,-187500.015625,-187500.015625,-187500.015625,-187500.015625,-187500.015625,-187500.015625,-25976.1699219,0.0
-187500.015625,-187500.015625,-187500.015625,-187500.015625,-187500.015625,-187500.015625,-187500.015625,-25871.4511719,0.0
-187500.015625,-187500.015625,-187500.015625,-187500.015625,-187500.015625,-187500.015625,-187500.015625,-25793.890625,0.0
-187500.015625,-187500.015625,-187500.015625,-187500.015625,-187500.015625,-187500.015625,-187500.015625,-25890.8300781,0.0
-187500.015625,-187500.015625,-187500.015625,-187500.015625,-187500.015625,-187500.015625,-187500.015625,-25981.5117188,0.0
-187500.015625,-187500.015625,-187500.015625,-187500.015625,-187500.015625,-187500.015625,-187500.015625,-25908.9804688,0.0
-187500.015625,-187500.015625,-187500.015625,-187500.015625,-187500.015625,-187500.015625,-187500.015625,-25813.5605469,0.0
-187500.015625,-187500.015625,-187500.015625,-187500.015625,-187500.015625,-187500.015625,-187500.015625,-25878.4921875,0.0
-187500.015625,-187500.015625,-187500.015625,-187500.015625,-187500.015625,-187500.015625,-187500.015625,-25984.7753906,0.0
-187500.015625,-187500.015625,-187500.015625,-187500.015625,-187500.015625,-187500.015625,-187500.015625,-25933.3886719,0.0
-187500.015625,-187500.015625,-187500.015625,-187500.015625,-187500.015625,-187500.015625,-187500.015625,-25814.2988281,0.0
-187500.015625,-187500.015625,-187500.015625,-187500.015625,-187500.015625,-187500.015625,-187500.015625,-25848.5859375,0.0
-187500.015625,-187500.015625,-187500.015625,-187500.015625,-187500.015625,-187500.015625,-187500.015625,-25967.9433594,0.0
-187500.015625,-187500.015625,-187500.015625,-187500.015625,-187500.015625,-187500.015625,-187500.015625,-25945.1445312,0.0
-187500.015625,-187500.015625,-187500.015625,-187500.015625,-187500.015625,-187500.015625,-187500.015625,-25819.0371094,0.0
-187500.015625,-187500.015625,-187500.015625,-187500.015625,-187500.015625,-187500.015625,-187500.015625,-25819.5058594,0.0
-187500.015625,-187500.015625,-187500.015625,-187500.015625,-187500.015625,-187500.015625,-187500.015625,-25946.9785156,0.0
-187500.015625,-187500.015625,-187500.015625,-187500.015625,-187500.015625,-187500.015625,-187500.015625,-25964.0332031,0.0
-187500.015625,-187500.015625,-187500.015625,-187500.015625,-187500.015625,-187500.015625,-187500.015625,-25838.2148438,0.0
-187500.015625,-187500.015625,-187500.015625,-187500.015625,-187500.015625,-187500.015625,-187500.015625,-25808.3085938,0.0
-187500.015625,-187500.015625,-187500.015625,-187500.015625,-187500.015625,-187500.015625,-187500.015625,-25931.9355469,0.0
-187500.015625,-187500.015625,-187500.015625,-187500.015625,-187500.015625,-187500.015625,-187500.015625,-25972.8164062,0.0
-187500.015625,-187500.015625,-187500.015625,-187500.015625,-187500.015625,-187500.015625,-187500.015625,-25856.9453125,0.0
-187500.015625,-187500.015625,-187500.015625,-187500.015625,-187500.015625,-187500.015625,-187500.015625,-25800.5292969,0.0
-187500.015625,-187500.015625,-187500.015625,-187500.015625,-187500.015625,-187500.015625,-187500.015625,-25910.7460938,0.0
-187500.015625,-187500.015625,-187500.015625,-187500.015625,-187500.015625,-187500.015625,-187500.015625,-25982.5390625,0.0
-187500.015625,-187500.015625,-187500.015625,-187500.015625,-187500.015625,-187500.015625,-187500.015625,-25886.8730469,0.0
-187500.015625,-187500.015625,-187500.015625,-187500.015625,-187500.015625,-187500.015625,-187500.015625,-25798.9199219,0.0
-187500.015625,-187500.015625,-187500.015625,-187500.015625,-187500.015625,-187500.015625,-187500.015625,-25886.4941406,0.0
-187500.015625,-187500.015625,-187500.015625,-187500.015625,-187500.015625,-187500.015625,-187500.015625,-25980.0351562,0.0
-187500.015625,-187500.015625,-187500.015625,-187500.015625,-187500.015625,-187500.015625,-187500.015625,-25904.1289062,0.0
-187500.015625,-187500.015625,-187500.015625,-187500.015625,-187500.015625,-187500.015625,-187500.015625,-25797.109375,0.0
-187500.015625,-187500.015625,-187500.015625,-187500.015625,-187500.015625,-187500.015625,-187500.015625,-25853.8828125,0.0
-187500.015625,-187500.015625,-187500.015625,-187500.015625,-187500.015625,-187500.015625,-187500.015625,-25971.6542969,0.0
-187500.015625,-187500.015625,-187500.015625,-187500.015625,-187500.015625,-187500.015625,-187500.015625,-25929.0507812,0.0
-187500.015625,-187500.015625,-187500.015625,-187500.015625,-187500.015625,-187500.015625,-187500.015625,-25809.4707031,0.0
-187500.015625,-187500.015625,-187500.015625,-187500.015625,-187500.015625,-187500.015625,-187500.015625,-25841.5,0.0
-187500.015625,-187500.015625,-187500.015625,-187500.015625,-187500.015625,-187500.015625,-187500.015625,-25965.6191406,0.0
-187500.015625,-187500.015625,-187500.015625,-187500.015625,-187500.015625,-187500.015625,-187500.015625,-25950.8007812,0.0
-187500.015625,-187500.015625,-187500.015625,-187500.015625,-187500.015625,-187500.015625,-187500.015625,-25826.5683594,0.0
-187500.015625,-187500.015625,-187500.015625,-187500.015625,-187500.015625,-187500.015625,-187500.015625,-25829.2519531,0.0
-187500.015625,-187500.015625,-187500.015625,-187500.015625,-187500.015625,-187500.015625,-187500.015625,-25955.6289062,0.0
-187500.015625,-187500.015625,-187500.015625,-187500.015625,-187500.015625,-187500.015625,-187500.015625,-25970.9160156,0.0
-187500.015625,-187500.015625,-187500.015625,-187500.015625,-187500.015625,-187500.015625,-187500.015625,-25845.5683594,0.0
-187500.015625,-187500.015625,-187500.015625,-187500.015625,-187500.015625,-187500.015625,-187500.015625,-25808.21875,0.0
-187500.015625,-187500.015625,-187500.015625,-187500.015625,-187500.015625,-187500.015625,-187500.015625,-25924.9394531,0.0
-187500.015625,-187500.015625,-187500.015625,-187500.015625,-187500.015625,-187500.015625,-187500.015625,-25981.8242188,0.0
-187500.015625,-187500.015625,-187500.015625,-187500.015625,-187500.015625,-187500.015625,-187500.015625,-25868.3886719,0.0
-187500.015625,-187500.015625,-187500.015625,-187500.015625,-187500.015625,-187500.015625,-187500.015625,-25800.3066406,0.0
-187500.015625,-187500.015625,-187500.015625,-187500.015625,-187500.015625,-187500.015625,-187500.015625,-25904.1523438,0.0
-187500.015625,-187500.015625,-187500.015625,-187500.015625,-187500.015625,-187500.015625,-187500.015625,-25977.8007812,0.0
-187500.015625,-187500.015625,-187500.015625,-187500.015625,-187500.015625,-187500.015625,-187500.015625,-25882.6269531,0.0
-187500.015625,-187500.015625,-187500.015625,-187500.015625,-187500.015625,-187500.015625,-187500.015625,-25792.3710938,0.0
-187500.015625,-187500.015625,-187500.015625,-187500.015625,-187500.015625,-187500.015625,-187500.015625,-25877.7539062,0.0
-187500.015625,-187500.015625,-187500.015625,-187500.015625,-187500.015625,-187500.015625,-187500.015625,-25974.0019531,0.0
-187500.015625,-187500.015625,-187500.015625,-187500.015625,-187500.015625,-187500.015625,-187500.015625,-25903.3027344,0.0
-187500.015625,-187500.015625,-187500.015625,-187500.015625,-187500.015625,-187500.015625,-187500.015625,-25791.8574219,0.0
-187500.015625,-187500.015625,-187500.015625,-187500.015625,-187500.015625,-187500.015625,-187500.015625,-25845.2109375,0.0
-187500.015625,-187500.015625,-187500.015625,-187500.015625,-187500.015625,-187500.015625,-187500.015625,-25965.5976562,0.0
-187500.015625,-187500.015625,-187500.015625,-187500.015625,-187500.015625,-187500.015625,-187500.015625,-25924.4921875,0.0
-187500.015625,-187500.015625,-187500.015625,-187500.015625,-187500.015625,-187500.015625,-187500.015625,-25803.6816406,0.0
-187500.015625,-187500.015625,-187500.015625,-187500.015625,-187500.015625,-187500.015625,-187500.015625,-25827.7988281,0.0
-187500.015625,-187500.015625,-187500.015625,-187500.015625,-187500.015625,-187500.015625,-187500.015625,-25953.2363281,0.0
-187500.015625,-187500.015625,-187500.015625,-187500.015625,-187500.015625,-187500.015625,-187500.015625,-25941.703125,0.0
-187500.015625,-187500.015625,-187500.015625,-187500.015625,-187500.015625,-187500.015625,-187500.015625,-25819.8632812,0.0
-187500.015625,-187500.015625,-187500.015625,-187500.015625,-187500.015625,-187500.015625,-187500.015625,-25805.1328125,0.0
-187500.015625,-187500.015625,-187500.015625,-187500.015625,-187500.015625,-187500.015625,-187500.015625,-25930.2148438,0.0
-187500.015625,-187500.015625,-187500.015625,-187500.015625,-187500.015625,-187500.015625,-187500.015625,-25958.8691406,0.0
-187500.015625,-187500.015625,-187500.015625,-187500.015625,-187500.015625,-187500.015625,-187500.015625,-25839.1523438,0.0
-187500.015625,-187500.015625,-187500.015625,-187500.015625,-187500.015625,-187500.015625,-187500.015625,-25798.0703125,0.0
-187500.015625,-187500.015625,-187500.015625,-187500.015625,-187500.015625,-187500.015625,-187500.015625,-25916.0214844,0.0
-187500.015625,-187500.015625,-187500.015625,-187500.015625,-187500.015625,-187500.015625,-187500.015625,-25975.4980469,0.0
-187500.015625,-187500.015625,-187500.015625,-187500.015625,-187500.015625,-187500.015625,-187500.015625,-25866.0195312,0.0
-187500.015625,-187500.015625,-187500.015625,-187500.015625,-187500.015625,-187500.015625,-187500.015625,-25790.9394531,0.0
-187500.015625,-187500.015625,-187500.015625,-187500.015625,-187500.015625,-187500.015625,-187500.015625,-25890.71875,0.0
-187500.015625,-187500.015625,-187500.015625,-187500.015625,-187500.015625,-187500.015625,-187500.015625,-25978.0253906,0.0
-187500.015625,-187500.015625,-187500.015625,-187500.015625,-187500.015625,-187500.015625,-187500.015625,-25896.7539062,0.0
-187500.015625,-187500.015625,-187500.015625,-187500.015625,-187500.015625,-187500.015625,-187500.015625,-25806.1171875,0.0
-187500.015625,-187500.015625,-187500.015625,-187500.015625,-187500.015625,-187500.015625,-187500.015625,-25886.8730469,0.0
-187500.015625,-187500.015625,-187500.015625,-187500.015625,-187500.015625,-187500.015625,-187500.015625,-25999.5273438,0.0
-187500.015625,-187500.015625,-187500.015625,-187500.015625,-187500.015625,-187500.015625,-187500.015625,-25934.6835938,0.0
-187500.015625,-187500.015625,-187500.015625,-187500.015625,-187500.015625,-187500.015625,-187500.015625,-25818.2988281,0.0
-187500.015625,-187500.015625,-187500.015625,-187500.015625,-187500.015625,-187500.015625,-187500.015625,-25868.1875,0.0
-187500.015625,-187500.015625,-187500.015625,-187500.015625,-187500.015625,-187500.015625,-187500.015625,-25984.0371094,0.0
-187500.015625,-187500.015625,-187500.015625,-187500.015625,-187500.015625,-187500.015625,-187500.015625,-25947.0234375,0.0
-187500.015625,-187500.015625,-187500.015625,-187500.015625,-187500.015625,-187500.015625,-187500.015625,-25823.6855469,0.0
-187500.015625,-187500.015625,-187500.015625,-187500.015625,-187500.015625,-187500.015625,-187500.015625,-25842.484375,0.0
-187500.015625,-187500.015625,-187500.015625,-187500.015625,-187500.015625,-187500.015625,-187500.015625,-25966.5351562,0.0
-187500.015625,-187500.015625,-187500.015625,-187500.015625,-187500.015625,-187500.015625,-187500.015625,-25961.640625,0.0
-187500.015625,-187500.015625,-187500.015625,-187500.015625,-187500.015625,-187500.015625,-187500.015625,-25832.0683594,0.0
-187500.015625,-187500.015625,-187500.015625,-187500.015625,-187500.015625,-187500.015625,-187500.015625,-25819.1035156,0.0
-187500.015625,-187500.015625,-187500.015625,-187500.015625,-187500.015625,-187500.015625,-187500.015625,-25942.9316406,0.0
-187500.015625,-187500.015625,-187500.015625,-187500.015625,-187500.015625,-187500.015625,-187500.015625,-25974.5605469,0.0
-187500.015625,-187500.015625,-187500.015625,-187500.015625,-187500.015625,-187500.015625,-187500.015625,-25850.328125,0.0
-187500.015625,-187500.015625,-187500.015625,-187500.015625,-187500.015625,-187500.015625,-187500.015625,-25807.3457031,0.0
-187500.015625,-187500.015625,-187500.015625,-187500.015625,-187500.015625,-187500.015625,-187500.015625,-25922.3691406,0.0
-187500.015625,-187500.015625,-187500.015625,-187500.015625,-187500.015625,-187500.015625,-187500.015625,-25985.4453125,0.0
-187500.015625,-187500.015625,-187500.015625,-187500.015625,-187500.015625,-187500.015625,-187500.015625,-25878.984375,0.0
-187500.015625,-187500.015625,-187500.015625,-187500.015625,-187500.015625,-187500.015625,-187500.015625,-25802.71875,0.0
-187500.015625,-187500.015625,-187500.015625,-187500.015625,-187500.015625,-187500.015625,-187500.015625,-25900.7089844,0.0
-187500.015625,-187500.015625,-187500.015625,-187500.015625,-187500.015625,-187500.015625,-187500.015625,-25983.1425781,0.0
-187500.015625,-187500.015625,-187500.015625,-187500.015625,-187500.015625,-187500.015625,-187500.015625,-25887.8789062,0.0
-187500.015625,-187500.015625,-187500.015625,-187500.015625,-187500.015625,-187500.015625,-187500.015625,-25791.0292969,0.0
-187500.015625,-187500.015625,-187500.015625,-187500.015625,-187500.015625,-187500.015625,-187500.015625,-25859.5605469,0.0
-187500.015625,-187500.015625,-187500.015625,-187500.015625,-187500.015625,-187500.015625,-187500.015625,-25969.4199219,0.0
-187500.015625,-187500.015625,-187500.015625,-187500.015625,-187500.015625,-187500.015625,-187500.015625,-25915.8867188,0.0
-187500.015625,-187500.015625,-187500.015625,-187500.015625,-187500.015625,-187500.015625,-187500.015625,-25799.1875,0.0
-187500.015625,-187500.015625,-187500.015625,-187500.015625,-187500.015625,-187500.015625,-187500.015625,-25841.6347656,0.0
-187500.015625,-187500.015625,-187500.015625,-187500.015625,-187500.015625,-187500.015625,-187500.015625,-25964.8144531,0.0
-187500.015625,-187500.015625,-187500.015625,-187500.015625,-187500.015625,-187500.015625,-187500.015625,-25936.9863281,0.0
-187500.015625,-187500.015625,-187500.015625,-187500.015625,-187500.015625,-187500.015625,-187500.015625,-25814.4316406,0.0
-187500.015625,-187500.015625,-187500.015625,-187500.015625,-187500.015625,-187500.015625,-187500.015625,-25823.4394531,0.0
-187500.015625,-187500.015625,-187500.015625,-187500.015625,-187500.015625,-187500.015625,-187500.015625,-25952.2089844,0.0
-187500.015625,-187500.015625,-187500.015625,-187500.015625,-187500.015625,-187500.015625,-187500.015625,-25956.0976562,0.0
-187500.015625,-187500.015625,-187500.015625,-187500.015625,-187500.015625,-187500.015625,-187500.015625,-25829.6992188,0.0
-187500.015625,-187500.015625,-187500.015625,-187500.015625,-187500.015625,-187500.015625,-187500.015625,-25809.9160156,0.0
-187500.015625,-187500.015625,-187500.015625,-187500.015625,-187500.015625,-187500.015625,-187500.015625,-25936.3378906,0.0
-187500.015625,-187500.015625,-187500.015625,-187500.015625,-187500.015625,-187500.015625,-187500.015625,-25972.75,0.0
-187500.015625,-187500.015625,-187500.015625,-187500.015625,-187500.015625,-187500.015625,-187500.015625,-25855.6933594,0.0
-187500.015625,-187500.015625,-187500.015625,-187500.015625,-187500.015625,-187500.015625,-187500.015625,-25806.0058594,0.0
-187500.015625,-187500.015625,-187500.015625,-187500.015625,-187500.015625,-187500.015625,-187500.015625,-25915.7070312,0.0
-187500.015625,-187500.015625,-187500.015625,-187500.015625,-187500.015625,-187500.015625,-187500.015625,-25982.3164062,0.0
-187500.015625,-187500.015625,-187500.015625,-187500.015625,-187500.015625,-187500.015625,-187500.015625,-25885.4667969,0.0
-187500.015625,-187500.015625,-187500.015625,-187500.015625,-187500.015625,-187500.015625,-187500.015625,-25803.3671875,0.0
-187500.015625,-187500.015625,-187500.015625,-187500.015625,-187500.015625,-187500.015625,-187500.015625,-25893.78125,0.0
-187500.015625,-187500.015625,-187500.015625,-187500.015625,-187500.015625,-187500.015625,-187500.015625,-25982.2480469,0.0
-187500.015625,-187500.015625,-187500.015625,-187500.015625,-187500.015625,-187500.015625,-187500.015625,-25901.5585938,0.0
-187500.015625,-187500.015625,-187500.015625,-187500.015625,-187500.015625,-187500.015625,-187500.015625,-25798.8085938,0.0
-187500.015625,-187500.015625,-187500.015625,-187500.015625,-187500.015625,-187500.015625,-187500.015625,-25864.2089844,0.0
-187500.015625,-187500.015625,-187500.015625,-187500.015625,-187500.015625,-187500.015625,-187500.015625,-25977.1074219,0.0
-187500.015625,-187500.015625,-187500.015625,-187500.015625,-187500.015625,-187500.015625,-187500.015625,-25919.8203125,0.0
-187500.015625,-187500.015625,-187500.015625,-187500.015625,-187500.015625,-187500.015625,-187500.015625,-25803.9492188,0.0
-187500.015625,-187500.015625,-187500.015625,-187500.015625,-187500.015625,-187500.015625,-187500.015625,-25837.8574219,0.0
-187500.015625,-187500.015625,-187500.015625,-187500.015625,-187500.015625,-187500.015625,-187500.015625,-25962.78125,0.0
-187500.015625,-187500.015625,-187500.015625,-187500.015625,-187500.015625,-187500.015625,-187500.015625,-25934.4824219,0.0
-187500.015625,-187500.015625,-187500.015625,-187500.015625,-187500.015625,-187500.015625,-187500.015625,-25809.2910156,0.0
-187500.015625,-187500.015625,-187500.015625,-187500.015625,-187500.015625,-187500.015625,-187500.015625,-25815.9746094,0.0
-187500.015625,-187500.015625,-187500.015625,-187500.015625,-187500.015625,-187500.015625,-187500.015625,-25945.6152344,0.0
-187500.015625,-187500.015625,-187500.015625,-187500.015625,-187500.015625,-187500.015625,-187500.015625,-25956.5664062,0.0
-187500.015625,-187500.015625,-187500.015625,-187500.015625,-187500.015625,-187500.015625,-187500.015625,-25830.8828125,0.0
-187500.015625,-187500.015625,-187500.015625,-187500.015625,-187500.015625,-187500.015625,-187500.015625,-25802.2734375,0.0
-187500.015625,-187500.015625,-187500.015625,-187500.015625,-187500.015625,-187500.015625,-187500.015625,-25924.3125,0.0
-187500.015625,-187500.015625,-187500.015625,-187500.015625,-187500.015625,-187500.015625,-187500.015625,-25967.4082031,0.0
-187500.015625,-187500.015625,-187500.015625,-187500.015625,-187500.015625,-187500.015625,-187500.015625,-25849.3222656,0.0
-187500.015625,-187500.015625,-187500.015625,-187500.015625,-187500.015625,-187500.015625,-187500.015625,-25791.3417969,0.0
-187500.015625,-187500.015625,-187500.015625,-187500.015625,-187500.015625,-187500.015625,-187500.015625,-25894.0703125,0.0
-187500.015625,-187500.015625,-187500.015625,-187500.015625,-187500.015625,-187500.015625,-187500.015625,-25969.9101562,0.0
-187500.015625,-187500.015625,-187500.015625,-187500.015625,-187500.015625,-187500.015625,-187500.015625,-25873.84375,0.0
-187500.015625,-187500.015625,-187500.015625,-187500.015625,-187500.015625,-187500.015625,-187500.015625,-25782.8710938,0.0
-187500.015625,-187500.015625,-187500.015625,-187500.015625,-187500.015625,-187500.015625,-187500.015625,-25871.0488281,0.0
-187500.015625,-187500.015625,-187500.015625,-187500.015625,-187500.015625,-187500.015625,-187500.015625,-25967.765625,0.0
-187500.015625,-187500.015625,-187500.015625,-187500.015625,-187500.015625,-187500.015625,-187500.015625,-25901.828125,0.0
-187500.015625,-187500.015625,-187500.015625,-187500.015625,-187500.015625,-187500.015625,-187500.015625,-25789.3300781,0.0
-187500.015625,-187500.015625,-187500.015625,-187500.015625,-187500.015625,-187500.015625,-187500.015625,-25851.0449219,0.0
-187500.015625,-187500.015625,-187500.015625,-187500.015625,-187500.015625,-187500.015625,-187500.015625,-25970.15625,0.0
-187500.015625,-187500.015625,-187500.015625,-187500.015625,-187500.015625,-187500.015625,-187500.015625,-25920.2460938,0.0
-187500.015625,-187500.015625,-187500.015625,-187500.015625,-187500.015625,-187500.015625,-187500.015625,-25802.71875,0.0
-187500.015625,-187500.015625,-187500.015625,-187500.015625,-187500.015625,-187500.015625,-187500.015625,-25835.3300781,0.0
-187500.015625,-187500.015625,-187500.015625,-187500.015625,-187500.015625,-187500.015625,-187500.015625,-25960.6796875,0.0
-187500.015625,-187500.015625,-187500.015625,-187500.015625,-187500.015625,-187500.015625,-187500.015625,-25937.2109375,0.0
-187500.015625,-187500.015625,-187500.015625,-187500.015625,-187500.015625,-187500.015625,-187500.015625,-25812.2636719,0.0
-187500.015625,-187500.015625,-187500.015625,-187500.015625,-187500.015625,-187500.015625,-187500.015625,-25814.65625,0.0
-187500.015625,-187500.015625,-187500.015625,-187500.015625,-187500.015625,-187500.015625,-187500.015625,-25936.2714844,0.0
-187500.015625,-187500.015625,-187500.015625,-187500.015625,-187500.015625,-187500.015625,-187500.015625,-25959.7402344,0.0
-187500.015625,-187500.015625,-187500.015625,-187500.015625,-187500.015625,-187500.015625,-187500.015625,-25839.5097656,0.0
-187500.015625,-187500.015625,-187500.015625,-187500.015625,-187500.015625,-187500.015625,-187500.015625,-25806.2285156,0.0
-187500.015625,-187500.015625,-187500.015625,-187500.015625,-187500.015625,-187500.015625,-187500.015625,-25931.3085938,0.0
-187500.015625,-187500.015625,-187500.015625,-187500.015625,-187500.015625,-187500.015625,-187500.015625,-25982.4726562,0.0
-187500.015625,-187500.015625,-187500.015625,-187500.015625,-187500.015625,-187500.015625,-187500.015625,-25866.4667969,0.0
-187500.015625,-187500.015625,-187500.015625,-187500.015625,-187500.015625,-187500.015625,-187500.015625,-25800.3066406,0.0
-187500.015625,-187500.015625,-187500.015625,-187500.015625,-187500.015625,-187500.015625,-187500.015625,-25906.8574219,0.0
-187500.015625,-187500.015625,-187500.015625,-187500.015625,-187500.015625,-187500.015625,-187500.015625,-25982.4941406,0.0
-187500.015625,-187500.015625,-187500.015625,-187500.015625,-187500.015625,-187500.015625,-187500.015625,-25888.1484375,0.0
-187500.015625,-187500.015625,-187500.015625,-187500.015625,-187500.015625,-187500.015625,-187500.015625,-25795.2773438,0.0
-187500.015625,-187500.015625,-187500.015625,-187500.015625,-187500.015625,-187500.015625,-187500.015625,-25879.5195312,0.0
-187500.015625,-187500.015625,-187500.015625,-187500.015625,-187500.015625,-187500.015625,-187500.015625,-25989.1328125,0.0
-187500.015625,-187500.015625,-187500.015625,-187500.015625,-187500.015625,-187500.015625,-187500.015625,-25912.7578125,0.0
-187500.015625,-187500.015625,-187500.015625,-187500.015625,-187500.015625,-187500.015625,-187500.015625,-25800.5292969,0.0
-187500.015625,-187500.015625,-187500.015625,-187500.015625,-187500.015625,-187500.015625,-187500.015625,-25855.2011719,0.0
-187500.015625,-187500.015625,-187500.015625,-187500.015625,-187500.015625,-187500.015625,-187500.015625,-25971.3632812,0.0
-187500.015625,-187500.015625,-187500.015625,-187500.015625,-187500.015625,-187500.015625,-187500.015625,-25931.2421875,0.0
-187500.015625,-187500.015625,-187500.015625,-187500.015625,-187500.015625,-187500.015625,-187500.015625,-25807.4804688,0.0
-187500.015625,-187500.015625,-187500.015625,-187500.015625,-187500.015625,-187500.015625,-187500.015625,-25829.0957031,0.0
-187500.015625,-187500.015625,-187500.015625,-187500.015625,-187500.015625,-187500.015625,-187500.015625,-25955.0917969,0.0
-187500.015625,-187500.015625,-187500.015625,-187500.015625,-187500.015625,-187500.015625,-187500.015625,-25943.3125,0.0
-187500.015625,-187500.015625,-187500.015625,-187500.015625,-187500.015625,-187500.015625,-187500.015625,-25819.5273438,0.0
-187500.015625,-187500.015625,-187500.015625,-187500.015625,-187500.015625,-187500.015625,-187500.015625,-25811.9277344,0.0
-187500.015625,-187500.015625,-187500.015625,-187500.015625,-187500.015625,-187500.015625,-187500.015625,-25938.7753906,0.0
-187500.015625,-187500.015625,-187500.015625,-187500.015625,-187500.015625,-187500.015625,-187500.015625,-25964.7480469,0.0
-187500.015625,-187500.015625,-187500.015625,-187500.015625,-187500.015625,-187500.015625,-187500.015625,-25839.421875,0.0
-187500.015625,-187500.015625,-187500.015625,-187500.015625,-187500.015625,-187500.015625,-187500.015625,-25797.6464844,0.0
-187500.015625,-187500.015625,-187500.015625,-187500.015625,-187500.015625,-187500.015625,-187500.015625,-25925.1621094,0.0
-187500.015625,-187500.015625,-187500.015625,-187500.015625,-187500.015625,-187500.015625,-187500.015625,-25979.4316406,0.0
-187500.015625,-187500.015625,-187500.015625,-187500.015625,-187500.015625,-187500.015625,-187500.015625,-25868.7011719,0.0
-187500.015625,-187500.015625,-187500.015625,-187500.015625,-187500.015625,-187500.015625,-187500.015625,-25799.4785156,0.0
-187500.015625,-187500.015625,-187500.015625,-187500.015625,-187500.015625,-187500.015625,-187500.015625,-25900.9101562,0.0
-187500.015625,-187500.015625,-187500.015625,-187500.015625,-187500.015625,-187500.015625,-187500.015625,-25984.8417969,0.0
-187500.015625,-187500.015625,-187500.015625,-187500.015625,-187500.015625,-187500.015625,-187500.015625,-25894.4296875,0.0
-187500.015625,-187500.015625,-187500.015625,-187500.015625,-187500.015625,-187500.015625,-187500.015625,-25798.4960938,0.0
-187500.015625,-187500.015625,-187500.015625,-187500.015625,-187500.015625,-187500.015625,-187500.015625,-25876.4804688,0.0
-187500.015625,-187500.015625,-187500.015625,-187500.015625,-187500.015625,-187500.015625,-187500.015625,-25983.65625,0.0
-187500.015625,-187500.015625,-187500.015625,-187500.015625,-187500.015625,-187500.015625,-187500.015625,-25915.1269531,0.0
-187500.015625,-187500.015625,-187500.015625,-187500.015625,-187500.015625,-187500.015625,-187500.015625,-25795.7910156,0.0
-187500.015625,-187500.015625,-187500.015625,-187500.015625,-187500.015625,-187500.015625,-187500.015625,-25844.1152344,0.0
-187500.015625,-187500.015625,-187500.015625,-187500.015625,-187500.015625,-187500.015625,-187500.015625,-25965.171875,0.0
-187500.015625,-187500.015625,-187500.015625,-187500.015625,-187500.015625,-187500.015625,-187500.015625,-25931.6894531,0.0
-187500.015625,-187500.015625,-187500.015625,-187500.015625,-187500.015625,-187500.015625,-187500.015625,-25804.5078125,0.0
-187500.015625,-187500.015625,-187500.015625,-187500.015625,-187500.015625,-187500.015625,-187500.015625,-25824.1777344,0.0
-187500.015625,-187500.015625,-187500.015625,-187500.015625,-187500.015625,-187500.015625,-187500.015625,-25957.8398438,0.0
-187500.015625,-187500.015625,-187500.015625,-187500.015625,-187500.015625,-187500.015625,-187500.015625,-25956.65625,0.0
-187500.015625,-187500.015625,-187500.015625,-187500.015625,-187500.015625,-187500.015625,-187500.015625,-25831.3300781,0.0
-187500.015625,-187500.015625,-187500.015625,-187500.015625,-187500.015625,-187500.015625,-187500.015625,-25812.4882812,0.0
-187500.015625,-187500.015625,-187500.015625,-187500.015625,-187500.015625,-187500.015625,-187500.015625,-25945.9277344,0.0
-187500.015625,-187500.015625,-187500.015625,-187500.015625,-187500.015625,-187500.015625,-187500.015625,-25977.1523438,0.0
-187500.015625,-187500.015625,-187500.015625,-187500.015625,-187500.015625,-187500.015625,-187500.015625,-25852.7871094,0.0
-187500.015625,-187500.015625,-187500.015625,-187500.015625,-187500.015625,-187500.015625,-187500.015625,-25810.2304688,0.0
-187500.015625,-187500.015625,-187500.015625,-187500.015625,-187500.015625,-187500.015625,-187500.015625,-25921.8320312,0.0
-187500.015625,-187500.015625,-187500.015625,-187500.015625,-187500.015625,-187500.015625,-187500.015625,-25981.4667969,0.0
-187500.015625,-187500.015625,-187500.015625,-187500.015625,-187500.015625,-187500.015625,-187500.015625,-25878.7832031,0.0
-187500.015625,-187500.015625,-187500.015625,-187500.015625,-187500.015625,-187500.015625,-187500.015625,-25807.7714844,0.0
-187500.015625,-187500.015625,-187500.015625,-187500.015625,-187500.015625,-187500.015625,-187500.015625,-25898.765625,0.0
-187500.015625,-187500.015625,-187500.015625,-187500.015625,-187500.015625,-187500.015625,-187500.015625,-25991.0117188,0.0
-187500.015625,-187500.015625,-187500.015625,-187500.015625,-187500.015625,-187500.015625,-187500.015625,-25901.828125,0.0
-187500.015625,-187500.015625,-187500.015625,-187500.015625,-187500.015625,-187500.015625,-187500.015625,-25802.9199219,0.0
-187500.015625,-187500.015625,-187500.015625,-187500.015625,-187500.015625,-187500.015625,-187500.015625,-25871.5175781,0.0
-187500.015625,-187500.015625,-187500.015625,-187500.015625,-187500.015625,-187500.015625,-187500.015625,-25979.8574219,0.0
-187500.015625,-187500.015625,-187500.015625,-187500.015625,-187500.015625,-187500.015625,-187500.015625,-25919.484375,0.0
-187500.015625,-187500.015625,-187500.015625,-187500.015625,-187500.015625,-187500.015625,-187500.015625,-25797.8476562,0.0
-187500.015625,-187500.015625,-187500.015625,-187500.015625,-187500.015625,-187500.015625,-187500.015625,-25839.421875,0.0
-187500.015625,-187500.015625,-187500.015625,-187500.015625,-187500.015625,-187500.015625,-187500.015625,-25967.1621094,0.0
-187500.015625,-187500.015625,-187500.015625,-187500.015625,-187500.015625,-187500.015625,-187500.015625,-25937.9257812,0.0
-187500.015625,-187500.015625,-187500.015625,-187500.015625,-187500.015625,-187500.015625,-187500.015625,-25807.3457031,0.0
-187500.015625,-187500.015625,-187500.015625,-187500.015625,-187500.015625,-187500.015625,-187500.015625,-25820.1992188,0.0
-187500.015625,-187500.015625,-187500.015625,-187500.015625,-187500.015625,-187500.015625,-187500.015625,-25948.1621094,0.0
-187500.015625,-187500.015625,-187500.015625,-187500.015625,-187500.015625,-187500.015625,-187500.015625,-25950.1289062,0.0
-187500.015625,-187500.015625,-187500.015625,-187500.015625,-187500.015625,-187500.015625,-187500.015625,-25819.7734375,0.0
-187500.015625,-187500.015625,-187500.015625,-187500.015625,-187500.015625,-187500.015625,-187500.015625,-25799.9257812,0.0
-187500.015625,-187500.015625,-187500.015625,-187500.015625,-187500.015625,-187500.015625,-187500.015625,-25926.1015625,0.0
-187500.015625,-187500.015625,-187500.015625,-187500.015625,-187500.015625,-187500.015625,-187500.015625,-25960.1425781,0.0
-187500.015625,-187500.015625,-187500.015625,-187500.015625,-187500.015625,-187500.015625,-187500.015625,-25836.2480469,0.0
-187500.015625,-187500.015625,-187500.015625,-187500.015625,-187500.015625,-187500.015625,-187500.015625,-25787.5644531,0.0
-187500.015625,-187500.015625,-187500.015625,-187500.015625,-187500.015625,-187500.015625,-187500.015625,-25908.1757812,0.0
-187500.015625,-187500.015625,-187500.015625,-187500.015625,-187500.015625,-187500.015625,-187500.015625,-25979.1191406,0.0
-187500.015625,-187500.015625,-187500.015625,-187500.015625,-187500.015625,-187500.015625,-187500.015625,-25877.7324219,0.0
-187500.015625,-187500.015625,-187500.015625,-187500.015625,-187500.015625,-187500.015625,-187500.015625,-25799.5898438,0.0
-187500.015625,-187500.015625,-187500.015625,-187500.015625,-187500.015625,-187500.015625,-187500.015625,-25895.3222656,0.0
-187500.015625,-187500.015625,-187500.015625,-187500.015625,-187500.015625,-187500.015625,-187500.015625,-25996.5097656,0.0
-187500.015625,-187500.015625,-187500.015625,-187500.015625,-187500.015625,-187500.015625,-187500.015625,-25917.2050781,0.0
-187500.015625,-187500.015625,-187500.015625,-187500.015625,-187500.015625,-187500.015625,-187500.015625,-25810.4765625,0.0
-187500.015625,-187500.015625,-187500.015625,-187500.015625,-187500.015625,-187500.015625,-187500.015625,-25871.8984375,0.0
-187500.015625,-187500.015625,-187500.015625,-187500.015625,-187500.015625,-187500.015625,-187500.015625,-25982.3613281,0.0
-187500.015625,-187500.015625,-187500.015625,-187500.015625,-187500.015625,-187500.015625,-187500.015625,-25925.9453125,0.0
-187500.015625,-187500.015625,-187500.015625,-187500.015625,-187500.015625,-187500.015625,-187500.015625,-25805.2011719,0.0
-187500.015625,-187500.015625,-187500.015625,-187500.015625,-187500.015625,-187500.015625,-187500.015625,-25839.9121094,0.0
-187500.015625,-187500.015625,-187500.015625,-187500.015625,-187500.015625,-187500.015625,-187500.015625,-25954.2421875,0.0
-187500.015625,-187500.015625,-187500.015625,-187500.015625,-187500.015625,-187500.015625,-187500.015625,-25925.9667969,0.0
-187500.015625,-187500.015625,-187500.015625,-187500.015625,-187500.015625,-187500.015625,-187500.015625,-25802.9199219,0.0
-187500.015625,-187500.015625,-187500.015625,-187500.015625,-187500.015625,-187500.015625,-187500.015625,-25812.3984375,0.0
-187500.015625,-187500.015625,-187500.015625,-187500.015625,-187500.015625,-187500.015625,-187500.015625,-25936.1152344,0.0
-187500.015625,-187500.015625,-187500.015625,-187500.015625,-187500.015625,-187500.015625,-187500.015625,-25950.21875,0.0
-187500.015625,-187500.015625,-187500.015625,-187500.015625,-187500.015625,-187500.015625,-187500.015625,-25823.8867188,0.0
-187500.015625,-187500.015625,-187500.015625,-187500.015625,-187500.015625,-187500.015625,-187500.015625,-25796.2832031,0.0
-187500.015625,-187500.015625,-187500.015625,-187500.015625,-187500.015625,-187500.015625,-187500.015625,-25924.3808594,0.0
-187500.015625,-187500.015625,-187500.015625,-187500.015625,-187500.015625,-187500.015625,-187500.015625,-25967.5195312,0.0
-187500.015625,-187500.015625,-187500.015625,-187500.015625,-187500.015625,-187500.015625,-187500.015625,-25850.2167969,0.0
-187500.015625,-187500.015625,-187500.015625,-187500.015625,-187500.015625,-187500.015625,-187500.015625,-25794.2480469,0.0
-187500.015625,-187500.015625,-187500.015625,-187500.015625,-187500.015625,-187500.015625,-187500.015625,-25901.46875,0.0
-187500.015625,-187500.015625,-187500.015625,-187500.015625,-187500.015625,-187500.015625,-187500.015625,-25968.703125,0.0
-187500.015625,-187500.015625,-187500.015625,-187500.015625,-187500.015625,-187500.015625,-187500.015625,-25872.7929688,0.0
-187500.015625,-187500.015625,-187500.015625,-187500.015625,-187500.015625,-187500.015625,-187500.015625,-25787.8554688,0.0
-187500.015625,-187500.015625,-187500.015625,-187500.015625,-187500.015625,-187500.015625,-187500.015625,-25875.4296875,0.0
-187500.015625,-187500.015625,-187500.015625,-187500.015625,-187500.015625,-187500.015625,-187500.015625,-25975.5429688,0.0
-187500.015625,-187500.015625,-187500.015625,-187500.015625,-187500.015625,-187500.015625,-187500.015625,-25904.3300781,0.0
-187500.015625,-187500.015625,-187500.015625,-187500.015625,-187500.015625,-187500.015625,-187500.015625,-25794.6738281,0.0
-187500.015625,-187500.015625,-187500.015625,-187500.015625,-187500.015625,-187500.015625,-187500.015625,-25858.9335938,0.0
-187500.015625,-187500.015625,-187500.015625,-187500.015625,-187500.015625,-187500.015625,-187500.015625,-25979.96875,0.0
-187500.015625,-187500.015625,-187500.015625,-187500.015625,-187500.015625,-187500.015625,-187500.015625,-25933.9472656,0.0
-187500.015625,-187500.015625,-187500.015625,-187500.015625,-187500.015625,-187500.015625,-187500.015625,-25811.1679688,0.0
-187500.015625,-187500.015625,-187500.015625,-187500.015625,-187500.015625,-187500.015625,-187500.015625,-25845.5234375,0.0
-187500.015625,-187500.015625,-187500.015625,-187500.015625,-187500.015625,-187500.015625,-187500.015625,-25968.4570312,0.0
-187500.015625,-187500.015625,-187500.015625,-187500.015625,-187500.015625,-187500.015625,-187500.015625,-25950.9785156,0.0
-187500.015625,-187500.015625,-187500.015625,-187500.015625,-187500.015625,-187500.015625,-187500.015625,-25824.8027344,0.0
-187500.015625,-187500.015625,-187500.015625,-187500.015625,-187500.015625,-187500.015625,-187500.015625,-25820.0878906,0.0
-187500.015625,-187500.015625,-187500.015625,-187500.015625,-187500.015625,-187500.015625,-187500.015625,-25948.7441406,0.0
-187500.015625,-187500.015625,-187500.015625,-187500.015625,-187500.015625,-187500.015625,-187500.015625,-25971.6542969,0.0
-187500.015625,-187500.015625,-187500.015625,-187500.015625,-187500.015625,-187500.015625,-187500.015625,-25840.4941406,0.0
-187500.015625,-187500.015625,-187500.015625,-187500.015625,-187500.015625,-187500.015625,-187500.015625,-25803.1660156,0.0
-187500.015625,-187500.015625,-187500.015625,-187500.015625,-187500.015625,-187500.015625,-187500.015625,-25926.6152344,0.0
-187500.015625,-187500.015625,-187500.015625,-187500.015625,-187500.015625,-187500.015625,-187500.015625,-25974.2246094,0.0
-187500.015625,-187500.015625,-187500.015625,-187500.015625,-187500.015625,-187500.015625,-187500.015625,-25859.1132812,0.0
-187500.015625,-187500.015625,-187500.015625,-187500.015625,-187500.015625,-187500.015625,-187500.015625,-25798.5839844,0.0
-187500.015625,-187500.015625,-187500.015625,-187500.015625,-187500.015625,-187500.015625,-187500.015625,-25910.6347656,0.0
-187500.015625,-187500.015625,-187500.015625,-187500.015625,-187500.015625,-187500.015625,-187500.015625,-25990.0273438,0.0
-187500.015625,-187500.015625,-187500.015625,-187500.015625,-187500.015625,-187500.015625,-187500.015625,-25888.0800781,0.0
-187500.015625,-187500.015625,-187500.015625,-187500.015625,-187500.015625,-187500.015625,-187500.015625,-25795.8574219,0.0
-187500.015625,-187500.015625,-187500.015625,-187500.015625,-187500.015625,-187500.015625,-187500.015625,-25878.0898438,0.0
-187500.015625,-187500.015625,-187500.015625,-187500.015625,-187500.015625,-187500.015625,-187500.015625,-25980.6835938,0.0
-187500.015625,-187500.015625,-187500.015625,-187500.015625,-187500.015625,-187500.015625,-187500.015625,-25910.9023438,0.0
-187500.015625,-187500.015625,-187500.015625,-187500.015625,-187500.015625,-187500.015625,-187500.015625,-25798.7851562,0.0
-187500.015625,-187500.015625,-187500.015625,-187500.015625,-187500.015625,-187500.015625,-187500.015625,-25858.0410156,0.0
-187500.015625,-187500.015625,-187500.015625,-187500.015625,-187500.015625,-187500.015625,-187500.015625,-25976.5722656,0.0
-187500.015625,-187500.015625,-187500.015625,-187500.015625,-187500.015625,-187500.015625,-187500.015625,-25931.4648438,0.0
-187500.015625,-187500.015625,-187500.015625,-187500.015625,-187500.015625,-187500.015625,-187500.015625,-25808.84375,0.0
-187500.015625,-187500.015625,-187500.015625,-187500.015625,-187500.015625,-187500.015625,-187500.015625,-25831.6210938,0.0
-187500.015625,-187500.015625,-187500.015625,-187500.015625,-187500.015625,-187500.015625,-187500.015625,-25960.7011719,0.0
-187500.015625,-187500.015625,-187500.015625,-187500.015625,-187500.015625,-187500.015625,-187500.015625,-25943.7148438,0.0
-187500.015625,-187500.015625,-187500.015625,-187500.015625,-187500.015625,-187500.015625,-187500.015625,-25815.2148438,0.0
-187500.015625,-187500.015625,-187500.015625,-187500.015625,-187500.015625,-187500.015625,-187500.015625,-25808.4863281,0.0
-187500.015625,-187500.015625,-187500.015625,-187500.015625,-187500.015625,-187500.015625,-187500.015625,-25935.7128906,0.0
-187500.015625,-187500.015625,-187500.015625,-187500.015625,-187500.015625,-187500.015625,-187500.015625,-25967.1621094,0.0
-187500.015625,-187500.015625,-187500.015625,-187500.015625,-187500.015625,-187500.015625,-187500.015625,-25849.7246094,0.0
-187500.015625,-187500.015625,-187500.015625,-187500.015625,-187500.015625,-187500.015625,-187500.015625,-25810.5195312,0.0
-187500.015625,-187500.015625,-187500.015625,-187500.015625,-187500.015625,-187500.015625,-187500.015625,-25931.2421875,0.0
-187500.015625,-187500.015625,-187500.015625,-187500.015625,-187500.015625,-187500.015625,-187500.015625,-25991.2558594,0.0
-187500.015625,-187500.015625,-187500.015625,-187500.015625,-187500.015625,-187500.015625,-187500.015625,-25877.8222656,0.0
-187500.015625,-187500.015625,-187500.015625,-187500.015625,-187500.015625,-187500.015625,-187500.015625,-25805.2460938,0.0
-187500.015625,-187500.015625,-187500.015625,-187500.015625,-187500.015625,-187500.015625,-187500.015625,-25902.0722656,0.0
-187500.015625,-187500.015625,-187500.015625,-187500.015625,-187500.015625,-187500.015625,-187500.015625,-25993.0898438,0.0
-187500.015625,-187500.015625,-187500.015625,-187500.015625,-187500.015625,-187500.015625,-187500.015625,-25899.6816406,0.0
-187500.015625,-187500.015625,-187500.015625,-187500.015625,-187500.015625,-187500.015625,-187500.015625,-25800.9101562,0.0
-187500.015625,-187500.015625,-187500.015625,-187500.015625,-187500.015625,-187500.015625,-187500.015625,-25875.1386719,0.0
-187500.015625,-187500.015625,-187500.015625,-187500.015625,-187500.015625,-187500.015625,-187500.015625,-25981.1542969,0.0
-187500.015625,-187500.015625,-187500.015625,-187500.015625,-187500.015625,-187500.015625,-187500.015625,-25919.328125,0.0
-187500.015625,-187500.015625,-187500.015625,-187500.015625,-187500.015625,-187500.015625,-187500.015625,-25800.3945312,0.0
-187500.015625,-187500.015625,-187500.015625,-187500.015625,-187500.015625,-187500.015625,-187500.015625,-25846.9316406,0.0
-187500.015625,-187500.015625,-187500.015625,-187500.015625,-187500.015625,-187500.015625,-187500.015625,-25963.1835938,0.0
-187500.015625,-187500.015625,-187500.015625,-187500.015625,-187500.015625,-187500.015625,-187500.015625,-25930.3925781,0.0
-187500.015625,-187500.015625,-187500.015625,-187500.015625,-187500.015625,-187500.015625,-187500.015625,-25806.3632812,0.0
-187500.015625,-187500.015625,-187500.015625,-187500.015625,-187500.015625,-187500.015625,-187500.015625,-25823.1035156,0.0
-187500.015625,-187500.015625,-187500.015625,-187500.015625,-187500.015625,-187500.015625,-187500.015625,-25949.7714844,0.0
-187500.015625,-187500.015625,-187500.015625,-187500.015625,-187500.015625,-187500.015625,-187500.015625,-25952.4316406,0.0
-187500.015625,-187500.015625,-187500.015625,-187500.015625,-187500.015625,-187500.015625,-187500.015625,-25828.2011719,0.0
-187500.015625,-187500.015625,-187500.015625,-187500.015625,-187500.015625,-187500.015625,-187500.015625,-25817.1367188,0.0
-187500.015625,-187500.015625,-187500.015625,-187500.015625,-187500.015625,-187500.015625,-187500.015625,-25942.6425781,0.0
-187500.015625,-187500.015625,-187500.015625,-187500.015625,-187500.015625,-187500.015625,-187500.015625,-25972.5703125,0.0
-187500.015625,-187500.015625,-187500.015625,-187500.015625,-187500.015625,-187500.015625,-187500.015625,-25851.9609375,0.0
-187500.015625,-187500.015625,-187500.015625,-187500.015625,-187500.015625,-187500.015625,-187500.015625,-25805.3125,0.0
-187500.015625,-187500.015625,-187500.015625,-187500.015625,-187500.015625,-187500.015625,-187500.015625,-25920.0,0.0
-187500.015625,-187500.015625,-187500.015625,-187500.015625,-187500.015625,-187500.015625,-187500.015625,-25979.2988281,0.0
-187500.015625,-187500.015625,-187500.015625,-187500.015625,-187500.015625,-187500.015625,-187500.015625,-25872.7929688,0.0
-187500.015625,-187500.015625,-187500.015625,-187500.015625,-187500.015625,-187500.015625,-187500.015625,-25798.6289062,0.0
-187500.015625,-187500.015625,-187500.015625,-187500.015625,-187500.015625,-187500.015625,-187500.015625,-25892.2832031,0.0
-187500.015625,-187500.015625,-187500.015625,-187500.015625,-187500.015625,-187500.015625,-187500.015625,-25979.5664062,0.0
-187500.015625,-187500.015625,-187500.015625,-187500.015625,-187500.015625,-187500.015625,-187500.015625,-25893.5351562,0.0
-187500.015625,-187500.015625,-187500.015625,-187500.015625,-187500.015625,-187500.015625,-187500.015625,-25793.3320312,0.0
-187500.015625,-187500.015625,-187500.015625,-187500.015625,-187500.015625,-187500.015625,-187500.015625,-25869.640625,0.0
-187500.015625,-187500.015625,-187500.015625,-187500.015625,-187500.015625,-187500.015625,-187500.015625,-25979.9472656,0.0
-187500.015625,-187500.015625,-187500.015625,-187500.015625,-187500.015625,-187500.015625,-187500.015625,-25916.109375,0.0
-187500.015625,-187500.015625,-187500.015625,-187500.015625,-187500.015625,-187500.015625,-187500.015625,-25800.015625,0.0
-187500.015625,-187500.015625,-187500.015625,-187500.015625,-187500.015625,-187500.015625,-187500.015625,-25846.6855469,0.0
-187500.015625,-187500.015625,-187500.015625,-187500.015625,-187500.015625,-187500.015625,-187500.015625,-25974.671875,0.0
-187500.015625,-187500.015625,-187500.015625,-187500.015625,-187500.015625,-187500.015625,-187500.015625,-25942.9101562,0.0
-187500.015625,-187500.015625,-187500.015625,-187500.015625,-187500.015625,-187500.015625,-187500.015625,-25815.125,0.0
-187500.015625,-187500.015625,-187500.015625,-187500.015625,-187500.015625,-187500.015625,-187500.015625,-25826.7695312,0.0
-187500.015625,-187500.015625,-187500.015625,-187500.015625,-187500.015625,-187500.015625,-187500.015625,-25952.140625,0.0
-187500.015625,-187500.015625,-187500.015625,-187500.015625,-187500.015625,-187500.015625,-187500.015625,-25961.2597656,0.0
-187500.015625,-187500.015625,-187500.015625,-187500.015625,-187500.015625,-187500.015625,-187500.015625,-25831.8671875,0.0
-187500.015625,-187500.015625,-187500.015625,-187500.015625,-187500.015625,-187500.015625,-187500.015625,-25808.9550781,0.0
-187500.015625,-187500.015625,-187500.015625,-187500.015625,-187500.015625,-187500.015625,-187500.015625,-25934.7519531,0.0
-187500.015625,-187500.015625,-187500.015625,-187500.015625,-187500.015625,-187500.015625,-187500.015625,-25963.9199219,0.0
-187500.015625,-187500.015625,-187500.015625,-187500.015625,-187500.015625,-187500.015625,-187500.015625,-25836.984375,0.0
-187500.015625,-187500.015625,-187500.015625,-187500.015625,-187500.015625,-187500.015625,-187500.015625,-25789.9570312,0.0
-187500.015625,-187500.015625,-187500.015625,-187500.015625,-187500.015625,-187500.015625,-187500.015625,-25904.1972656,0.0
-187500.015625,-187500.015625,-187500.015625,-187500.015625,-187500.015625,-187500.015625,-187500.015625,-25978.4042969,0.0
-187500.015625,-187500.015625,-187500.015625,-187500.015625,-187500.015625,-187500.015625,-187500.015625,-25880.6601562,0.0
-187500.015625,-187500.015625,-187500.015625,-187500.015625,-187500.015625,-187500.015625,-187500.015625,-25801.1992188,0.0
-187500.015625,-187500.015625,-187500.015625,-187500.015625,-187500.015625,-187500.015625,-187500.015625,-25895.6367188,0.0
-187500.015625,-187500.015625,-187500.015625,-187500.015625,-187500.015625,-187500.015625,-187500.015625,-25988.1054688,0.0
-187500.015625,-187500.015625,-187500.015625,-187500.015625,-187500.015625,-187500.015625,-187500.015625,-25903.3691406,0.0
-187500.015625,-187500.015625,-187500.015625,-187500.015625,-187500.015625,-187500.015625,-187500.015625,-25804.5527344,0.0
-187500.015625,-187500.015625,-187500.015625,-187500.015625,-187500.015625,-187500.015625,-187500.015625,-25874.4023438,0.0
-187500.015625,-187500.015625,-187500.015625,-187500.015625,-187500.015625,-187500.015625,-187500.015625,-25988.015625,0.0
-187500.015625,-187500.015625,-187500.015625,-187500.015625,-187500.015625,-187500.015625,-187500.015625,-25937.7695312,0.0
-187500.015625,-187500.015625,-187500.015625,-187500.015625,-187500.015625,-187500.015625,-187500.015625,-25816.1972656,0.0
-187500.015625,-187500.015625,-187500.015625,-187500.015625,-187500.015625,-187500.015625,-187500.015625,-25852.609375,0.0
-187500.015625,-187500.015625,-187500.015625,-187500.015625,-187500.015625,-187500.015625,-187500.015625,-25983.1660156,0.0
-187500.015625,-187500.015625,-187500.015625,-187500.015625,-187500.015625,-187500.015625,-187500.015625,-25953.4160156,0.0
-187500.015625,-187500.015625,-187500.015625,-187500.015625,-187500.015625,-187500.015625,-187500.015625,-25821.6074219,0.0
-187500.015625,-187500.015625,-187500.015625,-187500.015625,-187500.015625,-187500.015625,-187500.015625,-25828.2460938,0.0
-187500.015625,-187500.015625,-187500.015625,-187500.015625,-187500.015625,-187500.015625,-187500.015625,-25952.6113281,0.0
-187500.015625,-187500.015625,-187500.015625,-187500.015625,-187500.015625,-187500.015625,-187500.015625,-25965.3730469,0.0
-187500.015625,-187500.015625,-187500.015625,-187500.015625,-187500.015625,-187500.015625,-187500.015625,-25837.1855469,0.0
-187500.015625,-187500.015625,-187500.015625,-187500.015625,-187500.015625,-187500.015625,-187500.015625,-25804.2851562,0.0
-187500.015625,-187500.015625,-187500.015625,-187500.015625,-187500.015625,-187500.015625,-187500.015625,-25926.6152344,0.0
-187500.015625,-187500.015625,-187500.015625,-187500.015625,-187500.015625,-187500.015625,-187500.015625,-25969.4199219,0.0
-187500.015625,-187500.015625,-187500.015625,-187500.015625,-187500.015625,-187500.015625,-187500.015625,-25848.6074219,0.0
-187500.015625,-187500.015625,-187500.015625,-187500.015625,-187500.015625,-187500.015625,-187500.015625,-25788.75,0.0
-187500.015625,-187500.015625,-187500.015625,-187500.015625,-187500.015625,-187500.015625,-187500.015625,-25901.7382812,0.0
-187500.015625,-187500.015625,-187500.015625,-187500.015625,-187500.015625,-187500.015625,-187500.015625,-25972.1464844,0.0
-187500.015625,-187500.015625,-187500.015625,-187500.015625,-187500.015625,-187500.015625,-187500.015625,-25879.4980469,0.0
-187500.015625,-187500.015625,-187500.015625,-187500.015625,-187500.015625,-187500.015625,-187500.015625,-25790.5820312,0.0
-187500.015625,-187500.015625,-187500.015625,-187500.015625,-187500.015625,-187500.015625,-187500.015625,-25880.8164062,0.0
-187500.015625,-187500.015625,-187500.015625,-187500.015625,-187500.015625,-187500.015625,-187500.015625,-25973.0839844,0.0
-187500.015625,-187500.015625,-187500.015625,-187500.015625,-187500.015625,-187500.015625,-187500.015625,-25894.9882812,0.0
-187500.015625,-187500.015625,-187500.015625,-187500.015625,-187500.015625,-187500.015625,-187500.015625,-25787.140625,0.0
-187500.015625,-187500.015625,-187500.015625,-187500.015625,-187500.015625,-187500.015625,-187500.015625,-25855.984375,0.0
-187500.015625,-187500.015625,-187500.015625,-187500.015625,-187500.015625,-187500.015625,-187500.015625,-25967.3847656,0.0
-187500.015625,-187500.015625,-187500.015625,-187500.015625,-187500.015625,-187500.015625,-187500.015625,-25918.0761719,0.0
-187500.015625,-187500.015625,-187500.015625,-187500.015625,-187500.015625,-187500.015625,-187500.015625,-25797.7792969,0.0
-187500.015625,-187500.015625,-187500.015625,-187500.015625,-187500.015625,-187500.015625,-187500.015625,-25828.8046875,0.0
-187500.015625,-187500.015625,-187500.015625,-187500.015625,-187500.015625,-187500.015625,-187500.015625,-25953.4160156,0.0
-187500.015625,-187500.015625,-187500.015625,-187500.015625,-187500.015625,-187500.015625,-187500.015625,-25940.3164062,0.0
-187500.015625,-187500.015625,-187500.015625,-187500.015625,-187500.015625,-187500.015625,-187500.015625,-25811.8613281,0.0
-187500.015625,-187500.015625,-187500.015625,-187500.015625,-187500.015625,-187500.015625,-187500.015625,-25813.2929688,0.0
-187500.015625,-187500.015625,-187500.015625,-187500.015625,-187500.015625,-187500.015625,-187500.015625,-25941.6796875,0.0
-187500.015625,-187500.015625,-187500.015625,-187500.015625,-187500.015625,-187500.015625,-187500.015625,-25960.1425781,0.0
-187500.015625,-187500.015625,-187500.015625,-187500.015625,-187500.015625,-187500.015625,-187500.015625,-25833.7441406,0.0
-187500.015625,-187500.015625,-187500.015625,-187500.015625,-187500.015625,-187500.015625,-187500.015625,-25795.4550781,0.0
-187500.015625,-187500.015625,-187500.015625,-187500.015625,-187500.015625,-187500.015625,-187500.015625,-25919.1953125,0.0
-187500.015625,-187500.015625,-187500.015625,-187500.015625,-187500.015625,-187500.015625,-187500.015625,-25976.0800781,0.0
-187500.015625,-187500.015625,-187500.015625,-187500.015625,-187500.015625,-187500.015625,-187500.015625,-25860.0742188,0.0
-187500.015625,-187500.015625,-187500.015625,-187500.015625,-187500.015625,-187500.015625,-187500.015625,-25795.1640625,0.0
-187500.015625,-187500.015625,-187500.015625,-187500.015625,-187500.015625,-187500.015625,-187500.015625,-25903.1230469,0.0
-187500.015625,-187500.015625,-187500.015625,-187500.015625,-187500.015625,-187500.015625,-187500.015625,-25981.0195312,0.0
-187500.015625,-187500.015625,-187500.015625,-187500.015625,-187500.015625,-187500.015625,-187500.015625,-25888.3710938,0.0
-187500.015625,-187500.015625,-187500.015625,-187500.015625,-187500.015625,-187500.015625,-187500.015625,-25794.4726562,0.0
-187500.015625,-187500.015625,-187500.015625,-187500.015625,-187500.015625,-187500.015625,-187500.015625,-25874.6035156,0.0
-187500.015625,-187500.015625,-187500.015625,-187500.015625,-187500.015625,-187500.015625,-187500.015625,-25974.7832031,0.0
-187500.015625,-187500.015625,-187500.015625,-187500.015625,-187500.015625,-187500.015625,-187500.015625,-25902.9667969,0.0
-187500.015625,-187500.015625,-187500.015625,-187500.015625,-187500.015625,-187500.015625,-187500.015625,-25790.8730469,0.0
-187500.015625,-187500.015625,-187500.015625,-187500.015625,-187500.015625,-187500.015625,-187500.015625,-25848.0488281,0.0
-187500.015625,-187500.015625,-187500.015625,-187500.015625,-187500.015625,-187500.015625,-187500.015625,-25968.4570312,0.0
-187500.015625,-187500.015625,-187500.015625,-187500.015625,-187500.015625,-187500.015625,-187500.015625,-25921.7871094,0.0
-187500.015625,-187500.015625,-187500.015625,-187500.015625,-187500.015625,-187500.015625,-187500.015625,-25794.4941406,0.0
-187500.015625,-187500.015625,-187500.015625,-187500.015625,-187500.015625,-187500.015625,-187500.015625,-25819.9296875,0.0
-187500.015625,-187500.015625,-187500.015625,-187500.015625,-187500.015625,-187500.015625,-187500.015625,-25947.9394531,0.0
-187500.015625,-187500.015625,-187500.015625,-187500.015625,-187500.015625,-187500.015625,-187500.015625,-25941.6582031,0.0
-187500.015625,-187500.015625,-187500.015625,-187500.015625,-187500.015625,-187500.015625,-187500.015625,-25812.1074219,0.0
-187500.015625,-187500.015625,-187500.015625,-187500.015625,-187500.015625,-187500.015625,-187500.015625,-25802.3164062,0.0
-187500.015625,-187500.015625,-187500.015625,-187500.015625,-187500.015625,-187500.015625,-187500.015625,-25932.359375,0.0
-187500.015625,-187500.015625,-187500.015625,-187500.015625,-187500.015625,-187500.015625,-187500.015625,-25955.8300781,0.0
-187500.015625,-187500.015625,-187500.015625,-187500.015625,-187500.015625,-187500.015625,-187500.015625,-25834.2128906,0.0
-187500.015625,-187500.015625,-187500.015625,-187500.015625,-187500.015625,-187500.015625,-187500.015625,-25789.6660156,0.0
-187500.015625,-187500.015625,-187500.015625,-187500.015625,-187500.015625,-187500.015625,-187500.015625,-25906.6992188,0.0
-187500.015625,-187500.015625,-187500.015625,-187500.015625,-187500.015625,-187500.015625,-187500.015625,-25970.2675781,0.0
-187500.015625,-187500.015625,-187500.015625,-187500.015625,-187500.015625,-187500.015625,-187500.015625,-25860.7441406,0.0
-187500.015625,-187500.015625,-187500.015625,-187500.015625,-187500.015625,-187500.015625,-187500.015625,-25787.8554688,0.0
-187500.015625,-187500.015625,-187500.015625,-187500.015625,-187500.015625,-187500.015625,-187500.015625,-25888.28125,0.0
-187500.015625,-187500.015625,-187500.015625,-187500.015625,-187500.015625,-187500.015625,-187500.015625,-25970.8710938,0.0
-187500.015625,-187500.015625,-187500.015625,-187500.015625,-187500.015625,-187500.015625,-187500.015625,-25876.8828125,0.0
-187500.015625,-187500.015625,-187500.015625,-187500.015625,-187500.015625,-187500.015625,-187500.015625,-25787.0507812,0.0
-187500.015625,-187500.015625,-187500.015625,-187500.015625,-187500.015625,-187500.015625,-187500.015625,-25866.1308594,0.0
-187500.015625,-187500.015625,-187500.015625,-187500.015625,-187500.015625,-187500.015625,-187500.015625,-25965.3515625,0.0
-187500.015625,-187500.015625,-187500.015625,-187500.015625,-187500.015625,-187500.015625,-187500.015625,-25907.0800781,0.0
-187500.015625,-187500.015625,-187500.015625,-187500.015625,-187500.015625,-187500.015625,-187500.015625,-25795.3652344,0.0
-187500.015625,-187500.015625,-187500.015625,-187500.015625,-187500.015625,-187500.015625,-187500.015625,-25849.5234375,0.0
-187500.015625,-187500.015625,-187500.015625,-187500.015625,-187500.015625,-187500.015625,-187500.015625,-25967.4960938,0.0
-187500.015625,-187500.015625,-187500.015625,-187500.015625,-187500.015625,-187500.015625,-187500.015625,-25931.0625,0.0
-187500.015625,-187500.015625,-187500.015625,-187500.015625,-187500.015625,-187500.015625,-187500.015625,-25810.3183594,0.0
-187500.015625,-187500.015625,-187500.015625,-187500.015625,-187500.015625,-187500.015625,-187500.015625,-25826.0097656,0.0
-187500.015625,-187500.015625,-187500.015625,-187500.015625,-187500.015625,-187500.015625,-187500.015625,-25955.4941406,0.0
-187500.015625,-187500.015625,-187500.015625,-187500.015625,-187500.015625,-187500.015625,-187500.015625,-25964.8359375,0.0
-187500.015625,-187500.015625,-187500.015625,-187500.015625,-187500.015625,-187500.015625,-187500.015625,-25836.8515625,0.0
-187500.015625,-187500.015625,-187500.015625,-187500.015625,-187500.015625,-187500.015625,-187500.015625,-25815.75,0.0
-187500.015625,-187500.015625,-187500.015625,-187500.015625,-187500.015625,-187500.015625,-187500.015625,-25941.1894531,0.0
-187500.015625,-187500.015625,-187500.015625,-187500.015625,-187500.015625,-187500.015625,-187500.015625,-25969.0175781,0.0
-187500.015625,-187500.015625,-187500.015625,-187500.015625,-187500.015625,-187500.015625,-187500.015625,-25846.5507812,0.0
-187500.015625,-187500.015625,-187500.015625,-187500.015625,-187500.015625,-187500.015625,-187500.015625,-25797.3554688,0.0
-187500.015625,-187500.015625,-187500.015625,-187500.015625,-187500.015625,-187500.015625,-187500.015625,-25911.5722656,0.0
-187500.015625,-187500.015625,-187500.015625,-187500.015625,-187500.015625,-187500.015625,-187500.015625,-25974.0683594,0.0
-187500.015625,-187500.015625,-187500.015625,-187500.015625,-187500.015625,-187500.015625,-187500.015625,-25859.4257812,0.0
-187500.015625,-187500.015625,-187500.015625,-187500.015625,-187500.015625,-187500.015625,-187500.015625,-25779.3613281,0.0
-187500.015625,-187500.015625,-187500.015625,-187500.015625,-187500.015625,-187500.015625,-187500.015625,-25874.9160156,0.0
-187500.015625,-187500.015625,-187500.015625,-187500.015625,-187500.015625,-187500.015625,-187500.015625,-25963.6523438,0.0
-187500.015625,-187500.015625,-187500.015625,-187500.015625,-187500.015625,-187500.015625,-187500.015625,-25875.2949219,0.0
-187500.015625,-187500.015625,-187500.015625,-187500.015625,-187500.015625,-187500.015625,-187500.015625,-25770.8457031,0.0
-187500.015625,-187500.015625,-187500.015625,-187500.015625,-187500.015625,-187500.015625,-187500.015625,-25849.6132812,0.0
-187500.015625,-187500.015625,-187500.015625,-187500.015625,-187500.015625,-187500.015625,-187500.015625,-25967.5644531,0.0
-187500.015625,-187500.015625,-187500.015625,-187500.015625,-187500.015625,-187500.015625,-187500.015625,-25902.296875,0.0
-187500.015625,-187500.015625,-187500.015625,-187500.015625,-187500.015625,-187500.015625,-187500.015625,-25789.8457031,0.0
-187500.015625,-187500.015625,-187500.015625,-187500.015625,-187500.015625,-187500.015625,-187500.015625,-25836.1796875,0.0
-187500.015625,-187500.015625,-187500.015625,-187500.015625,-187500.015625,-187500.015625,-187500.015625,-25957.4609375,0.0
-187500.015625,-187500.015625,-187500.015625,-187500.015625,-187500.015625,-187500.015625,-187500.015625,-25926.7949219,0.0
-187500.015625,-187500.015625,-187500.015625,-187500.015625,-187500.015625,-187500.015625,-187500.015625,-25799.03125,0.0
-187500.015625,-187500.015625,-187500.015625,-187500.015625,-187500.015625,-187500.015625,-187500.015625,-25814.0527344,0.0
-187500.015625,-187500.015625,-187500.015625,-187500.015625,-187500.015625,-187500.015625,-187500.015625,-25940.2714844,0.0
-187500.015625,-187500.015625,-187500.015625,-187500.015625,-187500.015625,-187500.015625,-187500.015625,-25943.9160156,0.0
-187500.015625,-187500.015625,-187500.015625,-187500.015625,-187500.015625,-187500.015625,-187500.015625,-25815.3046875,0.0
-187500.015625,-187500.015625,-187500.015625,-187500.015625,-187500.015625,-187500.015625,-187500.015625,-25799.9707031,0.0
-187500.015625,-187500.015625,-187500.015625,-187500.015625,-187500.015625,-187500.015625,-187500.015625,-25923.3066406,0.0
-187500.015625,-187500.015625,-187500.015625,-187500.015625,-187500.015625,-187500.015625,-187500.015625,-25959.6738281,0.0
-187500.015625,-187500.015625,-187500.015625,-187500.015625,-187500.015625,-187500.015625,-187500.015625,-25834.0351562,0.0
-187500.015625,-187500.015625,-187500.015625,-187500.015625,-187500.015625,-187500.015625,-187500.015625,-25779.25,0.0
-187500.015625,-187500.015625,-187500.015625,-187500.015625,-187500.015625,-187500.015625,-187500.015625,-25894.9882812,0.0
-187500.015625,-187500.015625,-187500.015625,-187500.015625,-187500.015625,-187500.015625,-187500.015625,-25966.6035156,0.0
-187500.015625,-187500.015625,-187500.015625,-187500.015625,-187500.015625,-187500.015625,-187500.015625,-25858.3085938,0.0
-187500.015625,-187500.015625,-187500.015625,-187500.015625,-187500.015625,-187500.015625,-187500.015625,-25775.8984375,0.0
-187500.015625,-187500.015625,-187500.015625,-187500.015625,-187500.015625,-187500.015625,-187500.015625,-25878.4921875,0.0
-187500.015625,-187500.015625,-187500.015625,-187500.015625,-187500.015625,-187500.015625,-187500.015625,-25971.6757812,0.0
-187500.015625,-187500.015625,-187500.015625,-187500.015625,-187500.015625,-187500.015625,-187500.015625,-25887.1425781,0.0
-187500.015625,-187500.015625,-187500.015625,-187500.015625,-187500.015625,-187500.015625,-187500.015625,-25785.0175781,0.0
-187500.015625,-187500.015625,-187500.015625,-187500.015625,-187500.015625,-187500.015625,-187500.015625,-25860.6992188,0.0
-187500.015625,-187500.015625,-187500.015625,-187500.015625,-187500.015625,-187500.015625,-187500.015625,-25970.2246094,0.0
-187500.015625,-187500.015625,-187500.015625,-187500.015625,-187500.015625,-187500.015625,-187500.015625,-25918.703125,0.0
-187500.015625,-187500.015625,-187500.015625,-187500.015625,-187500.015625,-187500.015625,-187500.015625,-25808.375,0.0
-187500.015625,-187500.015625,-187500.015625,-187500.015625,-187500.015625,-187500.015625,-187500.015625,-25846.9316406,0.0
-187500.015625,-187500.015625,-187500.015625,-187500.015625,-187500.015625,-187500.015625,-187500.015625,-25968.234375,0.0
-187500.015625,-187500.015625,-187500.015625,-187500.015625,-187500.015625,-187500.015625,-187500.015625,-25950.0839844,0.0
-187500.015625,-187500.015625,-187500.015625,-187500.015625,-187500.015625,-187500.015625,-187500.015625,-25824.8710938,0.0
-187500.015625,-187500.015625,-187500.015625,-187500.015625,-187500.015625,-187500.015625,-187500.015625,-25830.1445312,0.0
-187500.015625,-187500.015625,-187500.015625,-187500.015625,-187500.015625,-187500.015625,-187500.015625,-25951.3359375,0.0
-187500.015625,-187500.015625,-187500.015625,-187500.015625,-187500.015625,-187500.015625,-187500.015625,-25961.4394531,0.0
-187500.015625,-187500.015625,-187500.015625,-187500.015625,-187500.015625,-187500.015625,-187500.015625,-25832.4472656,0.0
-187500.015625,-187500.015625,-187500.015625,-187500.015625,-187500.015625,-187500.015625,-187500.015625,-25804.7304688,0.0
-187500.015625,-187500.015625,-187500.015625,-187500.015625,-187500.015625,-187500.015625,-187500.015625,-25927.5546875,0.0
-187500.015625,-187500.015625,-187500.015625,-187500.015625,-187500.015625,-187500.015625,-187500.015625,-25970.2011719,0.0
-187500.015625,-187500.015625,-187500.015625,-187500.015625,-187500.015625,-187500.015625,-187500.015625,-25853.6152344,0.0
-187500.015625,-187500.015625,-187500.015625,-187500.015625,-187500.015625,-187500.015625,-187500.015625,-25795.0078125,0.0
-187500.015625,-187500.015625,-187500.015625,-187500.015625,-187500.015625,-187500.015625,-187500.015625,-25901.5585938,0.0
-187500.015625,-187500.015625,-187500.015625,-187500.015625,-187500.015625,-187500.015625,-187500.015625,-25975.4316406,0.0
-187500.015625,-187500.015625,-187500.015625,-187500.015625,-187500.015625,-187500.015625,-187500.015625,-25876.390625,0.0
-187500.015625,-187500.015625,-187500.015625,-187500.015625,-187500.015625,-187500.015625,-187500.015625,-25787.2304688,0.0
-187500.015625,-187500.015625,-187500.015625,-187500.015625,-187500.015625,-187500.015625,-187500.015625,-25878.3359375,0.0
-187500.015625,-187500.015625,-187500.015625,-187500.015625,-187500.015625,-187500.015625,-187500.015625,-25975.296875,0.0
-187500.015625,-187500.015625,-187500.015625,-187500.015625,-187500.015625,-187500.015625,-187500.015625,-25895.1210938,0.0
-187500.015625,-187500.015625,-187500.015625,-187500.015625,-187500.015625,-187500.015625,-187500.015625,-25789.5996094,0.0
-187500.015625,-187500.015625,-187500.015625,-187500.015625,-187500.015625,-187500.015625,-187500.015625,-25852.1835938,0.0
-187500.015625,-187500.015625,-187500.015625,-187500.015625,-187500.015625,-187500.015625,-187500.015625,-25967.3847656,0.0
-187500.015625,-187500.015625,-187500.015625,-187500.015625,-187500.015625,-187500.015625,-187500.015625,-25923.7089844,0.0
-187500.015625,-187500.015625,-187500.015625,-187500.015625,-187500.015625,-187500.015625,-187500.015625,-25801.8027344,0.0
-187500.015625,-187500.015625,-187500.015625,-187500.015625,-187500.015625,-187500.015625,-187500.015625,-25839.3085938,0.0
-187500.015625,-187500.015625,-187500.015625,-187500.015625,-187500.015625,-187500.015625,-187500.015625,-25961.640625,0.0
-187500.015625,-187500.015625,-187500.015625,-187500.015625,-187500.015625,-187500.015625,-187500.015625,-25949.078125,0.0
-187500.015625,-187500.015625,-187500.015625,-187500.015625,-187500.015625,-187500.015625,-187500.015625,-25817.4726562,0.0
-187500.015625,-187500.015625,-187500.015625,-187500.015625,-187500.015625,-187500.015625,-187500.015625,-25821.1152344,0.0
-187500.015625,-187500.015625,-187500.015625,-187500.015625,-187500.015625,-187500.015625,-187500.015625,-25948.3867188,0.0
-187500.015625,-187500.015625,-187500.015625,-187500.015625,-187500.015625,-187500.015625,-187500.015625,-25962.8925781,0.0
-187500.015625,-187500.015625,-187500.015625,-187500.015625,-187500.015625,-187500.015625,-187500.015625,-25836.203125,0.0
-187500.015625,-187500.015625,-187500.015625,-187500.015625,-187500.015625,-187500.015625,-187500.015625,-25798.9648438,0.0
-187500.015625,-187500.015625,-187500.015625,-187500.015625,-187500.015625,-187500.015625,-187500.015625,-25918.390625,0.0
-187500.015625,-187500.015625,-187500.015625,-187500.015625,-187500.015625,-187500.015625,-187500.015625,-25969.8652344,0.0
-187500.015625,-187500.015625,-187500.015625,-187500.015625,-187500.015625,-187500.015625,-187500.015625,-25861.0585938,0.0
-187500.015625,-187500.015625,-187500.015625,-187500.015625,-187500.015625,-187500.015625,-187500.015625,-25798.3164062,0.0
-187500.015625,-187500.015625,-187500.015625,-187500.015625,-187500.015625,-187500.015625,-187500.015625,-25900.5527344,0.0
-187500.015625,-187500.015625,-187500.015625,-187500.015625,-187500.015625,-187500.015625,-187500.015625,-25979.0976562,0.0
-187500.015625,-187500.015625,-187500.015625,-187500.015625,-187500.015625,-187500.015625,-187500.015625,-25882.9628906,0.0
-187500.015625,-187500.015625,-187500.015625,-187500.015625,-187500.015625,-187500.015625,-187500.015625,-25787.3632812,0.0
-187500.015625,-187500.015625,-187500.015625,-187500.015625,-187500.015625,-187500.015625,-187500.015625,-25871.2285156,0.0
-187500.015625,-187500.015625,-187500.015625,-187500.015625,-187500.015625,-187500.015625,-187500.015625,-25970.6933594,0.0
-187500.015625,-187500.015625,-187500.015625,-187500.015625,-187500.015625,-187500.015625,-187500.015625,-25901.5820312,0.0
-187500.015625,-187500.015625,-187500.015625,-187500.015625,-187500.015625,-187500.015625,-187500.015625,-25788.7050781,0.0
-187500.015625,-187500.015625,-187500.015625,-187500.015625,-187500.015625,-187500.015625,-187500.015625,-25848.2949219,0.0
-187500.015625,-187500.015625,-187500.015625,-187500.015625,-187500.015625,-187500.015625,-187500.015625,-25966.7148438,0.0
-187500.015625,-187500.015625,-187500.015625,-187500.015625,-187500.015625,-187500.015625,-187500.015625,-25922.7480469,0.0
-187500.015625,-187500.015625,-187500.015625,-187500.015625,-187500.015625,-187500.015625,-187500.015625,-25797.4902344,0.0
-187500.015625,-187500.015625,-187500.015625,-187500.015625,-187500.015625,-187500.015625,-187500.015625,-25833.4765625,0.0
-187500.015625,-187500.015625,-187500.015625,-187500.015625,-187500.015625,-187500.015625,-187500.015625,-25964.6796875,0.0
-187500.015625,-187500.015625,-187500.015625,-187500.015625,-187500.015625,-187500.015625,-187500.015625,-25959.40625,0.0
-187500.015625,-187500.015625,-187500.015625,-187500.015625,-187500.015625,-187500.015625,-187500.015625,-25833.9003906,0.0
-187500.015625,-187500.015625,-187500.015625,-187500.015625,-187500.015625,-187500.015625,-187500.015625,-25833.0507812,0.0
-187500.015625,-187500.015625,-187500.015625,-187500.015625,-187500.015625,-187500.015625,-187500.015625,-25964.6582031,0.0
-187500.015625,-187500.015625,-187500.015625,-187500.015625,-187500.015625,-187500.015625,-187500.015625,-25990.2285156,0.0
-187500.015625,-187500.015625,-187500.015625,-187500.015625,-187500.015625,-187500.015625,-187500.015625,-25856.1855469,0.0
-187500.015625,-187500.015625,-187500.015625,-187500.015625,-187500.015625,-187500.015625,-187500.015625,-25809.9609375,0.0
-187500.015625,-187500.015625,-187500.015625,-187500.015625,-187500.015625,-187500.015625,-187500.015625,-25927.9335938,0.0
-187500.015625,-187500.015625,-187500.015625,-187500.015625,-187500.015625,-187500.015625,-187500.015625,-25980.0136719,0.0
-187500.015625,-187500.015625,-187500.015625,-187500.015625,-187500.015625,-187500.015625,-187500.015625,-25867.9863281,0.0
-187500.015625,-187500.015625,-187500.015625,-187500.015625,-187500.015625,-187500.015625,-187500.015625,-25800.7089844,0.0
-187500.015625,-187500.015625,-187500.015625,-187500.015625,-187500.015625,-187500.015625,-187500.015625,-25901.6484375,0.0
-187500.015625,-187500.015625,-187500.015625,-187500.015625,-187500.015625,-187500.015625,-187500.015625,-25981.1542969,0.0
-187500.015625,-187500.015625,-187500.015625,-187500.015625,-187500.015625,-187500.015625,-187500.015625,-25893.1328125,0.0
-187500.015625,-187500.015625,-187500.015625,-187500.015625,-187500.015625,-187500.015625,-187500.015625,-25794.875,0.0
-187500.015625,-187500.015625,-187500.015625,-187500.015625,-187500.015625,-187500.015625,-187500.015625,-25872.6132812,0.0
-187500.015625,-187500.015625,-187500.015625,-187500.015625,-187500.015625,-187500.015625,-187500.015625,-25985.1542969,0.0
-187500.015625,-187500.015625,-187500.015625,-187500.015625,-187500.015625,-187500.015625,-187500.015625,-25921.7421875,0.0
-187500.015625,-187500.015625,-187500.015625,-187500.015625,-187500.015625,-187500.015625,-187500.015625,-25802.0488281,0.0
-187500.015625,-187500.015625,-187500.015625,-187500.015625,-187500.015625,-187500.015625,-187500.015625,-25854.0175781,0.0
-187500.015625,-187500.015625,-187500.015625,-187500.015625,-187500.015625,-187500.015625,-187500.015625,-25975.7675781,0.0
-187500.015625,-187500.015625,-187500.015625,-187500.015625,-187500.015625,-187500.015625,-187500.015625,-25937.2539062,0.0
-187500.015625,-187500.015625,-187500.015625,-187500.015625,-187500.015625,-187500.015625,-187500.015625,-25810.921875,0.0
-187500.015625,-187500.015625,-187500.015625,-187500.015625,-187500.015625,-187500.015625,-187500.015625,-25824.9140625,0.0
-187500.015625,-187500.015625,-187500.015625,-187500.015625,-187500.015625,-187500.015625,-187500.015625,-25948.6328125,0.0
-187500.015625,-187500.015625,-187500.015625,-187500.015625,-187500.015625,-187500.015625,-187500.015625,-25952.3417969,0.0
-187500.015625,-187500.015625,-187500.015625,-187500.015625,-187500.015625,-187500.015625,-187500.015625,-25829.4980469,0.0
-187500.015625,-187500.015625,-187500.015625,-187500.015625,-187500.015625,-187500.015625,-187500.015625,-25817.9179688,0.0
-187500.015625,-187500.015625,-187500.015625,-187500.015625,-187500.015625,-187500.015625,-187500.015625,-25946.5976562,0.0
-187500.015625,-187500.015625,-187500.015625,-187500.015625,-187500.015625,-187500.015625,-187500.015625,-25979.5,0.0
-187500.015625,-187500.015625,-187500.015625,-187500.015625,-187500.015625,-187500.015625,-187500.015625,-25846.5292969,0.0
-187500.015625,-187500.015625,-187500.015625,-187500.015625,-187500.015625,-187500.015625,-187500.015625,-25799.9257812,0.0
-187500.015625,-187500.015625,-187500.015625,-187500.015625,-187500.015625,-187500.015625,-187500.015625,-25918.1445312,0.0
-187500.015625,-187500.015625,-187500.015625,-187500.015625,-187500.015625,-187500.015625,-187500.015625,-25979.8789062,0.0
-187500.015625,-187500.015625,-187500.015625,-187500.015625,-187500.015625,-187500.015625,-187500.015625,-25866.6230469,0.0
-187500.015625,-187500.015625,-187500.015625,-187500.015625,-187500.015625,-187500.015625,-187500.015625,-25789.375,0.0
-187500.015625,-187500.015625,-187500.015625,-187500.015625,-187500.015625,-187500.015625,-187500.015625,-25890.0488281,0.0
-187500.015625,-187500.015625,-187500.015625,-187500.015625,-187500.015625,-187500.015625,-187500.015625,-25980.4824219,0.0
-187500.015625,-187500.015625,-187500.015625,-187500.015625,-187500.015625,-187500.015625,-187500.015625,-25896.2402344,0.0
-187500.015625,-187500.015625,-187500.015625,-187500.015625,-187500.015625,-187500.015625,-187500.015625,-25792.3261719,0.0
-187500.015625,-187500.015625,-187500.015625,-187500.015625,-187500.015625,-187500.015625,-187500.015625,-25862.3085938,0.0
-187500.015625,-187500.015625,-187500.015625,-187500.015625,-187500.015625,-187500.015625,-187500.015625,-25967.4960938,0.0
-187500.015625,-187500.015625,-187500.015625,-187500.015625,-187500.015625,-187500.015625,-187500.015625,-25910.7460938,0.0
-187500.015625,-187500.015625,-187500.015625,-187500.015625,-187500.015625,-187500.015625,-187500.015625,-25797.6015625,0.0
-187500.015625,-187500.015625,-187500.015625,-187500.015625,-187500.015625,-187500.015625,-187500.015625,-25841.8125,0.0
-187500.015625,-187500.015625,-187500.015625,-187500.015625,-187500.015625,-187500.015625,-187500.015625,-25963.5625,0.0
-187500.015625,-187500.015625,-187500.015625,-187500.015625,-187500.015625,-187500.015625,-187500.015625,-25937.0527344,0.0
-187500.015625,-187500.015625,-187500.015625,-187500.015625,-187500.015625,-187500.015625,-187500.015625,-25813.7617188,0.0
-187500.015625,-187500.015625,-187500.015625,-187500.015625,-187500.015625,-187500.015625,-187500.015625,-25821.8984375,0.0
-187500.015625,-187500.015625,-187500.015625,-187500.015625,-187500.015625,-187500.015625,-187500.015625,-25947.6269531,0.0
-187500.015625,-187500.015625,-187500.015625,-187500.015625,-187500.015625,-187500.015625,-187500.015625,-25948.0722656,0.0
-187500.015625,-187500.015625,-187500.015625,-187500.015625,-187500.015625,-187500.015625,-187500.015625,-25818.2324219,0.0
-187500.015625,-187500.015625,-187500.015625,-187500.015625,-187500.015625,-187500.015625,-187500.015625,-25799.6132812,0.0
-187500.015625,-187500.015625,-187500.015625,-187500.015625,-187500.015625,-187500.015625,-187500.015625,-25926.9511719,0.0
-187500.015625,-187500.015625,-187500.015625,-187500.015625,-187500.015625,-187500.015625,-187500.015625,-25961.640625,0.0
-187500.015625,-187500.015625,-187500.015625,-187500.015625,-187500.015625,-187500.015625,-187500.015625,-25840.5390625,0.0
-187500.015625,-187500.015625,-187500.015625,-187500.015625,-187500.015625,-187500.015625,-187500.015625,-25787.3203125,0.0
-187500.015625,-187500.015625,-187500.015625,-187500.015625,-187500.015625,-187500.015625,-187500.015625,-25904.2851562,0.0
-187500.015625,-187500.015625,-187500.015625,-187500.015625,-187500.015625,-187500.015625,-187500.015625,-25974.8945312,0.0
-187500.015625,-187500.015625,-187500.015625,-187500.015625,-187500.015625,-187500.015625,-187500.015625,-25869.9980469,0.0
-187500.015625,-187500.015625,-187500.015625,-187500.015625,-187500.015625,-187500.015625,-187500.015625,-25791.1191406,0.0
-187500.015625,-187500.015625,-187500.015625,-187500.015625,-187500.015625,-187500.015625,-187500.015625,-25886.1367188,0.0
-187500.015625,-187500.015625,-187500.015625,-187500.015625,-187500.015625,-187500.015625,-187500.015625,-25968.1445312,0.0
-187500.015625,-187500.015625,-187500.015625,-187500.015625,-187500.015625,-187500.015625,-187500.015625,-25890.5625,0.0
-187500.015625,-187500.015625,-187500.015625,-187500.015625,-187500.015625,-187500.015625,-187500.015625,-25788.2578125,0.0
-187500.015625,-187500.015625,-187500.015625,-187500.015625,-187500.015625,-187500.015625,-187500.015625,-25857.7265625,0.0
-187500.015625,-187500.015625,-187500.015625,-187500.015625,-187500.015625,-187500.015625,-187500.015625,-25969.84375,0.0
-187500.015625,-187500.015625,-187500.015625,-187500.015625,-187500.015625,-187500.015625,-187500.015625,-25917.7871094,0.0
-187500.015625,-187500.015625,-187500.015625,-187500.015625,-187500.015625,-187500.015625,-187500.015625,-25799.0546875,0.0
-187500.015625,-187500.015625,-187500.015625,-187500.015625,-187500.015625,-187500.015625,-187500.015625,-25832.2246094,0.0
-187500.015625,-187500.015625,-187500.015625,-187500.015625,-187500.015625,-187500.015625,-187500.015625,-25957.1035156,0.0
-187500.015625,-187500.015625,-187500.015625,-187500.015625,-187500.015625,-187500.015625,-187500.015625,-25936.2480469,0.0
-187500.015625,-187500.015625,-187500.015625,-187500.015625,-187500.015625,-187500.015625,-187500.015625,-25806.453125,0.0
-187500.015625,-187500.015625,-187500.015625,-187500.015625,-187500.015625,-187500.015625,-187500.015625,-25809.2011719,0.0
-187500.015625,-187500.015625,-187500.015625,-187500.015625,-187500.015625,-187500.015625,-187500.015625,-25941.0332031,0.0
-187500.015625,-187500.015625,-187500.015625,-187500.015625,-187500.015625,-187500.015625,-187500.015625,-25954.5332031,0.0
-187500.015625,-187500.015625,-187500.015625,-187500.015625,-187500.015625,-187500.015625,-187500.015625,-25826.5683594,0.0
-187500.015625,-187500.015625,-187500.015625,-187500.015625,-187500.015625,-187500.015625,-187500.015625,-25793.7792969,0.0
-187500.015625,-187500.015625,-187500.015625,-187500.015625,-187500.015625,-187500.015625,-187500.015625,-25916.4003906,0.0
-187500.015625,-187500.015625,-187500.015625,-187500.015625,-187500.015625,-187500.015625,-187500.015625,-25961.2597656,0.0
-187500.015625,-187500.015625,-187500.015625,-187500.015625,-187500.015625,-187500.015625,-187500.015625,-25845.8144531,0.0
-187500.015625,-187500.015625,-187500.015625,-187500.015625,-187500.015625,-187500.015625,-187500.015625,-25783.8320312,0.0
-187500.015625,-187500.015625,-187500.015625,-187500.015625,-187500.015625,-187500.015625,-187500.015625,-25891.3222656,0.0
-187500.015625,-187500.015625,-187500.015625,-187500.015625,-187500.015625,-187500.015625,-187500.015625,-25964.5917969,0.0
-187500.015625,-187500.015625,-187500.015625,-187500.015625,-187500.015625,-187500.015625,-187500.015625,-25861.4824219,0.0
-187500.015625,-187500.015625,-187500.015625,-187500.015625,-187500.015625,-187500.015625,-187500.015625,-25775.7402344,0.0
-187500.015625,-187500.015625,-187500.015625,-187500.015625,-187500.015625,-187500.015625,-187500.015625,-25868.5,0.0
-187500.015625,-187500.015625,-187500.015625,-187500.015625,-187500.015625,-187500.015625,-187500.015625,-25967.9433594,0.0
-187500.015625,-187500.015625,-187500.015625,-187500.015625,-187500.015625,-187500.015625,-187500.015625,-25887.0976562,0.0
-187500.015625,-187500.015625,-187500.015625,-187500.015625,-187500.015625,-187500.015625,-187500.015625,-25779.3183594,0.0
-187500.015625,-187500.015625,-187500.015625,-187500.015625,-187500.015625,-187500.015625,-187500.015625,-25846.9765625,0.0
-187500.015625,-187500.015625,-187500.015625,-187500.015625,-187500.015625,-187500.015625,-187500.015625,-25959.6289062,0.0
-187500.015625,-187500.015625,-187500.015625,-187500.015625,-187500.015625,-187500.015625,-187500.015625,-25909.3378906,0.0
-187500.015625,-187500.015625,-187500.015625,-187500.015625,-187500.015625,-187500.015625,-187500.015625,-25786.6933594,0.0
-187500.015625,-187500.015625,-187500.015625,-187500.015625,-187500.015625,-187500.015625,-187500.015625,-25815.2363281,0.0
-187500.015625,-187500.015625,-187500.015625,-187500.015625,-187500.015625,-187500.015625,-187500.015625,-25940.4511719,0.0
-187500.015625,-187500.015625,-187500.015625,-187500.015625,-187500.015625,-187500.015625,-187500.015625,-25926.2578125,0.0
-187500.015625,-187500.015625,-187500.015625,-187500.015625,-187500.015625,-187500.015625,-187500.015625,-25798.0253906,0.0
-187500.015625,-187500.015625,-187500.015625,-187500.015625,-187500.015625,-187500.015625,-187500.015625,-25794.7851562,0.0
-187500.015625,-187500.015625,-187500.015625,-187500.015625,-187500.015625,-187500.015625,-187500.015625,-25923.8222656,0.0
-187500.015625,-187500.015625,-187500.015625,-187500.015625,-187500.015625,-187500.015625,-187500.015625,-25948.4746094,0.0
-187500.015625,-187500.015625,-187500.015625,-187500.015625,-187500.015625,-187500.015625,-187500.015625,-25821.09375,0.0
-187500.015625,-187500.015625,-187500.015625,-187500.015625,-187500.015625,-187500.015625,-187500.015625,-25779.2050781,0.0
-187500.015625,-187500.015625,-187500.015625,-187500.015625,-187500.015625,-187500.015625,-187500.015625,-25902.9003906,0.0
-187500.015625,-187500.015625,-187500.015625,-187500.015625,-187500.015625,-187500.015625,-187500.015625,-25956.7675781,0.0
-187500.015625,-187500.015625,-187500.015625,-187500.015625,-187500.015625,-187500.015625,-187500.015625,-25849.6367188,0.0
-187500.015625,-187500.015625,-187500.015625,-187500.015625,-187500.015625,-187500.015625,-187500.015625,-25786.3574219,0.0
-187500.015625,-187500.015625,-187500.015625,-187500.015625,-187500.015625,-187500.015625,-187500.015625,-25891.7246094,0.0
-187500.015625,-187500.015625,-187500.015625,-187500.015625,-187500.015625,-187500.015625,-187500.015625,-25968.234375,0.0
-187500.015625,-187500.015625,-187500.015625,-187500.015625,-187500.015625,-187500.015625,-187500.015625,-25870.5351562,0.0
-187500.015625,-187500.015625,-187500.015625,-187500.015625,-187500.015625,-187500.015625,-187500.015625,-25787.3867188,0.0
-187500.015625,-187500.015625,-187500.015625,-187500.015625,-187500.015625,-187500.015625,-187500.015625,-25869.1035156,0.0
-187500.015625,-187500.015625,-187500.015625,-187500.015625,-187500.015625,-187500.015625,-187500.015625,-25974.3144531,0.0
-187500.015625,-187500.015625,-187500.015625,-187500.015625,-187500.015625,-187500.015625,-187500.015625,-25901.9609375,0.0
-187500.015625,-187500.015625,-187500.015625,-187500.015625,-187500.015625,-187500.015625,-187500.015625,-25793.5996094,0.0
-187500.015625,-187500.015625,-187500.015625,-187500.015625,-187500.015625,-187500.015625,-187500.015625,-25852.7207031,0.0
-187500.015625,-187500.015625,-187500.015625,-187500.015625,-187500.015625,-187500.015625,-187500.015625,-25968.7265625,0.0
-187500.015625,-187500.015625,-187500.015625,-187500.015625,-187500.015625,-187500.015625,-187500.015625,-25923.2402344,0.0
-187500.015625,-187500.015625,-187500.015625,-187500.015625,-187500.015625,-187500.015625,-187500.015625,-25799.8144531,0.0
-187500.015625,-187500.015625,-187500.015625,-187500.015625,-187500.015625,-187500.015625,-187500.015625,-25824.0664062,0.0
-187500.015625,-187500.015625,-187500.015625,-187500.015625,-187500.015625,-187500.015625,-187500.015625,-25943.9375,0.0
-187500.015625,-187500.015625,-187500.015625,-187500.015625,-187500.015625,-187500.015625,-187500.015625,-25939.3105469,0.0
-187500.015625,-187500.015625,-187500.015625,-187500.015625,-187500.015625,-187500.015625,-187500.015625,-25817.8515625,0.0
-187500.015625,-187500.015625,-187500.015625,-187500.015625,-187500.015625,-187500.015625,-187500.015625,-25803.7246094,0.0
-187500.015625,-187500.015625,-187500.015625,-187500.015625,-187500.015625,-187500.015625,-187500.015625,-25927.1523438,0.0
-187500.015625,-187500.015625,-187500.015625,-187500.015625,-187500.015625,-187500.015625,-187500.015625,-25951.7382812,0.0
-187500.015625,-187500.015625,-187500.015625,-187500.015625,-187500.015625,-187500.015625,-187500.015625,-25832.6035156,0.0
-187500.015625,-187500.015625,-187500.015625,-187500.015625,-187500.015625,-187500.015625,-187500.015625,-25787.9453125,0.0
-187500.015625,-187500.015625,-187500.015625,-187500.015625,-187500.015625,-187500.015625,-187500.015625,-25908.1074219,0.0
-187500.015625,-187500.015625,-187500.015625,-187500.015625,-187500.015625,-187500.015625,-187500.015625,-25963.71875,0.0
-187500.015625,-187500.015625,-187500.015625,-187500.015625,-187500.015625,-187500.015625,-187500.015625,-25843.3320312,0.0
-187500.015625,-187500.015625,-187500.015625,-187500.015625,-187500.015625,-187500.015625,-187500.015625,-25777.4179688,0.0
-187500.015625,-187500.015625,-187500.015625,-187500.015625,-187500.015625,-187500.015625,-187500.015625,-25879.8769531,0.0
-187500.015625,-187500.015625,-187500.015625,-187500.015625,-187500.015625,-187500.015625,-187500.015625,-25958.8242188,0.0
-187500.015625,-187500.015625,-187500.015625,-187500.015625,-187500.015625,-187500.015625,-187500.015625,-25867.3378906,0.0
-187500.015625,-187500.015625,-187500.015625,-187500.015625,-187500.015625,-187500.015625,-187500.015625,-25769.4609375,0.0
-187500.015625,-187500.015625,-187500.015625,-187500.015625,-187500.015625,-187500.015625,-187500.015625,-25846.7519531,0.0
-187500.015625,-187500.015625,-187500.015625,-187500.015625,-187500.015625,-187500.015625,-187500.015625,-25956.8574219,0.0
-187500.015625,-187500.015625,-187500.015625,-187500.015625,-187500.015625,-187500.015625,-187500.015625,-25889.1757812,0.0
-187500.015625,-187500.015625,-187500.015625,-187500.015625,-187500.015625,-187500.015625,-187500.015625,-25774.5332031,0.0
-187500.015625,-187500.015625,-187500.015625,-187500.015625,-187500.015625,-187500.015625,-187500.015625,-25823.796875,0.0
-187500.015625,-187500.015625,-187500.015625,-187500.015625,-187500.015625,-187500.015625,-187500.015625,-25941.0097656,0.0
-187500.015625,-187500.015625,-187500.015625,-187500.015625,-187500.015625,-187500.015625,-187500.015625,-25909.4941406,0.0
-187500.015625,-187500.015625,-187500.015625,-187500.015625,-187500.015625,-187500.015625,-187500.015625,-25783.3847656,0.0
-187500.015625,-187500.015625,-187500.015625,-187500.015625,-187500.015625,-187500.015625,-187500.015625,-25800.3496094,0.0
-187500.015625,-187500.015625,-187500.015625,-187500.015625,-187500.015625,-187500.015625,-187500.015625,-25932.1582031,0.0
-187500.015625,-187500.015625,-187500.015625,-187500.015625,-187500.015625,-187500.015625,-187500.015625,-25936.6074219,0.0
-187500.015625,-187500.015625,-187500.015625,-187500.015625,-187500.015625,-187500.015625,-187500.015625,-25811.0566406,0.0
-187500.015625,-187500.015625,-187500.015625,-187500.015625,-187500.015625,-187500.015625,-187500.015625,-25795.7910156,0.0
-187500.015625,-187500.015625,-187500.015625,-187500.015625,-187500.015625,-187500.015625,-187500.015625,-25920.1777344,0.0
-187500.015625,-187500.015625,-187500.015625,-187500.015625,-187500.015625,-187500.015625,-187500.015625,-25956.0742188,0.0
-187500.015625,-187500.015625,-187500.015625,-187500.015625,-187500.015625,-187500.015625,-187500.015625,-25834.6386719,0.0
-187500.015625,-187500.015625,-187500.015625,-187500.015625,-187500.015625,-187500.015625,-187500.015625,-25786.6035156,0.0
-187500.015625,-187500.015625,-187500.015625,-187500.015625,-187500.015625,-187500.015625,-187500.015625,-25906.2089844,0.0
-187500.015625,-187500.015625,-187500.015625,-187500.015625,-187500.015625,-187500.015625,-187500.015625,-25965.3964844,0.0
-187500.015625,-187500.015625,-187500.015625,-187500.015625,-187500.015625,-187500.015625,-187500.015625,-25856.7890625,0.0
-187500.015625,-187500.015625,-187500.015625,-187500.015625,-187500.015625,-187500.015625,-187500.015625,-25780.3222656,0.0
-187500.015625,-187500.015625,-187500.015625,-187500.015625,-187500.015625,-187500.015625,-187500.015625,-25872.7929688,0.0
-187500.015625,-187500.015625,-187500.015625,-187500.015625,-187500.015625,-187500.015625,-187500.015625,-25952.2519531,0.0
-187500.015625,-187500.015625,-187500.015625,-187500.015625,-187500.015625,-187500.015625,-187500.015625,-25873.6425781,0.0
-187500.015625,-187500.015625,-187500.015625,-187500.015625,-187500.015625,-187500.015625,-187500.015625,-25774.7128906,0.0
-187500.015625,-187500.015625,-187500.015625,-187500.015625,-187500.015625,-187500.015625,-187500.015625,-25845.859375,0.0
-187500.015625,-187500.015625,-187500.015625,-187500.015625,-187500.015625,-187500.015625,-187500.015625,-25950.4863281,0.0
-187500.015625,-187500.015625,-187500.015625,-187500.015625,-187500.015625,-187500.015625,-187500.015625,-25889.8242188,0.0
-187500.015625,-187500.015625,-187500.015625,-187500.015625,-187500.015625,-187500.015625,-187500.015625,-25774.8027344,0.0
-187500.015625,-187500.015625,-187500.015625,-187500.015625,-187500.015625,-187500.015625,-187500.015625,-25821.7851562,0.0
-187500.015625,-187500.015625,-187500.015625,-187500.015625,-187500.015625,-187500.015625,-187500.015625,-25942.7539062,0.0
-187500.015625,-187500.015625,-187500.015625,-187500.015625,-187500.015625,-187500.015625,-187500.015625,-25908.8457031,0.0
-187500.015625,-187500.015625,-187500.015625,-187500.015625,-187500.015625,-187500.015625,-187500.015625,-25781.1503906,0.0
-187500.015625,-187500.015625,-187500.015625,-187500.015625,-187500.015625,-187500.015625,-187500.015625,-25798.40625,0.0
-187500.015625,-187500.015625,-187500.015625,-187500.015625,-187500.015625,-187500.015625,-187500.015625,-25926.2792969,0.0
-187500.015625,-187500.015625,-187500.015625,-187500.015625,-187500.015625,-187500.015625,-187500.015625,-25933.8574219,0.0
-187500.015625,-187500.015625,-187500.015625,-187500.015625,-187500.015625,-187500.015625,-187500.015625,-25812.2871094,0.0
-187500.015625,-187500.015625,-187500.015625,-187500.015625,-187500.015625,-187500.015625,-187500.015625,-25787.609375,0.0
-187500.015625,-187500.015625,-187500.015625,-187500.015625,-187500.015625,-187500.015625,-187500.015625,-25917.3613281,0.0
-187500.015625,-187500.015625,-187500.015625,-187500.015625,-187500.015625,-187500.015625,-187500.015625,-25955.7167969,0.0
-187500.015625,-187500.015625,-187500.015625,-187500.015625,-187500.015625,-187500.015625,-187500.015625,-25835.9121094,0.0
-187500.015625,-187500.015625,-187500.015625,-187500.015625,-187500.015625,-187500.015625,-187500.015625,-25778.4238281,0.0
-187500.015625,-187500.015625,-187500.015625,-187500.015625,-187500.015625,-187500.015625,-187500.015625,-25891.7910156,0.0
-187500.015625,-187500.015625,-187500.015625,-187500.015625,-187500.015625,-187500.015625,-187500.015625,-25961.5292969,0.0
-187500.015625,-187500.015625,-187500.015625,-187500.015625,-187500.015625,-187500.015625,-187500.015625,-25860.2753906,0.0
-187500.015625,-187500.015625,-187500.015625,-187500.015625,-187500.015625,-187500.015625,-187500.015625,-25774.109375,0.0
-187500.015625,-187500.015625,-187500.015625,-187500.015625,-187500.015625,-187500.015625,-187500.015625,-25869.6191406,0.0
-187500.015625,-187500.015625,-187500.015625,-187500.015625,-187500.015625,-187500.015625,-187500.015625,-25965.2832031,0.0
-187500.015625,-187500.015625,-187500.015625,-187500.015625,-187500.015625,-187500.015625,-187500.015625,-25886.8964844,0.0
-187500.015625,-187500.015625,-187500.015625,-187500.015625,-187500.015625,-187500.015625,-187500.015625,-25782.0214844,0.0
-187500.015625,-187500.015625,-187500.015625,-187500.015625,-187500.015625,-187500.015625,-187500.015625,-25850.0390625,0.0
-187500.015625,-187500.015625,-187500.015625,-187500.015625,-187500.015625,-187500.015625,-187500.015625,-25964.5917969,0.0
-187500.015625,-187500.015625,-187500.015625,-187500.015625,-187500.015625,-187500.015625,-187500.015625,-25905.4257812,0.0
-187500.015625,-187500.015625,-187500.015625,-187500.015625,-187500.015625,-187500.015625,-187500.015625,-25780.234375,0.0
-187500.015625,-187500.015625,-187500.015625,-187500.015625,-187500.015625,-187500.015625,-187500.015625,-25822.3886719,0.0
-187500.015625,-187500.015625,-187500.015625,-187500.015625,-187500.015625,-187500.015625,-187500.015625,-25950.7324219,0.0
-187500.015625,-187500.015625,-187500.015625,-187500.015625,-187500.015625,-187500.015625,-187500.015625,-25933.6347656,0.0
-187500.015625,-187500.015625,-187500.015625,-187500.015625,-187500.015625,-187500.015625,-187500.015625,-25808.9550781,0.0
-187500.015625,-187500.015625,-187500.015625,-187500.015625,-187500.015625,-187500.015625,-187500.015625,-25818.6796875,0.0
-187500.015625,-187500.015625,-187500.015625,-187500.015625,-187500.015625,-187500.015625,-187500.015625,-25945.9042969,0.0
-187500.015625,-187500.015625,-187500.015625,-187500.015625,-187500.015625,-187500.015625,-187500.015625,-25953.3925781,0.0
-187500.015625,-187500.015625,-187500.015625,-187500.015625,-187500.015625,-187500.015625,-187500.015625,-25829.8105469,0.0
-187500.015625,-187500.015625,-187500.015625,-187500.015625,-187500.015625,-187500.015625,-187500.015625,-25805.8046875,0.0
-187500.015625,-187500.015625,-187500.015625,-187500.015625,-187500.015625,-187500.015625,-187500.015625,-25928.0898438,0.0
-187500.015625,-187500.015625,-187500.015625,-187500.015625,-187500.015625,-187500.015625,-187500.015625,-25967.2734375,0.0
-187500.015625,-187500.015625,-187500.015625,-187500.015625,-187500.015625,-187500.015625,-187500.015625,-25848.4960938,0.0
-187500.015625,-187500.015625,-187500.015625,-187500.015625,-187500.015625,-187500.015625,-187500.015625,-25785.9785156,0.0
-187500.015625,-187500.015625,-187500.015625,-187500.015625,-187500.015625,-187500.015625,-187500.015625,-25888.7285156,0.0
-187500.015625,-187500.015625,-187500.015625,-187500.015625,-187500.015625,-187500.015625,-187500.015625,-25962.8691406,0.0
-187500.015625,-187500.015625,-187500.015625,-187500.015625,-187500.015625,-187500.015625,-187500.015625,-25864.6796875,0.0
-187500.015625,-187500.015625,-187500.015625,-187500.015625,-187500.015625,-187500.015625,-187500.015625,-25773.9980469,0.0
-187500.015625,-187500.015625,-187500.015625,-187500.015625,-187500.015625,-187500.015625,-187500.015625,-25861.3925781,0.0
-187500.015625,-187500.015625,-187500.015625,-187500.015625,-187500.015625,-187500.015625,-187500.015625,-25956.4101562,0.0
-187500.015625,-187500.015625,-187500.015625,-187500.015625,-187500.015625,-187500.015625,-187500.015625,-25877.2636719,0.0
-187500.015625,-187500.015625,-187500.015625,-187500.015625,-187500.015625,-187500.015625,-187500.015625,-25768.8574219,0.0
-187500.015625,-187500.015625,-187500.015625,-187500.015625,-187500.015625,-187500.015625,-187500.015625,-25836.3144531,0.0
-187500.015625,-187500.015625,-187500.015625,-187500.015625,-187500.015625,-187500.015625,-187500.015625,-25953.8847656,0.0
-187500.015625,-187500.015625,-187500.015625,-187500.015625,-187500.015625,-187500.015625,-187500.015625,-25903.90625,0.0
-187500.015625,-187500.015625,-187500.015625,-187500.015625,-187500.015625,-187500.015625,-187500.015625,-25780.8378906,0.0
-187500.015625,-187500.015625,-187500.015625,-187500.015625,-187500.015625,-187500.015625,-187500.015625,-25813.0683594,0.0
-187500.015625,-187500.015625,-187500.015625,-187500.015625,-187500.015625,-187500.015625,-187500.015625,-25941.1894531,0.0
-187500.015625,-187500.015625,-187500.015625,-187500.015625,-187500.015625,-187500.015625,-187500.015625,-25928.8496094,0.0
-187500.015625,-187500.015625,-187500.015625,-187500.015625,-187500.015625,-187500.015625,-187500.015625,-25805.2675781,0.0
-187500.015625,-187500.015625,-187500.015625,-187500.015625,-187500.015625,-187500.015625,-187500.015625,-25803.6582031,0.0
-187500.015625,-187500.015625,-187500.015625,-187500.015625,-187500.015625,-187500.015625,-187500.015625,-25931.3085938,0.0
-187500.015625,-187500.015625,-187500.015625,-187500.015625,-187500.015625,-187500.015625,-187500.015625,-25949.9960938,0.0
-187500.015625,-187500.015625,-187500.015625,-187500.015625,-187500.015625,-187500.015625,-187500.015625,-25822.0996094,0.0
-187500.015625,-187500.015625,-187500.015625,-187500.015625,-187500.015625,-187500.015625,-187500.015625,-25789.4648438,0.0
-187500.015625,-187500.015625,-187500.015625,-187500.015625,-187500.015625,-187500.015625,-187500.015625,-25909.9628906,0.0
-187500.015625,-187500.015625,-187500.015625,-187500.015625,-187500.015625,-187500.015625,-187500.015625,-25955.046875,0.0
-187500.015625,-187500.015625,-187500.015625,-187500.015625,-187500.015625,-187500.015625,-187500.015625,-25841.0976562,0.0
-187500.015625,-187500.015625,-187500.015625,-187500.015625,-187500.015625,-187500.015625,-187500.015625,-25775.2949219,0.0
-187500.015625,-187500.015625,-187500.015625,-187500.015625,-187500.015625,-187500.015625,-187500.015625,-25879.453125,0.0
-187500.015625,-187500.015625,-187500.015625,-187500.015625,-187500.015625,-187500.015625,-187500.015625,-25958.8027344,0.0
-187500.015625,-187500.015625,-187500.015625,-187500.015625,-187500.015625,-187500.015625,-187500.015625,-25860.9902344,0.0
-187500.015625,-187500.015625,-187500.015625,-187500.015625,-187500.015625,-187500.015625,-187500.015625,-25770.3105469,0.0
-187500.015625,-187500.015625,-187500.015625,-187500.015625,-187500.015625,-187500.015625,-187500.015625,-25852.1621094,0.0
-187500.015625,-187500.015625,-187500.015625,-187500.015625,-187500.015625,-187500.015625,-187500.015625,-25956.2988281,0.0
-187500.015625,-187500.015625,-187500.015625,-187500.015625,-187500.015625,-187500.015625,-187500.015625,-25891.5683594,0.0
-187500.015625,-187500.015625,-187500.015625,-187500.015625,-187500.015625,-187500.015625,-187500.015625,-25789.0410156,0.0
-187500.015625,-187500.015625,-187500.015625,-187500.015625,-187500.015625,-187500.015625,-187500.015625,-25851.7363281,0.0
-187500.015625,-187500.015625,-187500.015625,-187500.015625,-187500.015625,-187500.015625,-187500.015625,-25973.6425781,0.0
-187500.015625,-187500.015625,-187500.015625,-187500.015625,-187500.015625,-187500.015625,-187500.015625,-25929.8339844,0.0
-187500.015625,-187500.015625,-187500.015625,-187500.015625,-187500.015625,-187500.015625,-187500.015625,-25805.8710938,0.0
-187500.015625,-187500.015625,-187500.015625,-187500.015625,-187500.015625,-187500.015625,-187500.015625,-25833.0058594,0.0
-187500.015625,-187500.015625,-187500.015625,-187500.015625,-187500.015625,-187500.015625,-187500.015625,-25954.7792969,0.0
-187500.015625,-187500.015625,-187500.015625,-187500.015625,-187500.015625,-187500.015625,-187500.015625,-25941.0097656,0.0
-187500.015625,-187500.015625,-187500.015625,-187500.015625,-187500.015625,-187500.015625,-187500.015625,-25813.828125,0.0
-187500.015625,-187500.015625,-187500.015625,-187500.015625,-187500.015625,-187500.015625,-187500.015625,-25799.2558594,0.0
-187500.015625,-187500.015625,-187500.015625,-187500.015625,-187500.015625,-187500.015625,-187500.015625,-25919.4628906,0.0
-187500.015625,-187500.015625,-187500.015625,-187500.015625,-187500.015625,-187500.015625,-187500.015625,-25945.0332031,0.0
-187500.015625,-187500.015625,-187500.015625,-187500.015625,-187500.015625,-187500.015625,-187500.015625,-25818.1875,0.0
-187500.015625,-187500.015625,-187500.015625,-187500.015625,-187500.015625,-187500.015625,-187500.015625,-25778.5566406,0.0
-187500.015625,-187500.015625,-187500.015625,-187500.015625,-187500.015625,-187500.015625,-187500.015625,-25893.3554688,0.0
-187500.015625,-187500.015625,-187500.015625,-187500.015625,-187500.015625,-187500.015625,-187500.015625,-25953.9960938,0.0
-187500.015625,-187500.015625,-187500.015625,-187500.015625,-187500.015625,-187500.015625,-187500.015625,-25843.1308594,0.0
-187500.015625,-187500.015625,-187500.015625,-187500.015625,-187500.015625,-187500.015625,-187500.015625,-25773.3496094,0.0
-187500.015625,-187500.015625,-187500.015625,-187500.015625,-187500.015625,-187500.015625,-187500.015625,-25872.0546875,0.0
-187500.015625,-187500.015625,-187500.015625,-187500.015625,-187500.015625,-187500.015625,-187500.015625,-25948.3183594,0.0
-187500.015625,-187500.015625,-187500.015625,-187500.015625,-187500.015625,-187500.015625,-187500.015625,-25861.4609375,0.0
-187500.015625,-187500.015625,-187500.015625,-187500.015625,-187500.015625,-187500.015625,-187500.015625,-25769.5273438,0.0
-187500.015625,-187500.015625,-187500.015625,-187500.015625,-187500.015625,-187500.015625,-187500.015625,-25849.4804688,0.0
-187500.015625,-187500.015625,-187500.015625,-187500.015625,-187500.015625,-187500.015625,-187500.015625,-25949.5488281,0.0
-187500.015625,-187500.015625,-187500.015625,-187500.015625,-187500.015625,-187500.015625,-187500.015625,-25883.2539062,0.0
-187500.015625,-187500.015625,-187500.015625,-187500.015625,-187500.015625,-187500.015625,-187500.015625,-25767.2246094,0.0
-187500.015625,-187500.015625,-187500.015625,-187500.015625,-187500.015625,-187500.015625,-187500.015625,-25816.0644531,0.0
-187500.015625,-187500.015625,-187500.015625,-187500.015625,-187500.015625,-187500.015625,-187500.015625,-25934.6835938,0.0
-187500.015625,-187500.015625,-187500.015625,-187500.015625,-187500.015625,-187500.015625,-187500.015625,-25904.9335938,0.0
-187500.015625,-187500.015625,-187500.015625,-187500.015625,-187500.015625,-187500.015625,-187500.015625,-25781.9550781,0.0
-187500.015625,-187500.015625,-187500.015625,-187500.015625,-187500.015625,-187500.015625,-187500.015625,-25797.9589844,0.0
-187500.015625,-187500.015625,-187500.015625,-187500.015625,-187500.015625,-187500.015625,-187500.015625,-25923.7988281,0.0
-187500.015625,-187500.015625,-187500.015625,-187500.015625,-187500.015625,-187500.015625,-187500.015625,-25922.8828125,0.0
-187500.015625,-187500.015625,-187500.015625,-187500.015625,-187500.015625,-187500.015625,-187500.015625,-25802.9433594,0.0
-187500.015625,-187500.015625,-187500.015625,-187500.015625,-187500.015625,-187500.015625,-187500.015625,-25790.5605469,0.0
-187500.015625,-187500.015625,-187500.015625,-187500.015625,-187500.015625,-187500.015625,-187500.015625,-25909.515625,0.0
-187500.015625,-187500.015625,-187500.015625,-187500.015625,-187500.015625,-187500.015625,-187500.015625,-25939.6464844,0.0
-187500.015625,-187500.015625,-187500.015625,-187500.015625,-187500.015625,-187500.015625,-187500.015625,-25818.8574219,0.0
-187500.015625,-187500.015625,-187500.015625,-187500.015625,-187500.015625,-187500.015625,-187500.015625,-25777.3945312,0.0
-187500.015625,-187500.015625,-187500.015625,-187500.015625,-187500.015625,-187500.015625,-187500.015625,-25892.953125,0.0
-187500.015625,-187500.015625,-187500.015625,-187500.015625,-187500.015625,-187500.015625,-187500.015625,-25954.8457031,0.0
-187500.015625,-187500.015625,-187500.015625,-187500.015625,-187500.015625,-187500.015625,-187500.015625,-25847.1992188,0.0
-187500.015625,-187500.015625,-187500.015625,-187500.015625,-187500.015625,-187500.015625,-187500.015625,-25777.4628906,0.0
-187500.015625,-187500.015625,-187500.015625,-187500.015625,-187500.015625,-187500.015625,-187500.015625,-25876.7929688,0.0
-187500.015625,-187500.015625,-187500.015625,-187500.015625,-187500.015625,-187500.015625,-187500.015625,-25968.234375,0.0
-187500.015625,-187500.015625,-187500.015625,-187500.015625,-187500.015625,-187500.015625,-187500.015625,-25885.0410156,0.0
-187500.015625,-187500.015625,-187500.015625,-187500.015625,-187500.015625,-187500.015625,-187500.015625,-25786.2695312,0.0
-187500.015625,-187500.015625,-187500.015625,-187500.015625,-187500.015625,-187500.015625,-187500.015625,-25849.3007812,0.0
-187500.015625,-187500.015625,-187500.015625,-187500.015625,-187500.015625,-187500.015625,-187500.015625,-25956.2753906,0.0
-187500.015625,-187500.015625,-187500.015625,-187500.015625,-187500.015625,-187500.015625,-187500.015625,-25894.3164062,0.0
-187500.015625,-187500.015625,-187500.015625,-187500.015625,-187500.015625,-187500.015625,-187500.015625,-25775.5175781,0.0
-187500.015625,-187500.015625,-187500.015625,-187500.015625,-187500.015625,-187500.015625,-187500.015625,-25813.8515625,0.0
-187500.015625,-187500.015625,-187500.015625,-187500.015625,-187500.015625,-187500.015625,-187500.015625,-25931.9121094,0.0
-187500.015625,-187500.015625,-187500.015625,-187500.015625,-187500.015625,-187500.015625,-187500.015625,-25904.5097656,0.0
-187500.015625,-187500.015625,-187500.015625,-187500.015625,-187500.015625,-187500.015625,-187500.015625,-25780.4804688,0.0
-187500.015625,-187500.015625,-187500.015625,-187500.015625,-187500.015625,-187500.015625,-187500.015625,-25795.7910156,0.0
-187500.015625,-187500.015625,-187500.015625,-187500.015625,-187500.015625,-187500.015625,-187500.015625,-25918.4570312,0.0
-187500.015625,-187500.015625,-187500.015625,-187500.015625,-187500.015625,-187500.015625,-187500.015625,-25926.5253906,0.0
-187500.015625,-187500.015625,-187500.015625,-187500.015625,-187500.015625,-187500.015625,-187500.015625,-25798.5839844,0.0
-187500.015625,-187500.015625,-187500.015625,-187500.015625,-187500.015625,-187500.015625,-187500.015625,-25773.6171875,0.0
-187500.015625,-187500.015625,-187500.015625,-187500.015625,-187500.015625,-187500.015625,-187500.015625,-25900.1953125,0.0
-187500.015625,-187500.015625,-187500.015625,-187500.015625,-187500.015625,-187500.015625,-187500.015625,-25939.6679688,0.0
-187500.015625,-187500.015625,-187500.015625,-187500.015625,-187500.015625,-187500.015625,-187500.015625,-25829.5195312,0.0
-187500.015625,-187500.015625,-187500.015625,-187500.015625,-187500.015625,-187500.015625,-187500.015625,-25777.5957031,0.0
-187500.015625,-187500.015625,-187500.015625,-187500.015625,-187500.015625,-187500.015625,-187500.015625,-25886.3144531,0.0
-187500.015625,-187500.015625,-187500.015625,-187500.015625,-187500.015625,-187500.015625,-187500.015625,-25952.5664062,0.0
-187500.015625,-187500.015625,-187500.015625,-187500.015625,-187500.015625,-187500.015625,-187500.015625,-25849.6367188,0.0
-187500.015625,-187500.015625,-187500.015625,-187500.015625,-187500.015625,-187500.015625,-187500.015625,-25774.0644531,0.0
-187500.015625,-187500.015625,-187500.015625,-187500.015625,-187500.015625,-187500.015625,-187500.015625,-25868.0761719,0.0
-187500.015625,-187500.015625,-187500.015625,-187500.015625,-187500.015625,-187500.015625,-187500.015625,-25956.7011719,0.0
-187500.015625,-187500.015625,-187500.015625,-187500.015625,-187500.015625,-187500.015625,-187500.015625,-25880.6601562,0.0
-187500.015625,-187500.015625,-187500.015625,-187500.015625,-187500.015625,-187500.015625,-187500.015625,-25776.0546875,0.0
-187500.015625,-187500.015625,-187500.015625,-187500.015625,-187500.015625,-187500.015625,-187500.015625,-25841.34375,0.0
-187500.015625,-187500.015625,-187500.015625,-187500.015625,-187500.015625,-187500.015625,-187500.015625,-25950.6660156,0.0
-187500.015625,-187500.015625,-187500.015625,-187500.015625,-187500.015625,-187500.015625,-187500.015625,-25893.7363281,0.0
-187500.015625,-187500.015625,-187500.015625,-187500.015625,-187500.015625,-187500.015625,-187500.015625,-25774.5117188,0.0
-187500.015625,-187500.015625,-187500.015625,-187500.015625,-187500.015625,-187500.015625,-187500.015625,-25814.96875,0.0
-187500.015625,-187500.015625,-187500.015625,-187500.015625,-187500.015625,-187500.015625,-187500.015625,-25937.8574219,0.0
-187500.015625,-187500.015625,-187500.015625,-187500.015625,-187500.015625,-187500.015625,-187500.015625,-25916.3339844,0.0
-187500.015625,-187500.015625,-187500.015625,-187500.015625,-187500.015625,-187500.015625,-187500.015625,-25790.0234375,0.0
-187500.015625,-187500.015625,-187500.015625,-187500.015625,-187500.015625,-187500.015625,-187500.015625,-25795.6113281,0.0
-187500.015625,-187500.015625,-187500.015625,-187500.015625,-187500.015625,-187500.015625,-187500.015625,-25920.6699219,0.0
-187500.015625,-187500.015625,-187500.015625,-187500.015625,-187500.015625,-187500.015625,-187500.015625,-25933.1425781,0.0
-187500.015625,-187500.015625,-187500.015625,-187500.015625,-187500.015625,-187500.015625,-187500.015625,-25809.3574219,0.0
-187500.015625,-187500.015625,-187500.015625,-187500.015625,-187500.015625,-187500.015625,-187500.015625,-25778.3125,0.0
-187500.015625,-187500.015625,-187500.015625,-187500.015625,-187500.015625,-187500.015625,-187500.015625,-25897.4023438,0.0
-187500.015625,-187500.015625,-187500.015625,-187500.015625,-187500.015625,-187500.015625,-187500.015625,-25943.6035156,0.0
-187500.015625,-187500.015625,-187500.015625,-187500.015625,-187500.015625,-187500.015625,-187500.015625,-25833.0058594,0.0
-187500.015625,-187500.015625,-187500.015625,-187500.015625,-187500.015625,-187500.015625,-187500.015625,-25774.109375,0.0
-187500.015625,-187500.015625,-187500.015625,-187500.015625,-187500.015625,-187500.015625,-187500.015625,-25884.4160156,0.0
-187500.015625,-187500.015625,-187500.015625,-187500.015625,-187500.015625,-187500.015625,-187500.015625,-25954.7109375,0.0
-187500.015625,-187500.015625,-187500.015625,-187500.015625,-187500.015625,-187500.015625,-187500.015625,-25855.4023438,0.0
-187500.015625,-187500.015625,-187500.015625,-187500.015625,-187500.015625,-187500.015625,-187500.015625,-25770.6445312,0.0
-187500.015625,-187500.015625,-187500.015625,-187500.015625,-187500.015625,-187500.015625,-187500.015625,-25859.9394531,0.0
-187500.015625,-187500.015625,-187500.015625,-187500.015625,-187500.015625,-187500.015625,-187500.015625,-25955.4492188,0.0
-187500.015625,-187500.015625,-187500.015625,-187500.015625,-187500.015625,-187500.015625,-187500.015625,-25873.3964844,0.0
-187500.015625,-187500.015625,-187500.015625,-187500.015625,-187500.015625,-187500.015625,-187500.015625,-25766.8222656,0.0
-187500.015625,-187500.015625,-187500.015625,-187500.015625,-187500.015625,-187500.015625,-187500.015625,-25829.1621094,0.0
-187500.015625,-187500.015625,-187500.015625,-187500.015625,-187500.015625,-187500.015625,-187500.015625,-25945.0546875,0.0
-187500.015625,-187500.015625,-187500.015625,-187500.015625,-187500.015625,-187500.015625,-187500.015625,-25894.2285156,0.0
-187500.015625,-187500.015625,-187500.015625,-187500.015625,-187500.015625,-187500.015625,-187500.015625,-25771.8066406,0.0
-187500.015625,-187500.015625,-187500.015625,-187500.015625,-187500.015625,-187500.015625,-187500.015625,-25805.4472656,0.0
-187500.015625,-187500.015625,-187500.015625,-187500.015625,-187500.015625,-187500.015625,-187500.015625,-25921.7421875,0.0
-187500.015625,-187500.015625,-187500.015625,-187500.015625,-187500.015625,-187500.015625,-187500.015625,-25911.5273438,0.0
-187500.015625,-187500.015625,-187500.015625,-187500.015625,-187500.015625,-187500.015625,-187500.015625,-25786.1132812,0.0
-187500.015625,-187500.015625,-187500.015625,-187500.015625,-187500.015625,-187500.015625,-187500.015625,-25785.1289062,0.0
-187500.015625,-187500.015625,-187500.015625,-187500.015625,-187500.015625,-187500.015625,-187500.015625,-25914.0546875,0.0
-187500.015625,-187500.015625,-187500.015625,-187500.015625,-187500.015625,-187500.015625,-187500.015625,-25932.8730469,0.0
-187500.015625,-187500.015625,-187500.015625,-187500.015625,-187500.015625,-187500.015625,-187500.015625,-25810.3183594,0.0
-187500.015625,-187500.015625,-187500.015625,-187500.015625,-187500.015625,-187500.015625,-187500.015625,-25777.5292969,0.0
-187500.015625,-187500.015625,-187500.015625,-187500.015625,-187500.015625,-187500.015625,-187500.015625,-25903.5253906,0.0
-187500.015625,-187500.015625,-187500.015625,-187500.015625,-187500.015625,-187500.015625,-187500.015625,-25957.1035156,0.0
-187500.015625,-187500.015625,-187500.015625,-187500.015625,-187500.015625,-187500.015625,-187500.015625,-25838.2148438,0.0
-187500.015625,-187500.015625,-187500.015625,-187500.015625,-187500.015625,-187500.015625,-187500.015625,-25781.7753906,0.0
-187500.015625,-187500.015625,-187500.015625,-187500.015625,-187500.015625,-187500.015625,-187500.015625,-25887.5664062,0.0
-187500.015625,-187500.015625,-187500.015625,-187500.015625,-187500.015625,-187500.015625,-187500.015625,-25962.8027344,0.0
-187500.015625,-187500.015625,-187500.015625,-187500.015625,-187500.015625,-187500.015625,-187500.015625,-25867.3828125,0.0
-187500.015625,-187500.015625,-187500.015625,-187500.015625,-187500.015625,-187500.015625,-187500.015625,-25778.3554688,0.0
-187500.015625,-187500.015625,-187500.015625,-187500.015625,-187500.015625,-187500.015625,-187500.015625,-25859.671875,0.0
-187500.015625,-187500.015625,-187500.015625,-187500.015625,-187500.015625,-187500.015625,-187500.015625,-25954.3085938,0.0
-187500.015625,-187500.015625,-187500.015625,-187500.015625,-187500.015625,-187500.015625,-187500.015625,-25889.6015625,0.0
-187500.015625,-187500.015625,-187500.015625,-187500.015625,-187500.015625,-187500.015625,-187500.015625,-25780.6132812,0.0
-187500.015625,-187500.015625,-187500.015625,-187500.015625,-187500.015625,-187500.015625,-187500.015625,-25835.0410156,0.0
-187500.015625,-187500.015625,-187500.015625,-187500.015625,-187500.015625,-187500.015625,-187500.015625,-25948.8554688,0.0
-187500.015625,-187500.015625,-187500.015625,-187500.015625,-187500.015625,-187500.015625,-187500.015625,-25904.4648438,0.0
-187500.015625,-187500.015625,-187500.015625,-187500.015625,-187500.015625,-187500.015625,-187500.015625,-25783.2519531,0.0
-187500.015625,-187500.015625,-187500.015625,-187500.015625,-187500.015625,-187500.015625,-187500.015625,-25812.0625,0.0
-187500.015625,-187500.015625,-187500.015625,-187500.015625,-187500.015625,-187500.015625,-187500.015625,-25936.0917969,0.0
-187500.015625,-187500.015625,-187500.015625,-187500.015625,-187500.015625,-187500.015625,-187500.015625,-25921.8105469,0.0
-187500.015625,-187500.015625,-187500.015625,-187500.015625,-187500.015625,-187500.015625,-187500.015625,-25793.109375,0.0
-187500.015625,-187500.015625,-187500.015625,-187500.015625,-187500.015625,-187500.015625,-187500.015625,-25789.6445312,0.0
-187500.015625,-187500.015625,-187500.015625,-187500.015625,-187500.015625,-187500.015625,-187500.015625,-25921.609375,0.0
-187500.015625,-187500.015625,-187500.015625,-187500.015625,-187500.015625,-187500.015625,-187500.015625,-25935.8691406,0.0
-187500.015625,-187500.015625,-187500.015625,-187500.015625,-187500.015625,-187500.015625,-187500.015625,-25811.7265625,0.0
-187500.015625,-187500.015625,-187500.015625,-187500.015625,-187500.015625,-187500.015625,-187500.015625,-25770.0859375,0.0
-187500.015625,-187500.015625,-187500.015625,-187500.015625,-187500.015625,-187500.015625,-187500.015625,-25889.6679688,0.0
-187500.015625,-187500.015625,-187500.015625,-187500.015625,-187500.015625,-187500.015625,-187500.015625,-25946.8886719,0.0
-187500.015625,-187500.015625,-187500.015625,-187500.015625,-187500.015625,-187500.015625,-187500.015625,-25830.8378906,0.0
-187500.015625,-187500.015625,-187500.015625,-187500.015625,-187500.015625,-187500.015625,-187500.015625,-25762.6210938,0.0
-187500.015625,-187500.015625,-187500.015625,-187500.015625,-187500.015625,-187500.015625,-187500.015625,-25868.0546875,0.0
-187500.015625,-187500.015625,-187500.015625,-187500.015625,-187500.015625,-187500.015625,-187500.015625,-25950.0625,0.0
-187500.015625,-187500.015625,-187500.015625,-187500.015625,-187500.015625,-187500.015625,-187500.015625,-25859.359375,0.0
-187500.015625,-187500.015625,-187500.015625,-187500.015625,-187500.015625,-187500.015625,-187500.015625,-25766.4433594,0.0
-187500.015625,-187500.015625,-187500.015625,-187500.015625,-187500.015625,-187500.015625,-187500.015625,-25845.4121094,0.0
-187500.015625,-187500.015625,-187500.015625,-187500.015625,-187500.015625,-187500.015625,-187500.015625,-25945.7714844,0.0
-187500.015625,-187500.015625,-187500.015625,-187500.015625,-187500.015625,-187500.015625,-187500.015625,-25882.3359375,0.0
-187500.015625,-187500.015625,-187500.015625,-187500.015625,-187500.015625,-187500.015625,-187500.015625,-25769.2148438,0.0
-187500.015625,-187500.015625,-187500.015625,-187500.015625,-187500.015625,-187500.015625,-187500.015625,-25818.4101562,0.0
-187500.015625,-187500.015625,-187500.015625,-187500.015625,-187500.015625,-187500.015625,-187500.015625,-25932.5839844,0.0
-187500.015625,-187500.015625,-187500.015625,-187500.015625,-187500.015625,-187500.015625,-187500.015625,-25897.7148438,0.0
-187500.015625,-187500.015625,-187500.015625,-187500.015625,-187500.015625,-187500.015625,-187500.015625,-25771.9199219,0.0
-187500.015625,-187500.015625,-187500.015625,-187500.015625,-187500.015625,-187500.015625,-187500.015625,-25788.4824219,0.0
-187500.015625,-187500.015625,-187500.015625,-187500.015625,-187500.015625,-187500.015625,-187500.015625,-25919.9550781,0.0
-187500.015625,-187500.015625,-187500.015625,-187500.015625,-187500.015625,-187500.015625,-187500.015625,-25915.640625,0.0
-187500.015625,-187500.015625,-187500.015625,-187500.015625,-187500.015625,-187500.015625,-187500.015625,-25786.4707031,0.0
-187500.015625,-187500.015625,-187500.015625,-187500.015625,-187500.015625,-187500.015625,-187500.015625,-25774.6015625,0.0
-187500.015625,-187500.015625,-187500.015625,-187500.015625,-187500.015625,-187500.015625,-187500.015625,-25899.2578125,0.0
-187500.015625,-187500.015625,-187500.015625,-187500.015625,-187500.015625,-187500.015625,-187500.015625,-25932.6503906,0.0
-187500.015625,-187500.015625,-187500.015625,-187500.015625,-187500.015625,-187500.015625,-187500.015625,-25819.7734375,0.0
-187500.015625,-187500.015625,-187500.015625,-187500.015625,-187500.015625,-187500.015625,-187500.015625,-25773.8417969,0.0
-187500.015625,-187500.015625,-187500.015625,-187500.015625,-187500.015625,-187500.015625,-187500.015625,-25888.8183594,0.0
-187500.015625,-187500.015625,-187500.015625,-187500.015625,-187500.015625,-187500.015625,-187500.015625,-25948.8554688,0.0
-187500.015625,-187500.015625,-187500.015625,-187500.015625,-187500.015625,-187500.015625,-187500.015625,-25846.6855469,0.0
-187500.015625,-187500.015625,-187500.015625,-187500.015625,-187500.015625,-187500.015625,-187500.015625,-25775.0039062,0.0
-187500.015625,-187500.015625,-187500.015625,-187500.015625,-187500.015625,-187500.015625,-187500.015625,-25873.6425781,0.0
-187500.015625,-187500.015625,-187500.015625,-187500.015625,-187500.015625,-187500.015625,-187500.015625,-25964.0761719,0.0
-187500.015625,-187500.015625,-187500.015625,-187500.015625,-187500.015625,-187500.015625,-187500.015625,-25880.8613281,0.0
-187500.015625,-187500.015625,-187500.015625,-187500.015625,-187500.015625,-187500.015625,-187500.015625,-25785.1738281,0.0
-187500.015625,-187500.015625,-187500.015625,-187500.015625,-187500.015625,-187500.015625,-187500.015625,-25858.4433594,0.0
-187500.015625,-187500.015625,-187500.015625,-187500.015625,-187500.015625,-187500.015625,-187500.015625,-25963.6972656,0.0
-187500.015625,-187500.015625,-187500.015625,-187500.015625,-187500.015625,-187500.015625,-187500.015625,-25905.5820312,0.0
-187500.015625,-187500.015625,-187500.015625,-187500.015625,-187500.015625,-187500.015625,-187500.015625,-25789.1074219,0.0
-187500.015625,-187500.015625,-187500.015625,-187500.015625,-187500.015625,-187500.015625,-187500.015625,-25829.921875,0.0
-187500.015625,-187500.015625,-187500.015625,-187500.015625,-187500.015625,-187500.015625,-187500.015625,-25946.0390625,0.0
-187500.015625,-187500.015625,-187500.015625,-187500.015625,-187500.015625,-187500.015625,-187500.015625,-25908.9804688,0.0
-187500.015625,-187500.015625,-187500.015625,-187500.015625,-187500.015625,-187500.015625,-187500.015625,-25781.9316406,0.0
-187500.015625,-187500.015625,-187500.015625,-187500.015625,-187500.015625,-187500.015625,-187500.015625,-25788.0351562,0.0
-187500.015625,-187500.015625,-187500.015625,-187500.015625,-187500.015625,-187500.015625,-187500.015625,-25909.4941406,0.0
-187500.015625,-187500.015625,-187500.015625,-187500.015625,-187500.015625,-187500.015625,-187500.015625,-25910.7460938,0.0
-187500.015625,-187500.015625,-187500.015625,-187500.015625,-187500.015625,-187500.015625,-187500.015625,-25781.8203125,0.0
-187500.015625,-187500.015625,-187500.015625,-187500.015625,-187500.015625,-187500.015625,-187500.015625,-25762.6660156,0.0
-187500.015625,-187500.015625,-187500.015625,-187500.015625,-187500.015625,-187500.015625,-187500.015625,-25893.78125,0.0
-187500.015625,-187500.015625,-187500.015625,-187500.015625,-187500.015625,-187500.015625,-187500.015625,-25934.2597656,0.0
-187500.015625,-187500.015625,-187500.015625,-187500.015625,-187500.015625,-187500.015625,-187500.015625,-25815.0585938,0.0
-187500.015625,-187500.015625,-187500.015625,-187500.015625,-187500.015625,-187500.015625,-187500.015625,-25765.3925781,0.0
-187500.015625,-187500.015625,-187500.015625,-187500.015625,-187500.015625,-187500.015625,-187500.015625,-25879.2734375,0.0
-187500.015625,-187500.015625,-187500.015625,-187500.015625,-187500.015625,-187500.015625,-187500.015625,-25949.4589844,0.0
-187500.015625,-187500.015625,-187500.015625,-187500.015625,-187500.015625,-187500.015625,-187500.015625,-25850.4414062,0.0
-187500.015625,-187500.015625,-187500.015625,-187500.015625,-187500.015625,-187500.015625,-187500.015625,-25765.2363281,0.0
-187500.015625,-187500.015625,-187500.015625,-187500.015625,-187500.015625,-187500.015625,-187500.015625,-25861.7050781,0.0
-187500.015625,-187500.015625,-187500.015625,-187500.015625,-187500.015625,-187500.015625,-187500.015625,-25955.1582031,0.0
-187500.015625,-187500.015625,-187500.015625,-187500.015625,-187500.015625,-187500.015625,-187500.015625,-25871.6074219,0.0
-187500.015625,-187500.015625,-187500.015625,-187500.015625,-187500.015625,-187500.015625,-187500.015625,-25771.4492188,0.0
-187500.015625,-187500.015625,-187500.015625,-187500.015625,-187500.015625,-187500.015625,-187500.015625,-25839.265625,0.0
-187500.015625,-187500.015625,-187500.015625,-187500.015625,-187500.015625,-187500.015625,-187500.015625,-25947.7382812,0.0
-187500.015625,-187500.015625,-187500.015625,-187500.015625,-187500.015625,-187500.015625,-187500.015625,-25889.8476562,0.0
-187500.015625,-187500.015625,-187500.015625,-187500.015625,-187500.015625,-187500.015625,-187500.015625,-25775.5839844,0.0
-187500.015625,-187500.015625,-187500.015625,-187500.015625,-187500.015625,-187500.015625,-187500.015625,-25809.4707031,0.0
-187500.015625,-187500.015625,-187500.015625,-187500.015625,-187500.015625,-187500.015625,-187500.015625,-25936.0039062,0.0
-187500.015625,-187500.015625,-187500.015625,-187500.015625,-187500.015625,-187500.015625,-187500.015625,-25920.1113281,0.0
-187500.015625,-187500.015625,-187500.015625,-187500.015625,-187500.015625,-187500.015625,-187500.015625,-25791.7441406,0.0
-187500.015625,-187500.015625,-187500.015625,-187500.015625,-187500.015625,-187500.015625,-187500.015625,-25794.875,0.0
-187500.015625,-187500.015625,-187500.015625,-187500.015625,-187500.015625,-187500.015625,-187500.015625,-25914.5898438,0.0
-187500.015625,-187500.015625,-187500.015625,-187500.015625,-187500.015625,-187500.015625,-187500.015625,-25926.5488281,0.0
-187500.015625,-187500.015625,-187500.015625,-187500.015625,-187500.015625,-187500.015625,-187500.015625,-25805.9824219,0.0
-187500.015625,-187500.015625,-187500.015625,-187500.015625,-187500.015625,-187500.015625,-187500.015625,-25778.1328125,0.0
-187500.015625,-187500.015625,-187500.015625,-187500.015625,-187500.015625,-187500.015625,-187500.015625,-25899.3242188,0.0
-187500.015625,-187500.015625,-187500.015625,-187500.015625,-187500.015625,-187500.015625,-187500.015625,-25939.625,0.0
-187500.015625,-187500.015625,-187500.015625,-187500.015625,-187500.015625,-187500.015625,-187500.015625,-25824.3339844,0.0
-187500.015625,-187500.015625,-187500.015625,-187500.015625,-187500.015625,-187500.015625,-187500.015625,-25766.3535156,0.0
-187500.015625,-187500.015625,-187500.015625,-187500.015625,-187500.015625,-187500.015625,-187500.015625,-25873.7988281,0.0
-187500.015625,-187500.015625,-187500.015625,-187500.015625,-187500.015625,-187500.015625,-187500.015625,-25948.1171875,0.0
-187500.015625,-187500.015625,-187500.015625,-187500.015625,-187500.015625,-187500.015625,-187500.015625,-25847.1328125,0.0
-187500.015625,-187500.015625,-187500.015625,-187500.015625,-187500.015625,-187500.015625,-187500.015625,-25761.5039062,0.0
-187500.015625,-187500.015625,-187500.015625,-187500.015625,-187500.015625,-187500.015625,-187500.015625,-25845.0761719,0.0
-187500.015625,-187500.015625,-187500.015625,-187500.015625,-187500.015625,-187500.015625,-187500.015625,-25942.1503906,0.0
-187500.015625,-187500.015625,-187500.015625,-187500.015625,-187500.015625,-187500.015625,-187500.015625,-25865.9082031,0.0
-187500.015625,-187500.015625,-187500.015625,-187500.015625,-187500.015625,-187500.015625,-187500.015625,-25753.703125,0.0
-187500.015625,-187500.015625,-187500.015625,-187500.015625,-187500.015625,-187500.015625,-187500.015625,-25817.5839844,0.0
-187500.015625,-187500.015625,-187500.015625,-187500.015625,-187500.015625,-187500.015625,-187500.015625,-25935.9355469,0.0
-187500.015625,-187500.015625,-187500.015625,-187500.015625,-187500.015625,-187500.015625,-187500.015625,-25886.4941406,0.0
-187500.015625,-187500.015625,-187500.015625,-187500.015625,-187500.015625,-187500.015625,-187500.015625,-25764.609375,0.0
-187500.015625,-187500.015625,-187500.015625,-187500.015625,-187500.015625,-187500.015625,-187500.015625,-25796.1035156,0.0
-187500.015625,-187500.015625,-187500.015625,-187500.015625,-187500.015625,-187500.015625,-187500.015625,-25922.8164062,0.0
-187500.015625,-187500.015625,-187500.015625,-187500.015625,-187500.015625,-187500.015625,-187500.015625,-25907.0585938,0.0
-187500.015625,-187500.015625,-187500.015625,-187500.015625,-187500.015625,-187500.015625,-187500.015625,-25782.8710938,0.0
-187500.015625,-187500.015625,-187500.015625,-187500.015625,-187500.015625,-187500.015625,-187500.015625,-25783.1621094,0.0
-187500.015625,-187500.015625,-187500.015625,-187500.015625,-187500.015625,-187500.015625,-187500.015625,-25913.5390625,0.0
-187500.015625,-187500.015625,-187500.015625,-187500.015625,-187500.015625,-187500.015625,-187500.015625,-25921.3398438,0.0
-187500.015625,-187500.015625,-187500.015625,-187500.015625,-187500.015625,-187500.015625,-187500.015625,-25795.6347656,0.0
-187500.015625,-187500.015625,-187500.015625,-187500.015625,-187500.015625,-187500.015625,-187500.015625,-25762.21875,0.0
-187500.015625,-187500.015625,-187500.015625,-187500.015625,-187500.015625,-187500.015625,-187500.015625,-25887.2753906,0.0
-187500.015625,-187500.015625,-187500.015625,-187500.015625,-187500.015625,-187500.015625,-187500.015625,-25940.4511719,0.0
-187500.015625,-187500.015625,-187500.015625,-187500.015625,-187500.015625,-187500.015625,-187500.015625,-25826.1894531,0.0
-187500.015625,-187500.015625,-187500.015625,-187500.015625,-187500.015625,-187500.015625,-187500.015625,-25767.0683594,0.0
-187500.015625,-187500.015625,-187500.015625,-187500.015625,-187500.015625,-187500.015625,-187500.015625,-25879.1171875,0.0
-187500.015625,-187500.015625,-187500.015625,-187500.015625,-187500.015625,-187500.015625,-187500.015625,-25955.046875,0.0
-187500.015625,-187500.015625,-187500.015625,-187500.015625,-187500.015625,-187500.015625,-187500.015625,-25863.3378906,0.0
-187500.015625,-187500.015625,-187500.015625,-187500.015625,-187500.015625,-187500.015625,-187500.015625,-25771.6953125,0.0
-187500.015625,-187500.015625,-187500.015625,-187500.015625,-187500.015625,-187500.015625,-187500.015625,-25849.6582031,0.0
-187500.015625,-187500.015625,-187500.015625,-187500.015625,-187500.015625,-187500.015625,-187500.015625,-25950.8007812,0.0
-187500.015625,-187500.015625,-187500.015625,-187500.015625,-187500.015625,-187500.015625,-187500.015625,-25884.4160156,0.0
-187500.015625,-187500.015625,-187500.015625,-187500.015625,-187500.015625,-187500.015625,-187500.015625,-25775.4960938,0.0
-187500.015625,-187500.015625,-187500.015625,-187500.015625,-187500.015625,-187500.015625,-187500.015625,-25828.8710938,0.0
-187500.015625,-187500.015625,-187500.015625,-187500.015625,-187500.015625,-187500.015625,-187500.015625,-25944.25,0.0
-187500.015625,-187500.015625,-187500.015625,-187500.015625,-187500.015625,-187500.015625,-187500.015625,-25900.53125,0.0
-187500.015625,-187500.015625,-187500.015625,-187500.015625,-187500.015625,-187500.015625,-187500.015625,-25777.8417969,0.0
-187500.015625,-187500.015625,-187500.015625,-187500.015625,-187500.015625,-187500.015625,-187500.015625,-25805.0664062,0.0
-187500.015625,-187500.015625,-187500.015625,-187500.015625,-187500.015625,-187500.015625,-187500.015625,-25930.6386719,0.0
-187500.015625,-187500.015625,-187500.015625,-187500.015625,-187500.015625,-187500.015625,-187500.015625,-25915.4394531,0.0
-187500.015625,-187500.015625,-187500.015625,-187500.015625,-187500.015625,-187500.015625,-187500.015625,-25785.3964844,0.0
-187500.015625,-187500.015625,-187500.015625,-187500.015625,-187500.015625,-187500.015625,-187500.015625,-25780.1660156,0.0
-187500.015625,-187500.015625,-187500.015625,-187500.015625,-187500.015625,-187500.015625,-187500.015625,-25906.4765625,0.0
-187500.015625,-187500.015625,-187500.015625,-187500.015625,-187500.015625,-187500.015625,-187500.015625,-25923.8222656,0.0
-187500.015625,-187500.015625,-187500.015625,-187500.015625,-187500.015625,-187500.015625,-187500.015625,-25806.4296875,0.0
-187500.015625,-187500.015625,-187500.015625,-187500.015625,-187500.015625,-187500.015625,-187500.015625,-25763.8730469,0.0
-187500.015625,-187500.015625,-187500.015625,-187500.015625,-187500.015625,-187500.015625,-187500.015625,-25883.2753906,0.0
-187500.015625,-187500.015625,-187500.015625,-187500.015625,-187500.015625,-187500.015625,-187500.015625,-25945.2558594,0.0
-187500.015625,-187500.015625,-187500.015625,-187500.015625,-187500.015625,-187500.015625,-187500.015625,-25830.7265625,0.0
-187500.015625,-187500.015625,-187500.015625,-187500.015625,-187500.015625,-187500.015625,-187500.015625,-25758.0390625,0.0
-187500.015625,-187500.015625,-187500.015625,-187500.015625,-187500.015625,-187500.015625,-187500.015625,-25857.6835938,0.0
-187500.015625,-187500.015625,-187500.015625,-187500.015625,-187500.015625,-187500.015625,-187500.015625,-25937.5683594,0.0
-187500.015625,-187500.015625,-187500.015625,-187500.015625,-187500.015625,-187500.015625,-187500.015625,-25844.7851562,0.0
-187500.015625,-187500.015625,-187500.015625,-187500.015625,-187500.015625,-187500.015625,-187500.015625,-25751.9140625,0.0
-187500.015625,-187500.015625,-187500.015625,-187500.015625,-187500.015625,-187500.015625,-187500.015625,-25829.9882812,0.0
-187500.015625,-187500.015625,-187500.015625,-187500.015625,-187500.015625,-187500.015625,-187500.015625,-25936.0039062,0.0
-187500.015625,-187500.015625,-187500.015625,-187500.015625,-187500.015625,-187500.015625,-187500.015625,-25876.6367188,0.0
-187500.015625,-187500.015625,-187500.015625,-187500.015625,-187500.015625,-187500.015625,-187500.015625,-25765.1679688,0.0
-187500.015625,-187500.015625,-187500.015625,-187500.015625,-187500.015625,-187500.015625,-187500.015625,-25815.9960938,0.0
-187500.015625,-187500.015625,-187500.015625,-187500.015625,-187500.015625,-187500.015625,-187500.015625,-25937.3886719,0.0
-187500.015625,-187500.015625,-187500.015625,-187500.015625,-187500.015625,-187500.015625,-187500.015625,-25902.8105469,0.0
-187500.015625,-187500.015625,-187500.015625,-187500.015625,-187500.015625,-187500.015625,-187500.015625,-25778.2890625,0.0
-187500.015625,-187500.015625,-187500.015625,-187500.015625,-187500.015625,-187500.015625,-187500.015625,-25798.3613281,0.0
-187500.015625,-187500.015625,-187500.015625,-187500.015625,-187500.015625,-187500.015625,-187500.015625,-25921.1621094,0.0
-187500.015625,-187500.015625,-187500.015625,-187500.015625,-187500.015625,-187500.015625,-187500.015625,-25925.3183594,0.0
-187500.015625,-187500.015625,-187500.015625,-187500.015625,-187500.015625,-187500.015625,-187500.015625,-25793.9355469,0.0
-187500.015625,-187500.015625,-187500.015625,-187500.015625,-187500.015625,-187500.015625,-187500.015625,-25776.3886719,0.0
-187500.015625,-187500.015625,-187500.015625,-187500.015625,-187500.015625,-187500.015625,-187500.015625,-25903.8613281,0.0
-187500.015625,-187500.015625,-187500.015625,-187500.015625,-187500.015625,-187500.015625,-187500.015625,-25935.8242188,0.0
-187500.015625,-187500.015625,-187500.015625,-187500.015625,-187500.015625,-187500.015625,-187500.015625,-25815.6171875,0.0
-187500.015625,-187500.015625,-187500.015625,-187500.015625,-187500.015625,-187500.015625,-187500.015625,-25764.2519531,0.0
-187500.015625,-187500.015625,-187500.015625,-187500.015625,-187500.015625,-187500.015625,-187500.015625,-25877.8222656,0.0
-187500.015625,-187500.015625,-187500.015625,-187500.015625,-187500.015625,-187500.015625,-187500.015625,-25939.9589844,0.0
-187500.015625,-187500.015625,-187500.015625,-187500.015625,-187500.015625,-187500.015625,-187500.015625,-25827.4179688,0.0
-187500.015625,-187500.015625,-187500.015625,-187500.015625,-187500.015625,-187500.015625,-187500.015625,-25744.0917969,0.0
-187500.015625,-187500.015625,-187500.015625,-187500.015625,-187500.015625,-187500.015625,-187500.015625,-25836.1582031,0.0
-187500.015625,-187500.015625,-187500.015625,-187500.015625,-187500.015625,-187500.015625,-187500.015625,-25923.6425781,0.0
-187500.015625,-187500.015625,-187500.015625,-187500.015625,-187500.015625,-187500.015625,-187500.015625,-25843.7578125,0.0
-187500.015625,-187500.015625,-187500.015625,-187500.015625,-187500.015625,-187500.015625,-187500.015625,-25753.03125,0.0
-187500.015625,-187500.015625,-187500.015625,-187500.015625,-187500.015625,-187500.015625,-187500.015625,-25828.46875,0.0
-187500.015625,-187500.015625,-187500.015625,-187500.015625,-187500.015625,-187500.015625,-187500.015625,-25943.6035156,0.0
-187500.015625,-187500.015625,-187500.015625,-187500.015625,-187500.015625,-187500.015625,-187500.015625,-25885.3085938,0.0
-187500.015625,-187500.015625,-187500.015625,-187500.015625,-187500.015625,-187500.015625,-187500.015625,-25764.3417969,0.0
-187500.015625,-187500.015625,-187500.015625,-187500.015625,-187500.015625,-187500.015625,-187500.015625,-25806.5859375,0.0
-187500.015625,-187500.015625,-187500.015625,-187500.015625,-187500.015625,-187500.015625,-187500.015625,-25933.9238281,0.0
-187500.015625,-187500.015625,-187500.015625,-187500.015625,-187500.015625,-187500.015625,-187500.015625,-25908.4433594,0.0
-187500.015625,-187500.015625,-187500.015625,-187500.015625,-187500.015625,-187500.015625,-187500.015625,-25785.4199219,0.0
-187500.015625,-187500.015625,-187500.015625,-187500.015625,-187500.015625,-187500.015625,-187500.015625,-25792.9511719,0.0
-187500.015625,-187500.015625,-187500.015625,-187500.015625,-187500.015625,-187500.015625,-187500.015625,-25920.4023438,0.0
-187500.015625,-187500.015625,-187500.015625,-187500.015625,-187500.015625,-187500.015625,-187500.015625,-25926.0566406,0.0
-187500.015625,-187500.015625,-187500.015625,-187500.015625,-187500.015625,-187500.015625,-187500.015625,-25796.9296875,0.0
-187500.015625,-187500.015625,-187500.015625,-187500.015625,-187500.015625,-187500.015625,-187500.015625,-25767.3359375,0.0
-187500.015625,-187500.015625,-187500.015625,-187500.015625,-187500.015625,-187500.015625,-187500.015625,-25891.5234375,0.0
-187500.015625,-187500.015625,-187500.015625,-187500.015625,-187500.015625,-187500.015625,-187500.015625,-25930.5722656,0.0
-187500.015625,-187500.015625,-187500.015625,-187500.015625,-187500.015625,-187500.015625,-187500.015625,-25810.8789062,0.0
-187500.015625,-187500.015625,-187500.015625,-187500.015625,-187500.015625,-187500.015625,-187500.015625,-25752.71875,0.0
-187500.015625,-187500.015625,-187500.015625,-187500.015625,-187500.015625,-187500.015625,-187500.015625,-25854.9785156,0.0
-187500.015625,-187500.015625,-187500.015625,-187500.015625,-187500.015625,-187500.015625,-187500.015625,-25918.7929688,0.0
-187500.015625,-187500.015625,-187500.015625,-187500.015625,-187500.015625,-187500.015625,-187500.015625,-25820.421875,0.0
-187500.015625,-187500.015625,-187500.015625,-187500.015625,-187500.015625,-187500.015625,-187500.015625,-25738.3242188,0.0
-187500.015625,-187500.015625,-187500.015625,-187500.015625,-187500.015625,-187500.015625,-187500.015625,-25824.6699219,0.0
-187500.015625,-187500.015625,-187500.015625,-187500.015625,-187500.015625,-187500.015625,-187500.015625,-25918.0546875,0.0
-187500.015625,-187500.015625,-187500.015625,-187500.015625,-187500.015625,-187500.015625,-187500.015625,-25841.7226562,0.0
-187500.015625,-187500.015625,-187500.015625,-187500.015625,-187500.015625,-187500.015625,-187500.015625,-25738.6816406,0.0
-187500.015625,-187500.015625,-187500.015625,-187500.015625,-187500.015625,-187500.015625,-187500.015625,-25808.7773438,0.0
-187500.015625,-187500.015625,-187500.015625,-187500.015625,-187500.015625,-187500.015625,-187500.015625,-25924.3808594,0.0
-187500.015625,-187500.015625,-187500.015625,-187500.015625,-187500.015625,-187500.015625,-187500.015625,-25873.7089844,0.0
-187500.015625,-187500.015625,-187500.015625,-187500.015625,-187500.015625,-187500.015625,-187500.015625,-25753.859375,0.0
-187500.015625,-187500.015625,-187500.015625,-187500.015625,-187500.015625,-187500.015625,-187500.015625,-25792.7070312,0.0
-187500.015625,-187500.015625,-187500.015625,-187500.015625,-187500.015625,-187500.015625,-187500.015625,-25919.8652344,0.0
-187500.015625,-187500.015625,-187500.015625,-187500.015625,-187500.015625,-187500.015625,-187500.015625,-25899.3242188,0.0
-187500.015625,-187500.015625,-187500.015625,-187500.015625,-187500.015625,-187500.015625,-187500.015625,-25779.7421875,0.0
-187500.015625,-187500.015625,-187500.015625,-187500.015625,-187500.015625,-187500.015625,-187500.015625,-25781.8203125,0.0
-187500.015625,-187500.015625,-187500.015625,-187500.015625,-187500.015625,-187500.015625,-187500.015625,-25911.28125,0.0
-187500.015625,-187500.015625,-187500.015625,-187500.015625,-187500.015625,-187500.015625,-187500.015625,-25918.6796875,0.0
-187500.015625,-187500.015625,-187500.015625,-187500.015625,-187500.015625,-187500.015625,-187500.015625,-25793.734375,0.0
-187500.015625,-187500.015625,-187500.015625,-187500.015625,-187500.015625,-187500.015625,-187500.015625,-25764.7441406,0.0
-187500.015625,-187500.015625,-187500.015625,-187500.015625,-187500.015625,-187500.015625,-187500.015625,-25881.1972656,0.0
-187500.015625,-187500.015625,-187500.015625,-187500.015625,-187500.015625,-187500.015625,-187500.015625,-25934.1035156,0.0
-187500.015625,-187500.015625,-187500.015625,-187500.015625,-187500.015625,-187500.015625,-187500.015625,-25821.3828125,0.0
-187500.015625,-187500.015625,-187500.015625,-187500.015625,-187500.015625,-187500.015625,-187500.015625,-25759.3574219,0.0
-187500.015625,-187500.015625,-187500.015625,-187500.015625,-187500.015625,-187500.015625,-187500.015625,-25865.4160156,0.0
-187500.015625,-187500.015625,-187500.015625,-187500.015625,-187500.015625,-187500.015625,-187500.015625,-25939.6679688,0.0
-187500.015625,-187500.015625,-187500.015625,-187500.015625,-187500.015625,-187500.015625,-187500.015625,-25835.9785156,0.0
-187500.015625,-187500.015625,-187500.015625,-187500.015625,-187500.015625,-187500.015625,-187500.015625,-25748.2714844,0.0
-187500.015625,-187500.015625,-187500.015625,-187500.015625,-187500.015625,-187500.015625,-187500.015625,-25830.6601562,0.0
-187500.015625,-187500.015625,-187500.015625,-187500.015625,-187500.015625,-187500.015625,-187500.015625,-25933.1640625,0.0
-187500.015625,-187500.015625,-187500.015625,-187500.015625,-187500.015625,-187500.015625,-187500.015625,-25863.6953125,0.0
-187500.015625,-187500.015625,-187500.015625,-187500.015625,-187500.015625,-187500.015625,-187500.015625,-25756.4746094,0.0
-187500.015625,-187500.015625,-187500.015625,-187500.015625,-187500.015625,-187500.015625,-187500.015625,-25809.2695312,0.0
-187500.015625,-187500.015625,-187500.015625,-187500.015625,-187500.015625,-187500.015625,-187500.015625,-25931.3320312,0.0
-187500.015625,-187500.015625,-187500.015625,-187500.015625,-187500.015625,-187500.015625,-187500.015625,-25887.7675781,0.0
-187500.015625,-187500.015625,-187500.015625,-187500.015625,-187500.015625,-187500.015625,-187500.015625,-25765.8398438,0.0
-187500.015625,-187500.015625,-187500.015625,-187500.015625,-187500.015625,-187500.015625,-187500.015625,-25793.5117188,0.0
-187500.015625,-187500.015625,-187500.015625,-187500.015625,-187500.015625,-187500.015625,-187500.015625,-25918.0097656,0.0
-187500.015625,-187500.015625,-187500.015625,-187500.015625,-187500.015625,-187500.015625,-187500.015625,-25903.7949219,0.0
-187500.015625,-187500.015625,-187500.015625,-187500.015625,-187500.015625,-187500.015625,-187500.015625,-25778.0214844,0.0
-187500.015625,-187500.015625,-187500.015625,-187500.015625,-187500.015625,-187500.015625,-187500.015625,-25772.65625,0.0
-187500.015625,-187500.015625,-187500.015625,-187500.015625,-187500.015625,-187500.015625,-187500.015625,-25894.9199219,0.0
-187500.015625,-187500.015625,-187500.015625,-187500.015625,-187500.015625,-187500.015625,-187500.015625,-25913.3828125,0.0
-187500.015625,-187500.015625,-187500.015625,-187500.015625,-187500.015625,-187500.015625,-187500.015625,-25792.5488281,0.0
-187500.015625,-187500.015625,-187500.015625,-187500.015625,-187500.015625,-187500.015625,-187500.015625,-25753.9257812,0.0
-187500.015625,-187500.015625,-187500.015625,-187500.015625,-187500.015625,-187500.015625,-187500.015625,-25870.6464844,0.0
-187500.015625,-187500.015625,-187500.015625,-187500.015625,-187500.015625,-187500.015625,-187500.015625,-25917.6523438,0.0
-187500.015625,-187500.015625,-187500.015625,-187500.015625,-187500.015625,-187500.015625,-187500.015625,-25802.09375,0.0
-187500.015625,-187500.015625,-187500.015625,-187500.015625,-187500.015625,-187500.015625,-187500.015625,-25737.2734375,0.0
-187500.015625,-187500.015625,-187500.015625,-187500.015625,-187500.015625,-187500.015625,-187500.015625,-25841.9472656,0.0
-187500.015625,-187500.015625,-187500.015625,-187500.015625,-187500.015625,-187500.015625,-187500.015625,-25925.8105469,0.0
-187500.015625,-187500.015625,-187500.015625,-187500.015625,-187500.015625,-187500.015625,-187500.015625,-25832.0449219,0.0
-187500.015625,-187500.015625,-187500.015625,-187500.015625,-187500.015625,-187500.015625,-187500.015625,-25742.3476562,0.0
-187500.015625,-187500.015625,-187500.015625,-187500.015625,-187500.015625,-187500.015625,-187500.015625,-25828.2910156,0.0
-187500.015625,-187500.015625,-187500.015625,-187500.015625,-187500.015625,-187500.015625,-187500.015625,-25925.8769531,0.0
-187500.015625,-187500.015625,-187500.015625,-187500.015625,-187500.015625,-187500.015625,-187500.015625,-25852.5410156,0.0
-187500.015625,-187500.015625,-187500.015625,-187500.015625,-187500.015625,-187500.015625,-187500.015625,-25743.3535156,0.0
-187500.015625,-187500.015625,-187500.015625,-187500.015625,-187500.015625,-187500.015625,-187500.015625,-25806.4082031,0.0
-187500.015625,-187500.015625,-187500.015625,-187500.015625,-187500.015625,-187500.015625,-187500.015625,-25931.8671875,0.0
-187500.015625,-187500.015625,-187500.015625,-187500.015625,-187500.015625,-187500.015625,-187500.015625,-25893.6464844,0.0
-187500.015625,-187500.015625,-187500.015625,-187500.015625,-187500.015625,-187500.015625,-187500.015625,-25767.671875,0.0
-187500.015625,-187500.015625,-187500.015625,-187500.015625,-187500.015625,-187500.015625,-187500.015625,-25792.1464844,0.0
-187500.015625,-187500.015625,-187500.015625,-187500.015625,-187500.015625,-187500.015625,-187500.015625,-25931.2421875,0.0
-187500.015625,-187500.015625,-187500.015625,-187500.015625,-187500.015625,-187500.015625,-187500.015625,-25926.59375,0.0
-187500.015625,-187500.015625,-187500.015625,-187500.015625,-187500.015625,-187500.015625,-187500.015625,-25793.8007812,0.0
-187500.015625,-187500.015625,-187500.015625,-187500.015625,-187500.015625,-187500.015625,-187500.015625,-25785.4648438,0.0
-187500.015625,-187500.015625,-187500.015625,-187500.015625,-187500.015625,-187500.015625,-187500.015625,-25907.59375,0.0
-187500.015625,-187500.015625,-187500.015625,-187500.015625,-187500.015625,-187500.015625,-187500.015625,-25932.2480469,0.0
-187500.015625,-187500.015625,-187500.015625,-187500.015625,-187500.015625,-187500.015625,-187500.015625,-25811.3691406,0.0
-187500.015625,-187500.015625,-187500.015625,-187500.015625,-187500.015625,-187500.015625,-187500.015625,-25764.3417969,0.0
-187500.015625,-187500.015625,-187500.015625,-187500.015625,-187500.015625,-187500.015625,-187500.015625,-25878.2695312,0.0
-187500.015625,-187500.015625,-187500.015625,-187500.015625,-187500.015625,-187500.015625,-187500.015625,-25934.6171875,0.0
-187500.015625,-187500.015625,-187500.015625,-187500.015625,-187500.015625,-187500.015625,-187500.015625,-25821.9414062,0.0
-187500.015625,-187500.015625,-187500.015625,-187500.015625,-187500.015625,-187500.015625,-187500.015625,-25748.5839844,0.0
-187500.015625,-187500.015625,-187500.015625,-187500.015625,-187500.015625,-187500.015625,-187500.015625,-25843.4453125,0.0
-187500.015625,-187500.015625,-187500.015625,-187500.015625,-187500.015625,-187500.015625,-187500.015625,-25933.8574219,0.0
-187500.015625,-187500.015625,-187500.015625,-187500.015625,-187500.015625,-187500.015625,-187500.015625,-25845.1660156,0.0
-187500.015625,-187500.015625,-187500.015625,-187500.015625,-187500.015625,-187500.015625,-187500.015625,-25750.4394531,0.0
-187500.015625,-187500.015625,-187500.015625,-187500.015625,-187500.015625,-187500.015625,-187500.015625,-25826.4804688,0.0
-187500.015625,-187500.015625,-187500.015625,-187500.015625,-187500.015625,-187500.015625,-187500.015625,-25931.9121094,0.0
-187500.015625,-187500.015625,-187500.015625,-187500.015625,-187500.015625,-187500.015625,-187500.015625,-25870.0664062,0.0
-187500.015625,-187500.015625,-187500.015625,-187500.015625,-187500.015625,-187500.015625,-187500.015625,-25756.3613281,0.0
-187500.015625,-187500.015625,-187500.015625,-187500.015625,-187500.015625,-187500.015625,-187500.015625,-25800.7089844,0.0
-187500.015625,-187500.015625,-187500.015625,-187500.015625,-187500.015625,-187500.015625,-187500.015625,-25923.7988281,0.0
-187500.015625,-187500.015625,-187500.015625,-187500.015625,-187500.015625,-187500.015625,-187500.015625,-25895.8808594,0.0
-187500.015625,-187500.015625,-187500.015625,-187500.015625,-187500.015625,-187500.015625,-187500.015625,-25768.9023438,0.0
-187500.015625,-187500.015625,-187500.015625,-187500.015625,-187500.015625,-187500.015625,-187500.015625,-25789.9335938,0.0
-187500.015625,-187500.015625,-187500.015625,-187500.015625,-187500.015625,-187500.015625,-187500.015625,-25914.1210938,0.0
-187500.015625,-187500.015625,-187500.015625,-187500.015625,-187500.015625,-187500.015625,-187500.015625,-25914.8574219,0.0
-187500.015625,-187500.015625,-187500.015625,-187500.015625,-187500.015625,-187500.015625,-187500.015625,-25782.9824219,0.0
-187500.015625,-187500.015625,-187500.015625,-187500.015625,-187500.015625,-187500.015625,-187500.015625,-25758.5527344,0.0
-187500.015625,-187500.015625,-187500.015625,-187500.015625,-187500.015625,-187500.015625,-187500.015625,-25889.8242188,0.0
-187500.015625,-187500.015625,-187500.015625,-187500.015625,-187500.015625,-187500.015625,-187500.015625,-25927.0410156,0.0
-187500.015625,-187500.015625,-187500.015625,-187500.015625,-187500.015625,-187500.015625,-187500.015625,-25803.9492188,0.0
-187500.015625,-187500.015625,-187500.015625,-187500.015625,-187500.015625,-187500.015625,-187500.015625,-25753.8144531,0.0
-187500.015625,-187500.015625,-187500.015625,-187500.015625,-187500.015625,-187500.015625,-187500.015625,-25868.4121094,0.0
-187500.015625,-187500.015625,-187500.015625,-187500.015625,-187500.015625,-187500.015625,-187500.015625,-25933.5898438,0.0
-187500.015625,-187500.015625,-187500.015625,-187500.015625,-187500.015625,-187500.015625,-187500.015625,-25827.7539062,0.0
-187500.015625,-187500.015625,-187500.015625,-187500.015625,-187500.015625,-187500.015625,-187500.015625,-25750.5722656,0.0
-187500.015625,-187500.015625,-187500.015625,-187500.015625,-187500.015625,-187500.015625,-187500.015625,-25850.2402344,0.0
-187500.015625,-187500.015625,-187500.015625,-187500.015625,-187500.015625,-187500.015625,-187500.015625,-25939.1777344,0.0
-187500.015625,-187500.015625,-187500.015625,-187500.015625,-187500.015625,-187500.015625,-187500.015625,-25855.3125,0.0
-187500.015625,-187500.015625,-187500.015625,-187500.015625,-187500.015625,-187500.015625,-187500.015625,-25758.5976562,0.0
-187500.015625,-187500.015625,-187500.015625,-187500.015625,-187500.015625,-187500.015625,-187500.015625,-25832.4023438,0.0
-187500.015625,-187500.015625,-187500.015625,-187500.015625,-187500.015625,-187500.015625,-187500.015625,-25940.5175781,0.0
-187500.015625,-187500.015625,-187500.015625,-187500.015625,-187500.015625,-187500.015625,-187500.015625,-25885.9570312,0.0
-187500.015625,-187500.015625,-187500.015625,-187500.015625,-187500.015625,-187500.015625,-187500.015625,-25768.140625,0.0
-187500.015625,-187500.015625,-187500.015625,-187500.015625,-187500.015625,-187500.015625,-187500.015625,-25805.8945312,0.0
-187500.015625,-187500.015625,-187500.015625,-187500.015625,-187500.015625,-187500.015625,-187500.015625,-25927.1074219,0.0
-187500.015625,-187500.015625,-187500.015625,-187500.015625,-187500.015625,-187500.015625,-187500.015625,-25900.0625,0.0
-187500.015625,-187500.015625,-187500.015625,-187500.015625,-187500.015625,-187500.015625,-187500.015625,-25777.7304688,0.0
-187500.015625,-187500.015625,-187500.015625,-187500.015625,-187500.015625,-187500.015625,-187500.015625,-25784.3027344,0.0
-187500.015625,-187500.015625,-187500.015625,-187500.015625,-187500.015625,-187500.015625,-187500.015625,-25905.9628906,0.0
-187500.015625,-187500.015625,-187500.015625,-187500.015625,-187500.015625,-187500.015625,-187500.015625,-25915.8203125,0.0
-187500.015625,-187500.015625,-187500.015625,-187500.015625,-187500.015625,-187500.015625,-187500.015625,-25786.7597656,0.0
-187500.015625,-187500.015625,-187500.015625,-187500.015625,-187500.015625,-187500.015625,-187500.015625,-25756.6757812,0.0
-187500.015625,-187500.015625,-187500.015625,-187500.015625,-187500.015625,-187500.015625,-187500.015625,-25874.3574219,0.0
-187500.015625,-187500.015625,-187500.015625,-187500.015625,-187500.015625,-187500.015625,-187500.015625,-25914.7695312,0.0
-187500.015625,-187500.015625,-187500.015625,-187500.015625,-187500.015625,-187500.015625,-187500.015625,-25797.578125,0.0
-187500.015625,-187500.015625,-187500.015625,-187500.015625,-187500.015625,-187500.015625,-187500.015625,-25746.3476562,0.0
-187500.015625,-187500.015625,-187500.015625,-187500.015625,-187500.015625,-187500.015625,-187500.015625,-25859.3808594,0.0
-187500.015625,-187500.015625,-187500.015625,-187500.015625,-187500.015625,-187500.015625,-187500.015625,-25928.046875,0.0
-187500.015625,-187500.015625,-187500.015625,-187500.015625,-187500.015625,-187500.015625,-187500.015625,-25825.5175781,0.0
-187500.015625,-187500.015625,-187500.015625,-187500.015625,-187500.015625,-187500.015625,-187500.015625,-25743.8457031,0.0
-187500.015625,-187500.015625,-187500.015625,-187500.015625,-187500.015625,-187500.015625,-187500.015625,-25830.4355469,0.0
-187500.015625,-187500.015625,-187500.015625,-187500.015625,-187500.015625,-187500.015625,-187500.015625,-25927.7773438,0.0
-187500.015625,-187500.015625,-187500.015625,-187500.015625,-187500.015625,-187500.015625,-187500.015625,-25853.0117188,0.0
-187500.015625,-187500.015625,-187500.015625,-187500.015625,-187500.015625,-187500.015625,-187500.015625,-25749.03125,0.0
-187500.015625,-187500.015625,-187500.015625,-187500.015625,-187500.015625,-187500.015625,-187500.015625,-25816.1972656,0.0
-187500.015625,-187500.015625,-187500.015625,-187500.015625,-187500.015625,-187500.015625,-187500.015625,-25939.6015625,0.0
-187500.015625,-187500.015625,-187500.015625,-187500.015625,-187500.015625,-187500.015625,-187500.015625,-25882.6269531,0.0
-187500.015625,-187500.015625,-187500.015625,-187500.015625,-187500.015625,-187500.015625,-187500.015625,-25761.6152344,0.0
-187500.015625,-187500.015625,-187500.015625,-187500.015625,-187500.015625,-187500.015625,-187500.015625,-25796.5957031,0.0
-187500.015625,-187500.015625,-187500.015625,-187500.015625,-187500.015625,-187500.015625,-187500.015625,-25921.4296875,0.0
-187500.015625,-187500.015625,-187500.015625,-187500.015625,-187500.015625,-187500.015625,-187500.015625,-25904.9335938,0.0
-187500.015625,-187500.015625,-187500.015625,-187500.015625,-187500.015625,-187500.015625,-187500.015625,-25773.2382812,0.0
-187500.015625,-187500.015625,-187500.015625,-187500.015625,-187500.015625,-187500.015625,-187500.015625,-25780.8144531,0.0
-187500.015625,-187500.015625,-187500.015625,-187500.015625,-187500.015625,-187500.015625,-187500.015625,-25913.7636719,0.0
-187500.015625,-187500.015625,-187500.015625,-187500.015625,-187500.015625,-187500.015625,-187500.015625,-25927.2636719,0.0
-187500.015625,-187500.015625,-187500.015625,-187500.015625,-187500.015625,-187500.015625,-187500.015625,-25801.7578125,0.0
-187500.015625,-187500.015625,-187500.015625,-187500.015625,-187500.015625,-187500.015625,-187500.015625,-25770.734375,0.0
-187500.015625,-187500.015625,-187500.015625,-187500.015625,-187500.015625,-187500.015625,-187500.015625,-25891.859375,0.0
-187500.015625,-187500.015625,-187500.015625,-187500.015625,-187500.015625,-187500.015625,-187500.015625,-25943.4023438,0.0
-187500.015625,-187500.015625,-187500.015625,-187500.015625,-187500.015625,-187500.015625,-187500.015625,-25824.8027344,0.0
-187500.015625,-187500.015625,-187500.015625,-187500.015625,-187500.015625,-187500.015625,-187500.015625,-25766.9570312,0.0
-187500.015625,-187500.015625,-187500.015625,-187500.015625,-187500.015625,-187500.015625,-187500.015625,-25872.7480469,0.0
-187500.015625,-187500.015625,-187500.015625,-187500.015625,-187500.015625,-187500.015625,-187500.015625,-25948.4082031,0.0
-187500.015625,-187500.015625,-187500.015625,-187500.015625,-187500.015625,-187500.015625,-187500.015625,-25853.234375,0.0
-187500.015625,-187500.015625,-187500.015625,-187500.015625,-187500.015625,-187500.015625,-187500.015625,-25762.3085938,0.0
-187500.015625,-187500.015625,-187500.015625,-187500.015625,-187500.015625,-187500.015625,-187500.015625,-25850.7089844,0.0
-187500.015625,-187500.015625,-187500.015625,-187500.015625,-187500.015625,-187500.015625,-187500.015625,-25950.3085938,0.0
-187500.015625,-187500.015625,-187500.015625,-187500.015625,-187500.015625,-187500.015625,-187500.015625,-25873.3964844,0.0
-187500.015625,-187500.015625,-187500.015625,-187500.015625,-187500.015625,-187500.015625,-187500.015625,-25761.7929688,0.0
-187500.015625,-187500.015625,-187500.015625,-187500.015625,-187500.015625,-187500.015625,-187500.015625,-25818.7011719,0.0
-187500.015625,-187500.015625,-187500.015625,-187500.015625,-187500.015625,-187500.015625,-187500.015625,-25933.34375,0.0
-187500.015625,-187500.015625,-187500.015625,-187500.015625,-187500.015625,-187500.015625,-187500.015625,-25892.015625,0.0
-187500.015625,-187500.015625,-187500.015625,-187500.015625,-187500.015625,-187500.015625,-187500.015625,-25764.0292969,0.0
-187500.015625,-187500.015625,-187500.015625,-187500.015625,-187500.015625,-187500.015625,-187500.015625,-25785.9335938,0.0
-187500.015625,-187500.015625,-187500.015625,-187500.015625,-187500.015625,-187500.015625,-187500.015625,-25908.1523438,0.0
-187500.015625,-187500.015625,-187500.015625,-187500.015625,-187500.015625,-187500.015625,-187500.015625,-25894.09375,0.0
-187500.015625,-187500.015625,-187500.015625,-187500.015625,-187500.015625,-187500.015625,-187500.015625,-25768.140625,0.0
-187500.015625,-187500.015625,-187500.015625,-187500.015625,-187500.015625,-187500.015625,-187500.015625,-25761.0332031,0.0
-187500.015625,-187500.015625,-187500.015625,-187500.015625,-187500.015625,-187500.015625,-187500.015625,-25893.1777344,0.0
-187500.015625,-187500.015625,-187500.015625,-187500.015625,-187500.015625,-187500.015625,-187500.015625,-25911.9746094,0.0
-187500.015625,-187500.015625,-187500.015625,-187500.015625,-187500.015625,-187500.015625,-187500.015625,-25787.7441406,0.0
-187500.015625,-187500.015625,-187500.015625,-187500.015625,-187500.015625,-187500.015625,-187500.015625,-25752.9199219,0.0
-187500.015625,-187500.015625,-187500.015625,-187500.015625,-187500.015625,-187500.015625,-187500.015625,-25878.15625,0.0
-187500.015625,-187500.015625,-187500.015625,-187500.015625,-187500.015625,-187500.015625,-187500.015625,-25930.1699219,0.0
-187500.015625,-187500.015625,-187500.015625,-187500.015625,-187500.015625,-187500.015625,-187500.015625,-25811.4140625,0.0
-187500.015625,-187500.015625,-187500.015625,-187500.015625,-187500.015625,-187500.015625,-187500.015625,-25741.6542969,0.0
-187500.015625,-187500.015625,-187500.015625,-187500.015625,-187500.015625,-187500.015625,-187500.015625,-25848.8320312,0.0
-187500.015625,-187500.015625,-187500.015625,-187500.015625,-187500.015625,-187500.015625,-187500.015625,-25931.1074219,0.0
-187500.015625,-187500.015625,-187500.015625,-187500.015625,-187500.015625,-187500.015625,-187500.015625,-25840.7851562,0.0
-187500.015625,-187500.015625,-187500.015625,-187500.015625,-187500.015625,-187500.015625,-187500.015625,-25743.5097656,0.0
-187500.015625,-187500.015625,-187500.015625,-187500.015625,-187500.015625,-187500.015625,-187500.015625,-25824.8027344,0.0
-187500.015625,-187500.015625,-187500.015625,-187500.015625,-187500.015625,-187500.015625,-187500.015625,-25929.0957031,0.0
-187500.015625,-187500.015625,-187500.015625,-187500.015625,-187500.015625,-187500.015625,-187500.015625,-25863.203125,0.0
-187500.015625,-187500.015625,-187500.015625,-187500.015625,-187500.015625,-187500.015625,-187500.015625,-25751.9804688,0.0
-187500.015625,-187500.015625,-187500.015625,-187500.015625,-187500.015625,-187500.015625,-187500.015625,-25800.5507812,0.0
-187500.015625,-187500.015625,-187500.015625,-187500.015625,-187500.015625,-187500.015625,-187500.015625,-25919.7988281,0.0
-187500.015625,-187500.015625,-187500.015625,-187500.015625,-187500.015625,-187500.015625,-187500.015625,-25886.6953125,0.0
-187500.015625,-187500.015625,-187500.015625,-187500.015625,-187500.015625,-187500.015625,-187500.015625,-25767.2246094,0.0
-187500.015625,-187500.015625,-187500.015625,-187500.015625,-187500.015625,-187500.015625,-187500.015625,-25787.6777344,0.0
-187500.015625,-187500.015625,-187500.015625,-187500.015625,-187500.015625,-187500.015625,-187500.015625,-25913.3613281,0.0
-187500.015625,-187500.015625,-187500.015625,-187500.015625,-187500.015625,-187500.015625,-187500.015625,-25909.3378906,0.0
-187500.015625,-187500.015625,-187500.015625,-187500.015625,-187500.015625,-187500.015625,-187500.015625,-25782.3789062,0.0
-187500.015625,-187500.015625,-187500.015625,-187500.015625,-187500.015625,-187500.015625,-187500.015625,-25769.2597656,0.0
-187500.015625,-187500.015625,-187500.015625,-187500.015625,-187500.015625,-187500.015625,-187500.015625,-25891.0761719,0.0
-187500.015625,-187500.015625,-187500.015625,-187500.015625,-187500.015625,-187500.015625,-187500.015625,-25928.671875,0.0
-187500.015625,-187500.015625,-187500.015625,-187500.015625,-187500.015625,-187500.015625,-187500.015625,-25810.3417969,0.0
-187500.015625,-187500.015625,-187500.015625,-187500.015625,-187500.015625,-187500.015625,-187500.015625,-25763.671875,0.0
-187500.015625,-187500.015625,-187500.015625,-187500.015625,-187500.015625,-187500.015625,-187500.015625,-25885.4433594,0.0
-187500.015625,-187500.015625,-187500.015625,-187500.015625,-187500.015625,-187500.015625,-187500.015625,-25948.7207031,0.0
-187500.015625,-187500.015625,-187500.015625,-187500.015625,-187500.015625,-187500.015625,-187500.015625,-25836.8515625,0.0
-187500.015625,-187500.015625,-187500.015625,-187500.015625,-187500.015625,-187500.015625,-187500.015625,-25767.1582031,0.0
-187500.015625,-187500.015625,-187500.015625,-187500.015625,-187500.015625,-187500.015625,-187500.015625,-25867.8085938,0.0
-187500.015625,-187500.015625,-187500.015625,-187500.015625,-187500.015625,-187500.015625,-187500.015625,-25949.5703125,0.0
-187500.015625,-187500.015625,-187500.015625,-187500.015625,-187500.015625,-187500.015625,-187500.015625,-25857.4824219,0.0
-187500.015625,-187500.015625,-187500.015625,-187500.015625,-187500.015625,-187500.015625,-187500.015625,-25758.7324219,0.0
-187500.015625,-187500.015625,-187500.015625,-187500.015625,-187500.015625,-187500.015625,-187500.015625,-25834.3476562,0.0
-187500.015625,-187500.015625,-187500.015625,-187500.015625,-187500.015625,-187500.015625,-187500.015625,-25942.5976562,0.0
-187500.015625,-187500.015625,-187500.015625,-187500.015625,-187500.015625,-187500.015625,-187500.015625,-25877.9785156,0.0
-187500.015625,-187500.015625,-187500.015625,-187500.015625,-187500.015625,-187500.015625,-187500.015625,-25759.5800781,0.0
-187500.015625,-187500.015625,-187500.015625,-187500.015625,-187500.015625,-187500.015625,-187500.015625,-25803.3457031,0.0
-187500.015625,-187500.015625,-187500.015625,-187500.015625,-187500.015625,-187500.015625,-187500.015625,-25924.7382812,0.0
-187500.015625,-187500.015625,-187500.015625,-187500.015625,-187500.015625,-187500.015625,-187500.015625,-25893.8925781,0.0
-187500.015625,-187500.015625,-187500.015625,-187500.015625,-187500.015625,-187500.015625,-187500.015625,-25764.8105469,0.0
-187500.015625,-187500.015625,-187500.015625,-187500.015625,-187500.015625,-187500.015625,-187500.015625,-25779.7207031,0.0
-187500.015625,-187500.015625,-187500.015625,-187500.015625,-187500.015625,-187500.015625,-187500.015625,-25905.3359375,0.0
-187500.015625,-187500.015625,-187500.015625,-187500.015625,-187500.015625,-187500.015625,-187500.015625,-25907.28125,0.0
-187500.015625,-187500.015625,-187500.015625,-187500.015625,-187500.015625,-187500.015625,-187500.015625,-25781.7988281,0.0
-187500.015625,-187500.015625,-187500.015625,-187500.015625,-187500.015625,-187500.015625,-187500.015625,-25774.734375,0.0
-187500.015625,-187500.015625,-187500.015625,-187500.015625,-187500.015625,-187500.015625,-187500.015625,-25897.6484375,0.0
-187500.015625,-187500.015625,-187500.015625,-187500.015625,-187500.015625,-187500.015625,-187500.015625,-25926.7714844,0.0
-187500.015625,-187500.015625,-187500.015625,-187500.015625,-187500.015625,-187500.015625,-187500.015625,-25805.9160156,0.0
-187500.015625,-187500.015625,-187500.015625,-187500.015625,-187500.015625,-187500.015625,-187500.015625,-25758.7539062,0.0
-187500.015625,-187500.015625,-187500.015625,-187500.015625,-187500.015625,-187500.015625,-187500.015625,-25869.8203125,0.0
-187500.015625,-187500.015625,-187500.015625,-187500.015625,-187500.015625,-187500.015625,-187500.015625,-25936.0253906,0.0
-187500.015625,-187500.015625,-187500.015625,-187500.015625,-187500.015625,-187500.015625,-187500.015625,-25826.0332031,0.0
-187500.015625,-187500.015625,-187500.015625,-187500.015625,-187500.015625,-187500.015625,-187500.015625,-25742.9296875,0.0
-187500.015625,-187500.015625,-187500.015625,-187500.015625,-187500.015625,-187500.015625,-187500.015625,-25845.4570312,0.0
-187500.015625,-187500.015625,-187500.015625,-187500.015625,-187500.015625,-187500.015625,-187500.015625,-25939.0429688,0.0
-187500.015625,-187500.015625,-187500.015625,-187500.015625,-187500.015625,-187500.015625,-187500.015625,-25850.2167969,0.0
-187500.015625,-187500.015625,-187500.015625,-187500.015625,-187500.015625,-187500.015625,-187500.015625,-25753.6796875,0.0
-187500.015625,-187500.015625,-187500.015625,-187500.015625,-187500.015625,-187500.015625,-187500.015625,-25828.4238281,0.0
-187500.015625,-187500.015625,-187500.015625,-187500.015625,-187500.015625,-187500.015625,-187500.015625,-25940.3613281,0.0
-187500.015625,-187500.015625,-187500.015625,-187500.015625,-187500.015625,-187500.015625,-187500.015625,-25884.4160156,0.0
-187500.015625,-187500.015625,-187500.015625,-187500.015625,-187500.015625,-187500.015625,-187500.015625,-25763.7597656,0.0
-187500.015625,-187500.015625,-187500.015625,-187500.015625,-187500.015625,-187500.015625,-187500.015625,-25803.9042969,0.0
-187500.015625,-187500.015625,-187500.015625,-187500.015625,-187500.015625,-187500.015625,-187500.015625,-25929.4101562,0.0
-187500.015625,-187500.015625,-187500.015625,-187500.015625,-187500.015625,-187500.015625,-187500.015625,-25901.5136719,0.0
-187500.015625,-187500.015625,-187500.015625,-187500.015625,-187500.015625,-187500.015625,-187500.015625,-25769.5488281,0.0
-187500.015625,-187500.015625,-187500.015625,-187500.015625,-187500.015625,-187500.015625,-187500.015625,-25776.5019531,0.0
-187500.015625,-187500.015625,-187500.015625,-187500.015625,-187500.015625,-187500.015625,-187500.015625,-25903.8613281,0.0
-187500.015625,-187500.015625,-187500.015625,-187500.015625,-187500.015625,-187500.015625,-187500.015625,-25903.7949219,0.0
-187500.015625,-187500.015625,-187500.015625,-187500.015625,-187500.015625,-187500.015625,-187500.015625,-25782.5351562,0.0
-187500.015625,-187500.015625,-187500.015625,-187500.015625,-187500.015625,-187500.015625,-187500.015625,-25751.4003906,0.0
-187500.015625,-187500.015625,-187500.015625,-187500.015625,-187500.015625,-187500.015625,-187500.015625,-25874.4902344,0.0
-187500.015625,-187500.015625,-187500.015625,-187500.015625,-187500.015625,-187500.015625,-187500.015625,-25919.6191406,0.0
-187500.015625,-187500.015625,-187500.015625,-187500.015625,-187500.015625,-187500.015625,-187500.015625,-25796.953125,0.0
-187500.015625,-187500.015625,-187500.015625,-187500.015625,-187500.015625,-187500.015625,-187500.015625,-25745.4101562,0.0
-187500.015625,-187500.015625,-187500.015625,-187500.015625,-187500.015625,-187500.015625,-187500.015625,-25854.9335938,0.0
-187500.015625,-187500.015625,-187500.015625,-187500.015625,-187500.015625,-187500.015625,-187500.015625,-25931.5097656,0.0
-187500.015625,-187500.015625,-187500.015625,-187500.015625,-187500.015625,-187500.015625,-187500.015625,-25832.0898438,0.0
-187500.015625,-187500.015625,-187500.015625,-187500.015625,-187500.015625,-187500.015625,-187500.015625,-25745.3417969,0.0
-187500.015625,-187500.015625,-187500.015625,-187500.015625,-187500.015625,-187500.015625,-187500.015625,-25838.0800781,0.0
-187500.015625,-187500.015625,-187500.015625,-187500.015625,-187500.015625,-187500.015625,-187500.015625,-25934.3710938,0.0
-187500.015625,-187500.015625,-187500.015625,-187500.015625,-187500.015625,-187500.015625,-187500.015625,-25856.6542969,0.0
-187500.015625,-187500.015625,-187500.015625,-187500.015625,-187500.015625,-187500.015625,-187500.015625,-25755.8476562,0.0
-187500.015625,-187500.015625,-187500.015625,-187500.015625,-187500.015625,-187500.015625,-187500.015625,-25822.5019531,0.0
-187500.015625,-187500.015625,-187500.015625,-187500.015625,-187500.015625,-187500.015625,-187500.015625,-25934.1933594,0.0
-187500.015625,-187500.015625,-187500.015625,-187500.015625,-187500.015625,-187500.015625,-187500.015625,-25880.6816406,0.0
-187500.015625,-187500.015625,-187500.015625,-187500.015625,-187500.015625,-187500.015625,-187500.015625,-25765.7949219,0.0
-187500.015625,-187500.015625,-187500.015625,-187500.015625,-187500.015625,-187500.015625,-187500.015625,-25799.2773438,0.0
-187500.015625,-187500.015625,-187500.015625,-187500.015625,-187500.015625,-187500.015625,-187500.015625,-25923.7539062,0.0
-187500.015625,-187500.015625,-187500.015625,-187500.015625,-187500.015625,-187500.015625,-187500.015625,-25907.2363281,0.0
-187500.015625,-187500.015625,-187500.015625,-187500.015625,-187500.015625,-187500.015625,-187500.015625,-25784.5917969,0.0
-187500.015625,-187500.015625,-187500.015625,-187500.015625,-187500.015625,-187500.015625,-187500.015625,-25779.921875,0.0
-187500.015625,-187500.015625,-187500.015625,-187500.015625,-187500.015625,-187500.015625,-187500.015625,-25899.546875,0.0
-187500.015625,-187500.015625,-187500.015625,-187500.015625,-187500.015625,-187500.015625,-187500.015625,-25915.5742188,0.0
-187500.015625,-187500.015625,-187500.015625,-187500.015625,-187500.015625,-187500.015625,-187500.015625,-25796.796875,0.0
-187500.015625,-187500.015625,-187500.015625,-187500.015625,-187500.015625,-187500.015625,-187500.015625,-25764.453125,0.0
-187500.015625,-187500.015625,-187500.015625,-187500.015625,-187500.015625,-187500.015625,-187500.015625,-25887.2324219,0.0
-187500.015625,-187500.015625,-187500.015625,-187500.015625,-187500.015625,-187500.015625,-187500.015625,-25932.1367188,0.0
-187500.015625,-187500.015625,-187500.015625,-187500.015625,-187500.015625,-187500.015625,-187500.015625,-25816.8691406,0.0
-187500.015625,-187500.015625,-187500.015625,-187500.015625,-187500.015625,-187500.015625,-187500.015625,-25755.8476562,0.0
-187500.015625,-187500.015625,-187500.015625,-187500.015625,-187500.015625,-187500.015625,-187500.015625,-25863.6289062,0.0
-187500.015625,-187500.015625,-187500.015625,-187500.015625,-187500.015625,-187500.015625,-187500.015625,-25942.328125,0.0
-187500.015625,-187500.015625,-187500.015625,-187500.015625,-187500.015625,-187500.015625,-187500.015625,-25848.2734375,0.0
-187500.015625,-187500.015625,-187500.015625,-187500.015625,-187500.015625,-187500.015625,-187500.015625,-25759.0898438,0.0
-187500.015625,-187500.015625,-187500.015625,-187500.015625,-187500.015625,-187500.015625,-187500.015625,-25841.0527344,0.0
-187500.015625,-187500.015625,-187500.015625,-187500.015625,-187500.015625,-187500.015625,-187500.015625,-25938.9082031,0.0
-187500.015625,-187500.015625,-187500.015625,-187500.015625,-187500.015625,-187500.015625,-187500.015625,-25870.1777344,0.0
-187500.015625,-187500.015625,-187500.015625,-187500.015625,-187500.015625,-187500.015625,-187500.015625,-25756.5625,0.0
-187500.015625,-187500.015625,-187500.015625,-187500.015625,-187500.015625,-187500.015625,-187500.015625,-25813.7382812,0.0
-187500.015625,-187500.015625,-187500.015625,-187500.015625,-187500.015625,-187500.015625,-187500.015625,-25925.765625,0.0
-187500.015625,-187500.015625,-187500.015625,-187500.015625,-187500.015625,-187500.015625,-187500.015625,-25882.7382812,0.0
-187500.015625,-187500.015625,-187500.015625,-187500.015625,-187500.015625,-187500.015625,-187500.015625,-25759.4921875,0.0
-187500.015625,-187500.015625,-187500.015625,-187500.015625,-187500.015625,-187500.015625,-187500.015625,-25780.6367188,0.0
-187500.015625,-187500.015625,-187500.015625,-187500.015625,-187500.015625,-187500.015625,-187500.015625,-25899.390625,0.0
-187500.015625,-187500.015625,-187500.015625,-187500.015625,-187500.015625,-187500.015625,-187500.015625,-25887.2089844,0.0
-187500.015625,-187500.015625,-187500.015625,-187500.015625,-187500.015625,-187500.015625,-187500.015625,-25756.4746094,0.0
-187500.015625,-187500.015625,-187500.015625,-187500.015625,-187500.015625,-187500.015625,-187500.015625,-25755.8925781,0.0
-187500.015625,-187500.015625,-187500.015625,-187500.015625,-187500.015625,-187500.015625,-187500.015625,-25887.5449219,0.0
-187500.015625,-187500.015625,-187500.015625,-187500.015625,-187500.015625,-187500.015625,-187500.015625,-25904.2421875,0.0
-187500.015625,-187500.015625,-187500.015625,-187500.015625,-187500.015625,-187500.015625,-187500.015625,-25782.15625,0.0
-187500.015625,-187500.015625,-187500.015625,-187500.015625,-187500.015625,-187500.015625,-187500.015625,-25747.3105469,0.0
-187500.015625,-187500.015625,-187500.015625,-187500.015625,-187500.015625,-187500.015625,-187500.015625,-25871.9648438,0.0
-187500.015625,-187500.015625,-187500.015625,-187500.015625,-187500.015625,-187500.015625,-187500.015625,-25923.4863281,0.0
-187500.015625,-187500.015625,-187500.015625,-187500.015625,-187500.015625,-187500.015625,-187500.015625,-25802.4511719,0.0
-187500.015625,-187500.015625,-187500.015625,-187500.015625,-187500.015625,-187500.015625,-187500.015625,-25735.2617188,0.0
-187500.015625,-187500.015625,-187500.015625,-187500.015625,-187500.015625,-187500.015625,-187500.015625,-25840.2265625,0.0
-187500.015625,-187500.015625,-187500.015625,-187500.015625,-187500.015625,-187500.015625,-187500.015625,-25921.6972656,0.0
-187500.015625,-187500.015625,-187500.015625,-187500.015625,-187500.015625,-187500.015625,-187500.015625,-25835.0859375,0.0
-187500.015625,-187500.015625,-187500.015625,-187500.015625,-187500.015625,-187500.015625,-187500.015625,-25748.2929688,0.0
-187500.015625,-187500.015625,-187500.015625,-187500.015625,-187500.015625,-187500.015625,-187500.015625,-25824.0664062,0.0
-187500.015625,-187500.015625,-187500.015625,-187500.015625,-187500.015625,-187500.015625,-187500.015625,-25928.8945312,0.0
-187500.015625,-187500.015625,-187500.015625,-187500.015625,-187500.015625,-187500.015625,-187500.015625,-25859.984375,0.0
-187500.015625,-187500.015625,-187500.015625,-187500.015625,-187500.015625,-187500.015625,-187500.015625,-25749.0078125,0.0
-187500.015625,-187500.015625,-187500.015625,-187500.015625,-187500.015625,-187500.015625,-187500.015625,-25797.9589844,0.0
-187500.015625,-187500.015625,-187500.015625,-187500.015625,-187500.015625,-187500.015625,-187500.015625,-25918.7480469,0.0
-187500.015625,-187500.015625,-187500.015625,-187500.015625,-187500.015625,-187500.015625,-187500.015625,-25884.7285156,0.0
-187500.015625,-187500.015625,-187500.015625,-187500.015625,-187500.015625,-187500.015625,-187500.015625,-25761.5917969,0.0
-187500.015625,-187500.015625,-187500.015625,-187500.015625,-187500.015625,-187500.015625,-187500.015625,-25782.0449219,0.0
-187500.015625,-187500.015625,-187500.015625,-187500.015625,-187500.015625,-187500.015625,-187500.015625,-25906.8125,0.0
-187500.015625,-187500.015625,-187500.015625,-187500.015625,-187500.015625,-187500.015625,-187500.015625,-25900.2851562,0.0
-187500.015625,-187500.015625,-187500.015625,-187500.015625,-187500.015625,-187500.015625,-187500.015625,-25782.4921875,0.0
-187500.015625,-187500.015625,-187500.015625,-187500.015625,-187500.015625,-187500.015625,-187500.015625,-25771.9414062,0.0
-187500.015625,-187500.015625,-187500.015625,-187500.015625,-187500.015625,-187500.015625,-187500.015625,-25893.1992188,0.0
-187500.015625,-187500.015625,-187500.015625,-187500.015625,-187500.015625,-187500.015625,-187500.015625,-25922.9042969,0.0
-187500.015625,-187500.015625,-187500.015625,-187500.015625,-187500.015625,-187500.015625,-187500.015625,-25806.1171875,0.0
-187500.015625,-187500.015625,-187500.015625,-187500.015625,-187500.015625,-187500.015625,-187500.015625,-25763.828125,0.0
-187500.015625,-187500.015625,-187500.015625,-187500.015625,-187500.015625,-187500.015625,-187500.015625,-25881.9335938,0.0
-187500.015625,-187500.015625,-187500.015625,-187500.015625,-187500.015625,-187500.015625,-187500.015625,-25942.5976562,0.0
-187500.015625,-187500.015625,-187500.015625,-187500.015625,-187500.015625,-187500.015625,-187500.015625,-25837.5664062,0.0
-187500.015625,-187500.015625,-187500.015625,-187500.015625,-187500.015625,-187500.015625,-187500.015625,-25761.5039062,0.0
-187500.015625,-187500.015625,-187500.015625,-187500.015625,-187500.015625,-187500.015625,-187500.015625,-25859.0019531,0.0
-187500.015625,-187500.015625,-187500.015625,-187500.015625,-187500.015625,-187500.015625,-187500.015625,-25945.2792969,0.0
-187500.015625,-187500.015625,-187500.015625,-187500.015625,-187500.015625,-187500.015625,-187500.015625,-25853.9726562,0.0
-187500.015625,-187500.015625,-187500.015625,-187500.015625,-187500.015625,-187500.015625,-187500.015625,-25748.8515625,0.0
-187500.015625,-187500.015625,-187500.015625,-187500.015625,-187500.015625,-187500.015625,-187500.015625,-25822.0097656,0.0
-187500.015625,-187500.015625,-187500.015625,-187500.015625,-187500.015625,-187500.015625,-187500.015625,-25932.1132812,0.0
-187500.015625,-187500.015625,-187500.015625,-187500.015625,-187500.015625,-187500.015625,-187500.015625,-25869.953125,0.0
-187500.015625,-187500.015625,-187500.015625,-187500.015625,-187500.015625,-187500.015625,-187500.015625,-25751.7578125,0.0
-187500.015625,-187500.015625,-187500.015625,-187500.015625,-187500.015625,-187500.015625,-187500.015625,-25796.5507812,0.0
-187500.015625,-187500.015625,-187500.015625,-187500.015625,-187500.015625,-187500.015625,-187500.015625,-25917.4511719,0.0
-187500.015625,-187500.015625,-187500.015625,-187500.015625,-187500.015625,-187500.015625,-187500.015625,-25895.4570312,0.0
-187500.015625,-187500.015625,-187500.015625,-187500.015625,-187500.015625,-187500.015625,-187500.015625,-25764.6328125,0.0
-187500.015625,-187500.015625,-187500.015625,-187500.015625,-187500.015625,-187500.015625,-187500.015625,-25774.5117188,0.0
-187500.015625,-187500.015625,-187500.015625,-187500.015625,-187500.015625,-187500.015625,-187500.015625,-25904.8007812,0.0
-187500.015625,-187500.015625,-187500.015625,-187500.015625,-187500.015625,-187500.015625,-187500.015625,-25903.8164062,0.0
-187500.015625,-187500.015625,-187500.015625,-187500.015625,-187500.015625,-187500.015625,-187500.015625,-25781.7304688,0.0
-187500.015625,-187500.015625,-187500.015625,-187500.015625,-187500.015625,-187500.015625,-187500.015625,-25762.0839844,0.0
-187500.015625,-187500.015625,-187500.015625,-187500.015625,-187500.015625,-187500.015625,-187500.015625,-25886.8730469,0.0
-187500.015625,-187500.015625,-187500.015625,-187500.015625,-187500.015625,-187500.015625,-187500.015625,-25923.0390625,0.0
-187500.015625,-187500.015625,-187500.015625,-187500.015625,-187500.015625,-187500.015625,-187500.015625,-25804.6875,0.0
-187500.015625,-187500.015625,-187500.015625,-187500.015625,-187500.015625,-187500.015625,-187500.015625,-25750.2382812,0.0
-187500.015625,-187500.015625,-187500.015625,-187500.015625,-187500.015625,-187500.015625,-187500.015625,-25858.6210938,0.0
-187500.015625,-187500.015625,-187500.015625,-187500.015625,-187500.015625,-187500.015625,-187500.015625,-25926.0566406,0.0
-187500.015625,-187500.015625,-187500.015625,-187500.015625,-187500.015625,-187500.015625,-187500.015625,-25826.4570312,0.0
-187500.015625,-187500.015625,-187500.015625,-187500.015625,-187500.015625,-187500.015625,-187500.015625,-25745.8125,0.0
-187500.015625,-187500.015625,-187500.015625,-187500.015625,-187500.015625,-187500.015625,-187500.015625,-25846.6191406,0.0
-187500.015625,-187500.015625,-187500.015625,-187500.015625,-187500.015625,-187500.015625,-187500.015625,-25942.328125,0.0
-187500.015625,-187500.015625,-187500.015625,-187500.015625,-187500.015625,-187500.015625,-187500.015625,-25857.90625,0.0
-187500.015625,-187500.015625,-187500.015625,-187500.015625,-187500.015625,-187500.015625,-187500.015625,-25757.703125,0.0
-187500.015625,-187500.015625,-187500.015625,-187500.015625,-187500.015625,-187500.015625,-187500.015625,-25826.2109375,0.0
-187500.015625,-187500.015625,-187500.015625,-187500.015625,-187500.015625,-187500.015625,-187500.015625,-25935.6679688,0.0
-187500.015625,-187500.015625,-187500.015625,-187500.015625,-187500.015625,-187500.015625,-187500.015625,-25870.8476562,0.0
-187500.015625,-187500.015625,-187500.015625,-187500.015625,-187500.015625,-187500.015625,-187500.015625,-25748.0253906,0.0
-187500.015625,-187500.015625,-187500.015625,-187500.015625,-187500.015625,-187500.015625,-187500.015625,-25792.2597656,0.0
-187500.015625,-187500.015625,-187500.015625,-187500.015625,-187500.015625,-187500.015625,-187500.015625,-25918.4570312,0.0
-187500.015625,-187500.015625,-187500.015625,-187500.015625,-187500.015625,-187500.015625,-187500.015625,-25894.4726562,0.0
-187500.015625,-187500.015625,-187500.015625,-187500.015625,-187500.015625,-187500.015625,-187500.015625,-25766.1738281,0.0
-187500.015625,-187500.015625,-187500.015625,-187500.015625,-187500.015625,-187500.015625,-187500.015625,-25768.0078125,0.0
-187500.015625,-187500.015625,-187500.015625,-187500.015625,-187500.015625,-187500.015625,-187500.015625,-25891.1210938,0.0
-187500.015625,-187500.015625,-187500.015625,-187500.015625,-187500.015625,-187500.015625,-187500.015625,-25904.7558594,0.0
-187500.015625,-187500.015625,-187500.015625,-187500.015625,-187500.015625,-187500.015625,-187500.015625,-25778.8476562,0.0
-187500.015625,-187500.015625,-187500.015625,-187500.015625,-187500.015625,-187500.015625,-187500.015625,-25752.8300781,0.0
-187500.015625,-187500.015625,-187500.015625,-187500.015625,-187500.015625,-187500.015625,-187500.015625,-25870.9589844,0.0
-187500.015625,-187500.015625,-187500.015625,-187500.015625,-187500.015625,-187500.015625,-187500.015625,-25909.0253906,0.0
-187500.015625,-187500.015625,-187500.015625,-187500.015625,-187500.015625,-187500.015625,-187500.015625,-25794.6738281,0.0
-187500.015625,-187500.015625,-187500.015625,-187500.015625,-187500.015625,-187500.015625,-187500.015625,-25742.6601562,0.0
-187500.015625,-187500.015625,-187500.015625,-187500.015625,-187500.015625,-187500.015625,-187500.015625,-25854.2402344,0.0
-187500.015625,-187500.015625,-187500.015625,-187500.015625,-187500.015625,-187500.015625,-187500.015625,-25923.21875,0.0
-187500.015625,-187500.015625,-187500.015625,-187500.015625,-187500.015625,-187500.015625,-187500.015625,-25818.2089844,0.0
-187500.015625,-187500.015625,-187500.015625,-187500.015625,-187500.015625,-187500.015625,-187500.015625,-25735.6191406,0.0
-187500.015625,-187500.015625,-187500.015625,-187500.015625,-187500.015625,-187500.015625,-187500.015625,-25825.6757812,0.0
-187500.015625,-187500.015625,-187500.015625,-187500.015625,-187500.015625,-187500.015625,-187500.015625,-25923.7988281,0.0
-187500.015625,-187500.015625,-187500.015625,-187500.015625,-187500.015625,-187500.015625,-187500.015625,-25847.6464844,0.0
-187500.015625,-187500.015625,-187500.015625,-187500.015625,-187500.015625,-187500.015625,-187500.015625,-25743.9355469,0.0
-187500.015625,-187500.015625,-187500.015625,-187500.015625,-187500.015625,-187500.015625,-187500.015625,-25809.9394531,0.0
-187500.015625,-187500.015625,-187500.015625,-187500.015625,-187500.015625,-187500.015625,-187500.015625,-25920.1777344,0.0
-187500.015625,-187500.015625,-187500.015625,-187500.015625,-187500.015625,-187500.015625,-187500.015625,-25877.5078125,0.0
-187500.015625,-187500.015625,-187500.015625,-187500.015625,-187500.015625,-187500.015625,-187500.015625,-25755.4003906,0.0
-187500.015625,-187500.015625,-187500.015625,-187500.015625,-187500.015625,-187500.015625,-187500.015625,-25786.2695312,0.0
-187500.015625,-187500.015625,-187500.015625,-187500.015625,-187500.015625,-187500.015625,-187500.015625,-25909.0019531,0.0
-187500.015625,-187500.015625,-187500.015625,-187500.015625,-187500.015625,-187500.015625,-187500.015625,-25894.6972656,0.0
-187500.015625,-187500.015625,-187500.015625,-187500.015625,-187500.015625,-187500.015625,-187500.015625,-25771.359375,0.0
-187500.015625,-187500.015625,-187500.015625,-187500.015625,-187500.015625,-187500.015625,-187500.015625,-25766.1523438,0.0
-187500.015625,-187500.015625,-187500.015625,-187500.015625,-187500.015625,-187500.015625,-187500.015625,-25891.0546875,0.0
-187500.015625,-187500.015625,-187500.015625,-187500.015625,-187500.015625,-187500.015625,-187500.015625,-25909.9863281,0.0
-187500.015625,-187500.015625,-187500.015625,-187500.015625,-187500.015625,-187500.015625,-187500.015625,-25790.2246094,0.0
-187500.015625,-187500.015625,-187500.015625,-187500.015625,-187500.015625,-187500.015625,-187500.015625,-25753.03125,0.0
-187500.015625,-187500.015625,-187500.015625,-187500.015625,-187500.015625,-187500.015625,-187500.015625,-25877.1054688,0.0
-187500.015625,-187500.015625,-187500.015625,-187500.015625,-187500.015625,-187500.015625,-187500.015625,-25929.2304688,0.0
-187500.015625,-187500.015625,-187500.015625,-187500.015625,-187500.015625,-187500.015625,-187500.015625,-25813.0019531,0.0
-187500.015625,-187500.015625,-187500.015625,-187500.015625,-187500.015625,-187500.015625,-187500.015625,-25752.71875,0.0
-187500.015625,-187500.015625,-187500.015625,-187500.015625,-187500.015625,-187500.015625,-187500.015625,-25859.5820312,0.0
-187500.015625,-187500.015625,-187500.015625,-187500.015625,-187500.015625,-187500.015625,-187500.015625,-25934.1035156,0.0
-187500.015625,-187500.015625,-187500.015625,-187500.015625,-187500.015625,-187500.015625,-187500.015625,-25839.1074219,0.0
-187500.015625,-187500.015625,-187500.015625,-187500.015625,-187500.015625,-187500.015625,-187500.015625,-25748.5175781,0.0
-187500.015625,-187500.015625,-187500.015625,-187500.015625,-187500.015625,-187500.015625,-187500.015625,-25828.2675781,0.0
-187500.015625,-187500.015625,-187500.015625,-187500.015625,-187500.015625,-187500.015625,-187500.015625,-25922.8164062,0.0
-187500.015625,-187500.015625,-187500.015625,-187500.015625,-187500.015625,-187500.015625,-187500.015625,-25859.1582031,0.0
-187500.015625,-187500.015625,-187500.015625,-187500.015625,-187500.015625,-187500.015625,-187500.015625,-25755.5136719,0.0
-187500.015625,-187500.015625,-187500.015625,-187500.015625,-187500.015625,-187500.015625,-187500.015625,-25803.6132812,0.0
-187500.015625,-187500.015625,-187500.015625,-187500.015625,-187500.015625,-187500.015625,-187500.015625,-25921.9882812,0.0
-187500.015625,-187500.015625,-187500.015625,-187500.015625,-187500.015625,-187500.015625,-187500.015625,-25884.7050781,0.0
-187500.015625,-187500.015625,-187500.015625,-187500.015625,-187500.015625,-187500.015625,-187500.015625,-25756.5625,0.0
-187500.015625,-187500.015625,-187500.015625,-187500.015625,-187500.015625,-187500.015625,-187500.015625,-25778.7578125,0.0
-187500.015625,-187500.015625,-187500.015625,-187500.015625,-187500.015625,-187500.015625,-187500.015625,-25908.6445312,0.0
-187500.015625,-187500.015625,-187500.015625,-187500.015625,-187500.015625,-187500.015625,-187500.015625,-25901.7382812,0.0
-187500.015625,-187500.015625,-187500.015625,-187500.015625,-187500.015625,-187500.015625,-187500.015625,-25774.0644531,0.0
-187500.015625,-187500.015625,-187500.015625,-187500.015625,-187500.015625,-187500.015625,-187500.015625,-25767.3359375,0.0
-187500.015625,-187500.015625,-187500.015625,-187500.015625,-187500.015625,-187500.015625,-187500.015625,-25895.9941406,0.0
-187500.015625,-187500.015625,-187500.015625,-187500.015625,-187500.015625,-187500.015625,-187500.015625,-25924.1113281,0.0
-187500.015625,-187500.015625,-187500.015625,-187500.015625,-187500.015625,-187500.015625,-187500.015625,-25796.0371094,0.0
-187500.015625,-187500.015625,-187500.015625,-187500.015625,-187500.015625,-187500.015625,-187500.015625,-25758.9101562,0.0
-187500.015625,-187500.015625,-187500.015625,-187500.015625,-187500.015625,-187500.015625,-187500.015625,-25878.3808594,0.0
-187500.015625,-187500.015625,-187500.015625,-187500.015625,-187500.015625,-187500.015625,-187500.015625,-25927.3984375,0.0
-187500.015625,-187500.015625,-187500.015625,-187500.015625,-187500.015625,-187500.015625,-187500.015625,-25821.9414062,0.0
-187500.015625,-187500.015625,-187500.015625,-187500.015625,-187500.015625,-187500.015625,-187500.015625,-25753.4335938,0.0
-187500.015625,-187500.015625,-187500.015625,-187500.015625,-187500.015625,-187500.015625,-187500.015625,-25850.1054688,0.0
-187500.015625,-187500.015625,-187500.015625,-187500.015625,-187500.015625,-187500.015625,-187500.015625,-25926.9277344,0.0
-187500.015625,-187500.015625,-187500.015625,-187500.015625,-187500.015625,-187500.015625,-187500.015625,-25836.9179688,0.0
-187500.015625,-187500.015625,-187500.015625,-187500.015625,-187500.015625,-187500.015625,-187500.015625,-25743.2421875,0.0
-187500.015625,-187500.015625,-187500.015625,-187500.015625,-187500.015625,-187500.015625,-187500.015625,-25825.0488281,0.0
-187500.015625,-187500.015625,-187500.015625,-187500.015625,-187500.015625,-187500.015625,-187500.015625,-25934.0800781,0.0
-187500.015625,-187500.015625,-187500.015625,-187500.015625,-187500.015625,-187500.015625,-187500.015625,-25862.734375,0.0
-187500.015625,-187500.015625,-187500.015625,-187500.015625,-187500.015625,-187500.015625,-187500.015625,-25752.9863281,0.0
-187500.015625,-187500.015625,-187500.015625,-187500.015625,-187500.015625,-187500.015625,-187500.015625,-25810.0742188,0.0
-187500.015625,-187500.015625,-187500.015625,-187500.015625,-187500.015625,-187500.015625,-187500.015625,-25929.96875,0.0
-187500.015625,-187500.015625,-187500.015625,-187500.015625,-187500.015625,-187500.015625,-187500.015625,-25903.078125,0.0
-187500.015625,-187500.015625,-187500.015625,-187500.015625,-187500.015625,-187500.015625,-187500.015625,-25774.5332031,0.0
-187500.015625,-187500.015625,-187500.015625,-187500.015625,-187500.015625,-187500.015625,-187500.015625,-25784.8828125,0.0
-187500.015625,-187500.015625,-187500.015625,-187500.015625,-187500.015625,-187500.015625,-187500.015625,-25912.4667969,0.0
-187500.015625,-187500.015625,-187500.015625,-187500.015625,-187500.015625,-187500.015625,-187500.015625,-25910.6777344,0.0
-187500.015625,-187500.015625,-187500.015625,-187500.015625,-187500.015625,-187500.015625,-187500.015625,-25772.8125,0.0
-187500.015625,-187500.015625,-187500.015625,-187500.015625,-187500.015625,-187500.015625,-187500.015625,-25760.0273438,0.0
-187500.015625,-187500.015625,-187500.015625,-187500.015625,-187500.015625,-187500.015625,-187500.015625,-25889.2207031,0.0
-187500.015625,-187500.015625,-187500.015625,-187500.015625,-187500.015625,-187500.015625,-187500.015625,-25925.140625,0.0
-187500.015625,-187500.015625,-187500.015625,-187500.015625,-187500.015625,-187500.015625,-187500.015625,-25798.4277344,0.0
-187500.015625,-187500.015625,-187500.015625,-187500.015625,-187500.015625,-187500.015625,-187500.015625,-25745.0292969,0.0
-187500.015625,-187500.015625,-187500.015625,-187500.015625,-187500.015625,-187500.015625,-187500.015625,-25859.2246094,0.0
-187500.015625,-187500.015625,-187500.015625,-187500.015625,-187500.015625,-187500.015625,-187500.015625,-25931.5097656,0.0
-187500.015625,-187500.015625,-187500.015625,-187500.015625,-187500.015625,-187500.015625,-187500.015625,-25819.2832031,0.0
-187500.015625,-187500.015625,-187500.015625,-187500.015625,-187500.015625,-187500.015625,-187500.015625,-25739.1953125,0.0
-187500.015625,-187500.015625,-187500.015625,-187500.015625,-187500.015625,-187500.015625,-187500.015625,-25842.0820312,0.0
-187500.015625,-187500.015625,-187500.015625,-187500.015625,-187500.015625,-187500.015625,-187500.015625,-25923.9335938,0.0
-187500.015625,-187500.015625,-187500.015625,-187500.015625,-187500.015625,-187500.015625,-187500.015625,-25838.0800781,0.0
-187500.015625,-187500.015625,-187500.015625,-187500.015625,-187500.015625,-187500.015625,-187500.015625,-25739.6425781,0.0
-187500.015625,-187500.015625,-187500.015625,-187500.015625,-187500.015625,-187500.015625,-187500.015625,-25810.5429688,0.0
-187500.015625,-187500.015625,-187500.015625,-187500.015625,-187500.015625,-187500.015625,-187500.015625,-25920.5800781,0.0
-187500.015625,-187500.015625,-187500.015625,-187500.015625,-187500.015625,-187500.015625,-187500.015625,-25866.1542969,0.0
-187500.015625,-187500.015625,-187500.015625,-187500.015625,-187500.015625,-187500.015625,-187500.015625,-25746.0136719,0.0
-187500.015625,-187500.015625,-187500.015625,-187500.015625,-187500.015625,-187500.015625,-187500.015625,-25790.359375,0.0
-187500.015625,-187500.015625,-187500.015625,-187500.015625,-187500.015625,-187500.015625,-187500.015625,-25918.859375,0.0
-187500.015625,-187500.015625,-187500.015625,-187500.015625,-187500.015625,-187500.015625,-187500.015625,-25887.3652344,0.0
-187500.015625,-187500.015625,-187500.015625,-187500.015625,-187500.015625,-187500.015625,-187500.015625,-25758.9101562,0.0
-187500.015625,-187500.015625,-187500.015625,-187500.015625,-187500.015625,-187500.015625,-187500.015625,-25772.5,0.0
-187500.015625,-187500.015625,-187500.015625,-187500.015625,-187500.015625,-187500.015625,-187500.015625,-25900.6640625,0.0
-187500.015625,-187500.015625,-187500.015625,-187500.015625,-187500.015625,-187500.015625,-187500.015625,-25908.4882812,0.0
-187500.015625,-187500.015625,-187500.015625,-187500.015625,-187500.015625,-187500.015625,-187500.015625,-25782.6035156,0.0
-187500.015625,-187500.015625,-187500.015625,-187500.015625,-187500.015625,-187500.015625,-187500.015625,-25760.4980469,0.0
-187500.015625,-187500.015625,-187500.015625,-187500.015625,-187500.015625,-187500.015625,-187500.015625,-25881.0625,0.0
-187500.015625,-187500.015625,-187500.015625,-187500.015625,-187500.015625,-187500.015625,-187500.015625,-25917.1152344,0.0
-187500.015625,-187500.015625,-187500.015625,-187500.015625,-187500.015625,-187500.015625,-187500.015625,-25793.421875,0.0
-187500.015625,-187500.015625,-187500.015625,-187500.015625,-187500.015625,-187500.015625,-187500.015625,-25740.984375,0.0
-187500.015625,-187500.015625,-187500.015625,-187500.015625,-187500.015625,-187500.015625,-187500.015625,-25859.1796875,0.0
-187500.015625,-187500.015625,-187500.015625,-187500.015625,-187500.015625,-187500.015625,-187500.015625,-25925.3417969,0.0
-187500.015625,-187500.015625,-187500.015625,-187500.015625,-187500.015625,-187500.015625,-187500.015625,-25824.0878906,0.0
-187500.015625,-187500.015625,-187500.015625,-187500.015625,-187500.015625,-187500.015625,-187500.015625,-25740.4707031,0.0
-187500.015625,-187500.015625,-187500.015625,-187500.015625,-187500.015625,-187500.015625,-187500.015625,-25836.5820312,0.0
-187500.015625,-187500.015625,-187500.015625,-187500.015625,-187500.015625,-187500.015625,-187500.015625,-25941.9257812,0.0
-187500.015625,-187500.015625,-187500.015625,-187500.015625,-187500.015625,-187500.015625,-187500.015625,-25864.4101562,0.0
-187500.015625,-187500.015625,-187500.015625,-187500.015625,-187500.015625,-187500.015625,-187500.015625,-25757.4121094,0.0
-187500.015625,-187500.015625,-187500.015625,-187500.015625,-187500.015625,-187500.015625,-187500.015625,-25819.484375,0.0
-187500.015625,-187500.015625,-187500.015625,-187500.015625,-187500.015625,-187500.015625,-187500.015625,-25932.9628906,0.0
-187500.015625,-187500.015625,-187500.015625,-187500.015625,-187500.015625,-187500.015625,-187500.015625,-25880.7265625,0.0
-187500.015625,-187500.015625,-187500.015625,-187500.015625,-187500.015625,-187500.015625,-187500.015625,-25759.8046875,0.0
-187500.015625,-187500.015625,-187500.015625,-187500.015625,-187500.015625,-187500.015625,-187500.015625,-25796.7519531,0.0
-187500.015625,-187500.015625,-187500.015625,-187500.015625,-187500.015625,-187500.015625,-187500.015625,-25922.9726562,0.0
-187500.015625,-187500.015625,-187500.015625,-187500.015625,-187500.015625,-187500.015625,-187500.015625,-25897.7597656,0.0
-187500.015625,-187500.015625,-187500.015625,-187500.015625,-187500.015625,-187500.015625,-187500.015625,-25764.7890625,0.0
-187500.015625,-187500.015625,-187500.015625,-187500.015625,-187500.015625,-187500.015625,-187500.015625,-25771.6503906,0.0
-187500.015625,-187500.015625,-187500.015625,-187500.015625,-187500.015625,-187500.015625,-187500.015625,-25906.2089844,0.0
-187500.015625,-187500.015625,-187500.015625,-187500.015625,-187500.015625,-187500.015625,-187500.015625,-25919.6855469,0.0
-187500.015625,-187500.015625,-187500.015625,-187500.015625,-187500.015625,-187500.015625,-187500.015625,-25791.0976562,0.0
-187500.015625,-187500.015625,-187500.015625,-187500.015625,-187500.015625,-187500.015625,-187500.015625,-25767.8515625,0.0
-187500.015625,-187500.015625,-187500.015625,-187500.015625,-187500.015625,-187500.015625,-187500.015625,-25887.5664062,0.0
-187500.015625,-187500.015625,-187500.015625,-187500.015625,-187500.015625,-187500.015625,-187500.015625,-25932.9863281,0.0
-187500.015625,-187500.015625,-187500.015625,-187500.015625,-187500.015625,-187500.015625,-187500.015625,-25809.0683594,0.0
-187500.015625,-187500.015625,-187500.015625,-187500.015625,-187500.015625,-187500.015625,-187500.015625,-25750.9082031,0.0
-187500.015625,-187500.015625,-187500.015625,-187500.015625,-187500.015625,-187500.015625,-187500.015625,-25852.5195312,0.0
-187500.015625,-187500.015625,-187500.015625,-187500.015625,-187500.015625,-187500.015625,-187500.015625,-25925.5195312,0.0
-187500.015625,-187500.015625,-187500.015625,-187500.015625,-187500.015625,-187500.015625,-187500.015625,-25831.4863281,0.0
-187500.015625,-187500.015625,-187500.015625,-187500.015625,-187500.015625,-187500.015625,-187500.015625,-25746.7285156,0.0
-187500.015625,-187500.015625,-187500.015625,-187500.015625,-187500.015625,-187500.015625,-187500.015625,-25825.5859375,0.0
-187500.015625,-187500.015625,-187500.015625,-187500.015625,-187500.015625,-187500.015625,-187500.015625,-25921.7207031,0.0
-187500.015625,-187500.015625,-187500.015625,-187500.015625,-187500.015625,-187500.015625,-187500.015625,-25853.9277344,0.0
-187500.015625,-187500.015625,-187500.015625,-187500.015625,-187500.015625,-187500.015625,-187500.015625,-25747.3105469,0.0
-187500.015625,-187500.015625,-187500.015625,-187500.015625,-187500.015625,-187500.015625,-187500.015625,-25807.1230469,0.0
-187500.015625,-187500.015625,-187500.015625,-187500.015625,-187500.015625,-187500.015625,-187500.015625,-25924.2675781,0.0
-187500.015625,-187500.015625,-187500.015625,-187500.015625,-187500.015625,-187500.015625,-187500.015625,-25878.3574219,0.0
-187500.015625,-187500.015625,-187500.015625,-187500.015625,-187500.015625,-187500.015625,-187500.015625,-25755.9160156,0.0
-187500.015625,-187500.015625,-187500.015625,-187500.015625,-187500.015625,-187500.015625,-187500.015625,-25787.9453125,0.0
-187500.015625,-187500.015625,-187500.015625,-187500.015625,-187500.015625,-187500.015625,-187500.015625,-25915.484375,0.0
-187500.015625,-187500.015625,-187500.015625,-187500.015625,-187500.015625,-187500.015625,-187500.015625,-25898.6308594,0.0
-187500.015625,-187500.015625,-187500.015625,-187500.015625,-187500.015625,-187500.015625,-187500.015625,-25772.5898438,0.0
-187500.015625,-187500.015625,-187500.015625,-187500.015625,-187500.015625,-187500.015625,-187500.015625,-25770.0410156,0.0
-187500.015625,-187500.015625,-187500.015625,-187500.015625,-187500.015625,-187500.015625,-187500.015625,-25898.0507812,0.0
-187500.015625,-187500.015625,-187500.015625,-187500.015625,-187500.015625,-187500.015625,-187500.015625,-25915.2597656,0.0
-187500.015625,-187500.015625,-187500.015625,-187500.015625,-187500.015625,-187500.015625,-187500.015625,-25793.1308594,0.0
-187500.015625,-187500.015625,-187500.015625,-187500.015625,-187500.015625,-187500.015625,-187500.015625,-25756.8769531,0.0
-187500.015625,-187500.015625,-187500.015625,-187500.015625,-187500.015625,-187500.015625,-187500.015625,-25871.9648438,0.0
-187500.015625,-187500.015625,-187500.015625,-187500.015625,-187500.015625,-187500.015625,-187500.015625,-25925.609375,0.0
-187500.015625,-187500.015625,-187500.015625,-187500.015625,-187500.015625,-187500.015625,-187500.015625,-25811.3242188,0.0
-187500.015625,-187500.015625,-187500.015625,-187500.015625,-187500.015625,-187500.015625,-187500.015625,-25741.609375,0.0
-187500.015625,-187500.015625,-187500.015625,-187500.015625,-187500.015625,-187500.015625,-187500.015625,-25843.9140625,0.0
-187500.015625,-187500.015625,-187500.015625,-187500.015625,-187500.015625,-187500.015625,-187500.015625,-25924.4257812,0.0
-187500.015625,-187500.015625,-187500.015625,-187500.015625,-187500.015625,-187500.015625,-187500.015625,-25837.7441406,0.0
-187500.015625,-187500.015625,-187500.015625,-187500.015625,-187500.015625,-187500.015625,-187500.015625,-25745.6777344,0.0
-187500.015625,-187500.015625,-187500.015625,-187500.015625,-187500.015625,-187500.015625,-187500.015625,-25828.6933594,0.0
-187500.015625,-187500.015625,-187500.015625,-187500.015625,-187500.015625,-187500.015625,-187500.015625,-25921.8769531,0.0
-187500.015625,-187500.015625,-187500.015625,-187500.015625,-187500.015625,-187500.015625,-187500.015625,-25854.3066406,0.0
-187500.015625,-187500.015625,-187500.015625,-187500.015625,-187500.015625,-187500.015625,-187500.015625,-25744.7167969,0.0
-187500.015625,-187500.015625,-187500.015625,-187500.015625,-187500.015625,-187500.015625,-187500.015625,-25796.4160156,0.0
-187500.015625,-187500.015625,-187500.015625,-187500.015625,-187500.015625,-187500.015625,-187500.015625,-25912.7128906,0.0
-187500.015625,-187500.015625,-187500.015625,-187500.015625,-187500.015625,-187500.015625,-187500.015625,-25865.2597656,0.0
-187500.015625,-187500.015625,-187500.015625,-187500.015625,-187500.015625,-187500.015625,-187500.015625,-25737.8769531,0.0
-187500.015625,-187500.015625,-187500.015625,-187500.015625,-187500.015625,-187500.015625,-187500.015625,-25760.6992188,0.0
-187500.015625,-187500.015625,-187500.015625,-187500.015625,-187500.015625,-187500.015625,-187500.015625,-25885.265625,0.0
-187500.015625,-187500.015625,-187500.015625,-187500.015625,-187500.015625,-187500.015625,-187500.015625,-25878.5371094,0.0
-187500.015625,-187500.015625,-187500.015625,-187500.015625,-187500.015625,-187500.015625,-187500.015625,-25757.1894531,0.0
-187500.015625,-187500.015625,-187500.015625,-187500.015625,-187500.015625,-187500.015625,-187500.015625,-25746.8632812,0.0
-187500.015625,-187500.015625,-187500.015625,-187500.015625,-187500.015625,-187500.015625,-187500.015625,-25874.46875,0.0
-187500.015625,-187500.015625,-187500.015625,-187500.015625,-187500.015625,-187500.015625,-187500.015625,-25900.4648438,0.0
-187500.015625,-187500.015625,-187500.015625,-187500.015625,-187500.015625,-187500.015625,-187500.015625,-25779.25,0.0
-187500.015625,-187500.015625,-187500.015625,-187500.015625,-187500.015625,-187500.015625,-187500.015625,-25734.7480469,0.0
-187500.015625,-187500.015625,-187500.015625,-187500.015625,-187500.015625,-187500.015625,-187500.015625,-25852.7871094,0.0
-187500.015625,-187500.015625,-187500.015625,-187500.015625,-187500.015625,-187500.015625,-187500.015625,-25912.5117188,0.0
-187500.015625,-187500.015625,-187500.015625,-187500.015625,-187500.015625,-187500.015625,-187500.015625,-25801.6914062,0.0
-187500.015625,-187500.015625,-187500.015625,-187500.015625,-187500.015625,-187500.015625,-187500.015625,-25737.2285156,0.0
-187500.015625,-187500.015625,-187500.015625,-187500.015625,-187500.015625,-187500.015625,-187500.015625,-25834.2128906,0.0
-187500.015625,-187500.015625,-187500.015625,-187500.015625,-187500.015625,-187500.015625,-187500.015625,-25915.3730469,0.0
-187500.015625,-187500.015625,-187500.015625,-187500.015625,-187500.015625,-187500.015625,-187500.015625,-25826.546875,0.0
-187500.015625,-187500.015625,-187500.015625,-187500.015625,-187500.015625,-187500.015625,-187500.015625,-25730.2324219,0.0
-187500.015625,-187500.015625,-187500.015625,-187500.015625,-187500.015625,-187500.015625,-187500.015625,-25802.1152344,0.0
-187500.015625,-187500.015625,-187500.015625,-187500.015625,-187500.015625,-187500.015625,-187500.015625,-25908.734375,0.0
-187500.015625,-187500.015625,-187500.015625,-187500.015625,-187500.015625,-187500.015625,-187500.015625,-25844.8300781,0.0
-187500.015625,-187500.015625,-187500.015625,-187500.015625,-187500.015625,-187500.015625,-187500.015625,-25728.8242188,0.0
-187500.015625,-187500.015625,-187500.015625,-187500.015625,-187500.015625,-187500.015625,-187500.015625,-25775.9414062,0.0
-187500.015625,-187500.015625,-187500.015625,-187500.015625,-187500.015625,-187500.015625,-187500.015625,-25899.9277344,0.0
-187500.015625,-187500.015625,-187500.015625,-187500.015625,-187500.015625,-187500.015625,-187500.015625,-25860.9453125,0.0
-187500.015625,-187500.015625,-187500.015625,-187500.015625,-187500.015625,-187500.015625,-187500.015625,-25736.3789062,0.0
-187500.015625,-187500.015625,-187500.015625,-187500.015625,-187500.015625,-187500.015625,-187500.015625,-25749.0078125,0.0
-187500.015625,-187500.015625,-187500.015625,-187500.015625,-187500.015625,-187500.015625,-187500.015625,-25876.6816406,0.0
-187500.015625,-187500.015625,-187500.015625,-187500.015625,-187500.015625,-187500.015625,-187500.015625,-25883.4765625,0.0
-187500.015625,-187500.015625,-187500.015625,-187500.015625,-187500.015625,-187500.015625,-187500.015625,-25763.4472656,0.0
-187500.015625,-187500.015625,-187500.015625,-187500.015625,-187500.015625,-187500.015625,-187500.015625,-25749.2324219,0.0
-187500.015625,-187500.015625,-187500.015625,-187500.015625,-187500.015625,-187500.015625,-187500.015625,-25876.1445312,0.0
-187500.015625,-187500.015625,-187500.015625,-187500.015625,-187500.015625,-187500.015625,-187500.015625,-25908.8457031,0.0
-187500.015625,-187500.015625,-187500.015625,-187500.015625,-187500.015625,-187500.015625,-187500.015625,-25790.984375,0.0
-187500.015625,-187500.015625,-187500.015625,-187500.015625,-187500.015625,-187500.015625,-187500.015625,-25746.0136719,0.0
-187500.015625,-187500.015625,-187500.015625,-187500.015625,-187500.015625,-187500.015625,-187500.015625,-25858.5097656,0.0
-187500.015625,-187500.015625,-187500.015625,-187500.015625,-187500.015625,-187500.015625,-187500.015625,-25920.5800781,0.0
-187500.015625,-187500.015625,-187500.015625,-187500.015625,-187500.015625,-187500.015625,-187500.015625,-25817.2929688,0.0
-187500.015625,-187500.015625,-187500.015625,-187500.015625,-187500.015625,-187500.015625,-187500.015625,-25742.3027344,0.0
-187500.015625,-187500.015625,-187500.015625,-187500.015625,-187500.015625,-187500.015625,-187500.015625,-25830.1445312,0.0
-187500.015625,-187500.015625,-187500.015625,-187500.015625,-187500.015625,-187500.015625,-187500.015625,-25921.2734375,0.0
-187500.015625,-187500.015625,-187500.015625,-187500.015625,-187500.015625,-187500.015625,-187500.015625,-25834.5703125,0.0
-187500.015625,-187500.015625,-187500.015625,-187500.015625,-187500.015625,-187500.015625,-187500.015625,-25726.1640625,0.0
-187500.015625,-187500.015625,-187500.015625,-187500.015625,-187500.015625,-187500.015625,-187500.015625,-25795.6347656,0.0
-187500.015625,-187500.015625,-187500.015625,-187500.015625,-187500.015625,-187500.015625,-187500.015625,-25907.0585938,0.0
-187500.015625,-187500.015625,-187500.015625,-187500.015625,-187500.015625,-187500.015625,-187500.015625,-25850.84375,0.0
-187500.015625,-187500.015625,-187500.015625,-187500.015625,-187500.015625,-187500.015625,-187500.015625,-25735.0605469,0.0
-187500.015625,-187500.015625,-187500.015625,-187500.015625,-187500.015625,-187500.015625,-187500.015625,-25772.5,0.0
-187500.015625,-187500.015625,-187500.015625,-187500.015625,-187500.015625,-187500.015625,-187500.015625,-25891.34375,0.0
-187500.015625,-187500.015625,-187500.015625,-187500.015625,-187500.015625,-187500.015625,-187500.015625,-25868.2773438,0.0
-187500.015625,-187500.015625,-187500.015625,-187500.015625,-187500.015625,-187500.015625,-187500.015625,-25742.6835938,0.0
-187500.015625,-187500.015625,-187500.015625,-187500.015625,-187500.015625,-187500.015625,-187500.015625,-25752.5839844,0.0
-187500.015625,-187500.015625,-187500.015625,-187500.015625,-187500.015625,-187500.015625,-187500.015625,-25883.0742188,0.0
-187500.015625,-187500.015625,-187500.015625,-187500.015625,-187500.015625,-187500.015625,-187500.015625,-25894.9882812,0.0
-187500.015625,-187500.015625,-187500.015625,-187500.015625,-187500.015625,-187500.015625,-187500.015625,-25776.3007812,0.0
-187500.015625,-187500.015625,-187500.015625,-187500.015625,-187500.015625,-187500.015625,-187500.015625,-25749.3652344,0.0
-187500.015625,-187500.015625,-187500.015625,-187500.015625,-187500.015625,-187500.015625,-187500.015625,-25872.3007812,0.0
-187500.015625,-187500.015625,-187500.015625,-187500.015625,-187500.015625,-187500.015625,-187500.015625,-25914.0546875,0.0
-187500.015625,-187500.015625,-187500.015625,-187500.015625,-187500.015625,-187500.015625,-187500.015625,-25800.3066406,0.0
-187500.015625,-187500.015625,-187500.015625,-187500.015625,-187500.015625,-187500.015625,-187500.015625,-25740.0449219,0.0
-187500.015625,-187500.015625,-187500.015625,-187500.015625,-187500.015625,-187500.015625,-187500.015625,-25848.9648438,0.0
-187500.015625,-187500.015625,-187500.015625,-187500.015625,-187500.015625,-187500.015625,-187500.015625,-25918.8808594,0.0
-187500.015625,-187500.015625,-187500.015625,-187500.015625,-187500.015625,-187500.015625,-187500.015625,-25814.4550781,0.0
-187500.015625,-187500.015625,-187500.015625,-187500.015625,-187500.015625,-187500.015625,-187500.015625,-25729.875,0.0
-187500.015625,-187500.015625,-187500.015625,-187500.015625,-187500.015625,-187500.015625,-187500.015625,-25821.9414062,0.0
-187500.015625,-187500.015625,-187500.015625,-187500.015625,-187500.015625,-187500.015625,-187500.015625,-25916.7578125,0.0
-187500.015625,-187500.015625,-187500.015625,-187500.015625,-187500.015625,-187500.015625,-187500.015625,-25836.4707031,0.0
-187500.015625,-187500.015625,-187500.015625,-187500.015625,-187500.015625,-187500.015625,-187500.015625,-25731.8652344,0.0
-187500.015625,-187500.015625,-187500.015625,-187500.015625,-187500.015625,-187500.015625,-187500.015625,-25791.0527344,0.0
-187500.015625,-187500.015625,-187500.015625,-187500.015625,-187500.015625,-187500.015625,-187500.015625,-25902.1855469,0.0
-187500.015625,-187500.015625,-187500.015625,-187500.015625,-187500.015625,-187500.015625,-187500.015625,-25855.4023438,0.0
-187500.015625,-187500.015625,-187500.015625,-187500.015625,-187500.015625,-187500.015625,-187500.015625,-25732.5136719,0.0
-187500.015625,-187500.015625,-187500.015625,-187500.015625,-187500.015625,-187500.015625,-187500.015625,-25770.4882812,0.0
-187500.015625,-187500.015625,-187500.015625,-187500.015625,-187500.015625,-187500.015625,-187500.015625,-25895.1210938,0.0
-187500.015625,-187500.015625,-187500.015625,-187500.015625,-187500.015625,-187500.015625,-187500.015625,-25884.8632812,0.0
-187500.015625,-187500.015625,-187500.015625,-187500.015625,-187500.015625,-187500.015625,-187500.015625,-25757.6132812,0.0
-187500.015625,-187500.015625,-187500.015625,-187500.015625,-187500.015625,-187500.015625,-187500.015625,-25761.234375,0.0
-187500.015625,-187500.015625,-187500.015625,-187500.015625,-187500.015625,-187500.015625,-187500.015625,-25894.4726562,0.0
-187500.015625,-187500.015625,-187500.015625,-187500.015625,-187500.015625,-187500.015625,-187500.015625,-25905.359375,0.0
-187500.015625,-187500.015625,-187500.015625,-187500.015625,-187500.015625,-187500.015625,-187500.015625,-25777.7304688,0.0
-187500.015625,-187500.015625,-187500.015625,-187500.015625,-187500.015625,-187500.015625,-187500.015625,-25751.265625,0.0
-187500.015625,-187500.015625,-187500.015625,-187500.015625,-187500.015625,-187500.015625,-187500.015625,-25872.9492188,0.0
-187500.015625,-187500.015625,-187500.015625,-187500.015625,-187500.015625,-187500.015625,-187500.015625,-25918.2558594,0.0
-187500.015625,-187500.015625,-187500.015625,-187500.015625,-187500.015625,-187500.015625,-187500.015625,-25797.0195312,0.0
-187500.015625,-187500.015625,-187500.015625,-187500.015625,-187500.015625,-187500.015625,-187500.015625,-25735.9765625,0.0
-187500.015625,-187500.015625,-187500.015625,-187500.015625,-187500.015625,-187500.015625,-187500.015625,-25839.6679688,0.0
-187500.015625,-187500.015625,-187500.015625,-187500.015625,-187500.015625,-187500.015625,-187500.015625,-25912.3769531,0.0
-187500.015625,-187500.015625,-187500.015625,-187500.015625,-187500.015625,-187500.015625,-187500.015625,-25810.0507812,0.0
-187500.015625,-187500.015625,-187500.015625,-187500.015625,-187500.015625,-187500.015625,-187500.015625,-25722.8339844,0.0
-187500.015625,-187500.015625,-187500.015625,-187500.015625,-187500.015625,-187500.015625,-187500.015625,-25808.3515625,0.0
-187500.015625,-187500.015625,-187500.015625,-187500.015625,-187500.015625,-187500.015625,-187500.015625,-25908.3320312,0.0
-187500.015625,-187500.015625,-187500.015625,-187500.015625,-187500.015625,-187500.015625,-187500.015625,-25840.1816406,0.0
-187500.015625,-187500.015625,-187500.015625,-187500.015625,-187500.015625,-187500.015625,-187500.015625,-25736.0,0.0
-187500.015625,-187500.015625,-187500.015625,-187500.015625,-187500.015625,-187500.015625,-187500.015625,-25789.53125,0.0
-187500.015625,-187500.015625,-187500.015625,-187500.015625,-187500.015625,-187500.015625,-187500.015625,-25907.59375,0.0
-187500.015625,-187500.015625,-187500.015625,-187500.015625,-187500.015625,-187500.015625,-187500.015625,-25869.3945312,0.0
-187500.015625,-187500.015625,-187500.015625,-187500.015625,-187500.015625,-187500.015625,-187500.015625,-25740.3359375,0.0
-187500.015625,-187500.015625,-187500.015625,-187500.015625,-187500.015625,-187500.015625,-187500.015625,-25765.5488281,0.0
-187500.015625,-187500.015625,-187500.015625,-187500.015625,-187500.015625,-187500.015625,-187500.015625,-25894.3613281,0.0
-187500.015625,-187500.015625,-187500.015625,-187500.015625,-187500.015625,-187500.015625,-187500.015625,-25880.2792969,0.0
-187500.015625,-187500.015625,-187500.015625,-187500.015625,-187500.015625,-187500.015625,-187500.015625,-25759.2910156,0.0
-187500.015625,-187500.015625,-187500.015625,-187500.015625,-187500.015625,-187500.015625,-187500.015625,-25760.6992188,0.0
-187500.015625,-187500.015625,-187500.015625,-187500.015625,-187500.015625,-187500.015625,-187500.015625,-25887.0078125,0.0
-187500.015625,-187500.015625,-187500.015625,-187500.015625,-187500.015625,-187500.015625,-187500.015625,-25905.2910156,0.0
-187500.015625,-187500.015625,-187500.015625,-187500.015625,-187500.015625,-187500.015625,-187500.015625,-25777.3945312,0.0
-187500.015625,-187500.015625,-187500.015625,-187500.015625,-187500.015625,-187500.015625,-187500.015625,-25741.1855469,0.0
-187500.015625,-187500.015625,-187500.015625,-187500.015625,-187500.015625,-187500.015625,-187500.015625,-25866.0195312,0.0
-187500.015625,-187500.015625,-187500.015625,-187500.015625,-187500.015625,-187500.015625,-187500.015625,-25915.1484375,0.0
-187500.015625,-187500.015625,-187500.015625,-187500.015625,-187500.015625,-187500.015625,-187500.015625,-25800.640625,0.0
-187500.015625,-187500.015625,-187500.015625,-187500.015625,-187500.015625,-187500.015625,-187500.015625,-25732.0429688,0.0
-187500.015625,-187500.015625,-187500.015625,-187500.015625,-187500.015625,-187500.015625,-187500.015625,-25839.9804688,0.0
-187500.015625,-187500.015625,-187500.015625,-187500.015625,-187500.015625,-187500.015625,-187500.015625,-25916.4003906,0.0
-187500.015625,-187500.015625,-187500.015625,-187500.015625,-187500.015625,-187500.015625,-187500.015625,-25820.0878906,0.0
-187500.015625,-187500.015625,-187500.015625,-187500.015625,-187500.015625,-187500.015625,-187500.015625,-25724.4433594,0.0
-187500.015625,-187500.015625,-187500.015625,-187500.015625,-187500.015625,-187500.015625,-187500.015625,-25804.4179688,0.0
-187500.015625,-187500.015625,-187500.015625,-187500.015625,-187500.015625,-187500.015625,-187500.015625,-25911.5957031,0.0
-187500.015625,-187500.015625,-187500.015625,-187500.015625,-187500.015625,-187500.015625,-187500.015625,-25846.0820312,0.0
-187500.015625,-187500.015625,-187500.015625,-187500.015625,-187500.015625,-187500.015625,-187500.015625,-25733.0488281,0.0
-187500.015625,-187500.015625,-187500.015625,-187500.015625,-187500.015625,-187500.015625,-187500.015625,-25789.7109375,0.0
-187500.015625,-187500.015625,-187500.015625,-187500.015625,-187500.015625,-187500.015625,-187500.015625,-25908.4648438,0.0
-187500.015625,-187500.015625,-187500.015625,-187500.015625,-187500.015625,-187500.015625,-187500.015625,-25873.484375,0.0
-187500.015625,-187500.015625,-187500.015625,-187500.015625,-187500.015625,-187500.015625,-187500.015625,-25750.4609375,0.0
-187500.015625,-187500.015625,-187500.015625,-187500.015625,-187500.015625,-187500.015625,-187500.015625,-25768.7441406,0.0
-187500.015625,-187500.015625,-187500.015625,-187500.015625,-187500.015625,-187500.015625,-187500.015625,-25898.2734375,0.0
-187500.015625,-187500.015625,-187500.015625,-187500.015625,-187500.015625,-187500.015625,-187500.015625,-25897.4902344,0.0
-187500.015625,-187500.015625,-187500.015625,-187500.015625,-187500.015625,-187500.015625,-187500.015625,-25772.4101562,0.0
-187500.015625,-187500.015625,-187500.015625,-187500.015625,-187500.015625,-187500.015625,-187500.015625,-25756.7871094,0.0
-187500.015625,-187500.015625,-187500.015625,-187500.015625,-187500.015625,-187500.015625,-187500.015625,-25882.4042969,0.0
-187500.015625,-187500.015625,-187500.015625,-187500.015625,-187500.015625,-187500.015625,-187500.015625,-25906.9238281,0.0
-187500.015625,-187500.015625,-187500.015625,-187500.015625,-187500.015625,-187500.015625,-187500.015625,-25779.40625,0.0
-187500.015625,-187500.015625,-187500.015625,-187500.015625,-187500.015625,-187500.015625,-187500.015625,-25733.0722656,0.0
-187500.015625,-187500.015625,-187500.015625,-187500.015625,-187500.015625,-187500.015625,-187500.015625,-25855.1347656,0.0
-187500.015625,-187500.015625,-187500.015625,-187500.015625,-187500.015625,-187500.015625,-187500.015625,-25915.4394531,0.0
-187500.015625,-187500.015625,-187500.015625,-187500.015625,-187500.015625,-187500.015625,-187500.015625,-25808.0175781,0.0
-187500.015625,-187500.015625,-187500.015625,-187500.015625,-187500.015625,-187500.015625,-187500.015625,-25735.171875,0.0
-187500.015625,-187500.015625,-187500.015625,-187500.015625,-187500.015625,-187500.015625,-187500.015625,-25832.2460938,0.0
-187500.015625,-187500.015625,-187500.015625,-187500.015625,-187500.015625,-187500.015625,-187500.015625,-25921.453125,0.0
-187500.015625,-187500.015625,-187500.015625,-187500.015625,-187500.015625,-187500.015625,-187500.015625,-25826.078125,0.0
-187500.015625,-187500.015625,-187500.015625,-187500.015625,-187500.015625,-187500.015625,-187500.015625,-25731.2617188,0.0
-187500.015625,-187500.015625,-187500.015625,-187500.015625,-187500.015625,-187500.015625,-187500.015625,-25804.4414062,0.0
-187500.015625,-187500.015625,-187500.015625,-187500.015625,-187500.015625,-187500.015625,-187500.015625,-25914.5,0.0
-187500.015625,-187500.015625,-187500.015625,-187500.015625,-187500.015625,-187500.015625,-187500.015625,-25859.2695312,0.0
-187500.015625,-187500.015625,-187500.015625,-187500.015625,-187500.015625,-187500.015625,-187500.015625,-25739.53125,0.0
-187500.015625,-187500.015625,-187500.015625,-187500.015625,-187500.015625,-187500.015625,-187500.015625,-25780.3671875,0.0
-187500.015625,-187500.015625,-187500.015625,-187500.015625,-187500.015625,-187500.015625,-187500.015625,-25906.9238281,0.0
-187500.015625,-187500.015625,-187500.015625,-187500.015625,-187500.015625,-187500.015625,-187500.015625,-25881.6660156,0.0
-187500.015625,-187500.015625,-187500.015625,-187500.015625,-187500.015625,-187500.015625,-187500.015625,-25753.703125,0.0
-187500.015625,-187500.015625,-187500.015625,-187500.015625,-187500.015625,-187500.015625,-187500.015625,-25760.4296875,0.0
-187500.015625,-187500.015625,-187500.015625,-187500.015625,-187500.015625,-187500.015625,-187500.015625,-25888.7070312,0.0
-187500.015625,-187500.015625,-187500.015625,-187500.015625,-187500.015625,-187500.015625,-187500.015625,-25891.1425781,0.0
-187500.015625,-187500.015625,-187500.015625,-187500.015625,-187500.015625,-187500.015625,-187500.015625,-25757.9707031,0.0
-187500.015625,-187500.015625,-187500.015625,-187500.015625,-187500.015625,-187500.015625,-187500.015625,-25743.8671875,0.0
-187500.015625,-187500.015625,-187500.015625,-187500.015625,-187500.015625,-187500.015625,-187500.015625,-25870.5566406,0.0
-187500.015625,-187500.015625,-187500.015625,-187500.015625,-187500.015625,-187500.015625,-187500.015625,-25906.0527344,0.0
-187500.015625,-187500.015625,-187500.015625,-187500.015625,-187500.015625,-187500.015625,-187500.015625,-25788.28125,0.0
-187500.015625,-187500.015625,-187500.015625,-187500.015625,-187500.015625,-187500.015625,-187500.015625,-25736.4472656,0.0
-187500.015625,-187500.015625,-187500.015625,-187500.015625,-187500.015625,-187500.015625,-187500.015625,-25855.5371094,0.0
-187500.015625,-187500.015625,-187500.015625,-187500.015625,-187500.015625,-187500.015625,-187500.015625,-25920.7148438,0.0
-187500.015625,-187500.015625,-187500.015625,-187500.015625,-187500.015625,-187500.015625,-187500.015625,-25810.2753906,0.0
-187500.015625,-187500.015625,-187500.015625,-187500.015625,-187500.015625,-187500.015625,-187500.015625,-25733.8085938,0.0
-187500.015625,-187500.015625,-187500.015625,-187500.015625,-187500.015625,-187500.015625,-187500.015625,-25828.4921875,0.0
-187500.015625,-187500.015625,-187500.015625,-187500.015625,-187500.015625,-187500.015625,-187500.015625,-25920.0878906,0.0
-187500.015625,-187500.015625,-187500.015625,-187500.015625,-187500.015625,-187500.015625,-187500.015625,-25841.4550781,0.0
-187500.015625,-187500.015625,-187500.015625,-187500.015625,-187500.015625,-187500.015625,-187500.015625,-25742.6601562,0.0
-187500.015625,-187500.015625,-187500.015625,-187500.015625,-187500.015625,-187500.015625,-187500.015625,-25809.9160156,0.0
-187500.015625,-187500.015625,-187500.015625,-187500.015625,-187500.015625,-187500.015625,-187500.015625,-25919.015625,0.0
-187500.015625,-187500.015625,-187500.015625,-187500.015625,-187500.015625,-187500.015625,-187500.015625,-25872.9257812,0.0
-187500.015625,-187500.015625,-187500.015625,-187500.015625,-187500.015625,-187500.015625,-187500.015625,-25755.5566406,0.0
-187500.015625,-187500.015625,-187500.015625,-187500.015625,-187500.015625,-187500.015625,-187500.015625,-25790.0683594,0.0
-187500.015625,-187500.015625,-187500.015625,-187500.015625,-187500.015625,-187500.015625,-187500.015625,-25911.3261719,0.0
-187500.015625,-187500.015625,-187500.015625,-187500.015625,-187500.015625,-187500.015625,-187500.015625,-25884.6386719,0.0
-187500.015625,-187500.015625,-187500.015625,-187500.015625,-187500.015625,-187500.015625,-187500.015625,-25755.5136719,0.0
-187500.015625,-187500.015625,-187500.015625,-187500.015625,-187500.015625,-187500.015625,-187500.015625,-25762.0390625,0.0
-187500.015625,-187500.015625,-187500.015625,-187500.015625,-187500.015625,-187500.015625,-187500.015625,-25886.8730469,0.0
-187500.015625,-187500.015625,-187500.015625,-187500.015625,-187500.015625,-187500.015625,-187500.015625,-25897.0,0.0
-187500.015625,-187500.015625,-187500.015625,-187500.015625,-187500.015625,-187500.015625,-187500.015625,-25774.7578125,0.0
-187500.015625,-187500.015625,-187500.015625,-187500.015625,-187500.015625,-187500.015625,-187500.015625,-25749.9023438,0.0
-187500.015625,-187500.015625,-187500.015625,-187500.015625,-187500.015625,-187500.015625,-187500.015625,-25866.0859375,0.0
-187500.015625,-187500.015625,-187500.015625,-187500.015625,-187500.015625,-187500.015625,-187500.015625,-25912.6894531,0.0
-187500.015625,-187500.015625,-187500.015625,-187500.015625,-187500.015625,-187500.015625,-187500.015625,-25794.3164062,0.0
-187500.015625,-187500.015625,-187500.015625,-187500.015625,-187500.015625,-187500.015625,-187500.015625,-25732.5351562,0.0
-187500.015625,-187500.015625,-187500.015625,-187500.015625,-187500.015625,-187500.015625,-187500.015625,-25846.1269531,0.0
-187500.015625,-187500.015625,-187500.015625,-187500.015625,-187500.015625,-187500.015625,-187500.015625,-25921.8320312,0.0
-187500.015625,-187500.015625,-187500.015625,-187500.015625,-187500.015625,-187500.015625,-187500.015625,-25820.3320312,0.0
-187500.015625,-187500.015625,-187500.015625,-187500.015625,-187500.015625,-187500.015625,-187500.015625,-25734.4355469,0.0
-187500.015625,-187500.015625,-187500.015625,-187500.015625,-187500.015625,-187500.015625,-187500.015625,-25822.6582031,0.0
-187500.015625,-187500.015625,-187500.015625,-187500.015625,-187500.015625,-187500.015625,-187500.015625,-25929.1640625,0.0
-187500.015625,-187500.015625,-187500.015625,-187500.015625,-187500.015625,-187500.015625,-187500.015625,-25849.8378906,0.0
-187500.015625,-187500.015625,-187500.015625,-187500.015625,-187500.015625,-187500.015625,-187500.015625,-25747.265625,0.0
-187500.015625,-187500.015625,-187500.015625,-187500.015625,-187500.015625,-187500.015625,-187500.015625,-25809.9394531,0.0
-187500.015625,-187500.015625,-187500.015625,-187500.015625,-187500.015625,-187500.015625,-187500.015625,-25920.6035156,0.0
-187500.015625,-187500.015625,-187500.015625,-187500.015625,-187500.015625,-187500.015625,-187500.015625,-25871.6972656,0.0
-187500.015625,-187500.015625,-187500.015625,-187500.015625,-187500.015625,-187500.015625,-187500.015625,-25762.2636719,0.0
-187500.015625,-187500.015625,-187500.015625,-187500.015625,-187500.015625,-187500.015625,-187500.015625,-25799.2558594,0.0
-187500.015625,-187500.015625,-187500.015625,-187500.015625,-187500.015625,-187500.015625,-187500.015625,-25922.0546875,0.0
-187500.015625,-187500.015625,-187500.015625,-187500.015625,-187500.015625,-187500.015625,-187500.015625,-25914.65625,0.0
-187500.015625,-187500.015625,-187500.015625,-187500.015625,-187500.015625,-187500.015625,-187500.015625,-25793.2207031,0.0
-187500.015625,-187500.015625,-187500.015625,-187500.015625,-187500.015625,-187500.015625,-187500.015625,-25791.3417969,0.0
-187500.015625,-187500.015625,-187500.015625,-187500.015625,-187500.015625,-187500.015625,-187500.015625,-25920.9160156,0.0
-187500.015625,-187500.015625,-187500.015625,-187500.015625,-187500.015625,-187500.015625,-187500.015625,-25934.2148438,0.0
-187500.015625,-187500.015625,-187500.015625,-187500.015625,-187500.015625,-187500.015625,-187500.015625,-25808.3964844,0.0
-187500.015625,-187500.015625,-187500.015625,-187500.015625,-187500.015625,-187500.015625,-187500.015625,-25767.9179688,0.0
-187500.015625,-187500.015625,-187500.015625,-187500.015625,-187500.015625,-187500.015625,-187500.015625,-25884.1914062,0.0
-187500.015625,-187500.015625,-187500.015625,-187500.015625,-187500.015625,-187500.015625,-187500.015625,-25928.9394531,0.0
-187500.015625,-187500.015625,-187500.015625,-187500.015625,-187500.015625,-187500.015625,-187500.015625,-25812.2871094,0.0
-187500.015625,-187500.015625,-187500.015625,-187500.015625,-187500.015625,-187500.015625,-187500.015625,-25744.4492188,0.0
-187500.015625,-187500.015625,-187500.015625,-187500.015625,-187500.015625,-187500.015625,-187500.015625,-25841.9023438,0.0
-187500.015625,-187500.015625,-187500.015625,-187500.015625,-187500.015625,-187500.015625,-187500.015625,-25913.3828125,0.0
-187500.015625,-187500.015625,-187500.015625,-187500.015625,-187500.015625,-187500.015625,-187500.015625,-25820.6914062,0.0
-187500.015625,-187500.015625,-187500.015625,-187500.015625,-187500.015625,-187500.015625,-187500.015625,-25732.6464844,0.0
-187500.015625,-187500.015625,-187500.015625,-187500.015625,-187500.015625,-187500.015625,-187500.015625,-25813.2929688,0.0
-187500.015625,-187500.015625,-187500.015625,-187500.015625,-187500.015625,-187500.015625,-187500.015625,-25912.0859375,0.0
-187500.015625,-187500.015625,-187500.015625,-187500.015625,-187500.015625,-187500.015625,-187500.015625,-25850.84375,0.0
-187500.015625,-187500.015625,-187500.015625,-187500.015625,-187500.015625,-187500.015625,-187500.015625,-25744.8515625,0.0
-187500.015625,-187500.015625,-187500.015625,-187500.015625,-187500.015625,-187500.015625,-187500.015625,-25799.1875,0.0
-187500.015625,-187500.015625,-187500.015625,-187500.015625,-187500.015625,-187500.015625,-187500.015625,-25921.1386719,0.0
-187500.015625,-187500.015625,-187500.015625,-187500.015625,-187500.015625,-187500.015625,-187500.015625,-25881.8007812,0.0
-187500.015625,-187500.015625,-187500.015625,-187500.015625,-187500.015625,-187500.015625,-187500.015625,-25762.2636719,0.0
-187500.015625,-187500.015625,-187500.015625,-187500.015625,-187500.015625,-187500.015625,-187500.015625,-25787.9003906,0.0
-187500.015625,-187500.015625,-187500.015625,-187500.015625,-187500.015625,-187500.015625,-187500.015625,-25917.9882812,0.0
-187500.015625,-187500.015625,-187500.015625,-187500.015625,-187500.015625,-187500.015625,-187500.015625,-25908.2871094,0.0
-187500.015625,-187500.015625,-187500.015625,-187500.015625,-187500.015625,-187500.015625,-187500.015625,-25776.1660156,0.0
-187500.015625,-187500.015625,-187500.015625,-187500.015625,-187500.015625,-187500.015625,-187500.015625,-25762.9785156,0.0
-187500.015625,-187500.015625,-187500.015625,-187500.015625,-187500.015625,-187500.015625,-187500.015625,-25894.1835938,0.0
-187500.015625,-187500.015625,-187500.015625,-187500.015625,-187500.015625,-187500.015625,-187500.015625,-25922.1230469,0.0
-187500.015625,-187500.015625,-187500.015625,-187500.015625,-187500.015625,-187500.015625,-187500.015625,-25794.2929688,0.0
-187500.015625,-187500.015625,-187500.015625,-187500.015625,-187500.015625,-187500.015625,-187500.015625,-25752.71875,0.0
-187500.015625,-187500.015625,-187500.015625,-187500.015625,-187500.015625,-187500.015625,-187500.015625,-25863.4042969,0.0
-187500.015625,-187500.015625,-187500.015625,-187500.015625,-187500.015625,-187500.015625,-187500.015625,-25921.1386719,0.0
-187500.015625,-187500.015625,-187500.015625,-187500.015625,-187500.015625,-187500.015625,-187500.015625,-25810.6992188,0.0
-187500.015625,-187500.015625,-187500.015625,-187500.015625,-187500.015625,-187500.015625,-187500.015625,-25741.296875,0.0
-187500.015625,-187500.015625,-187500.015625,-187500.015625,-187500.015625,-187500.015625,-187500.015625,-25840.8300781,0.0
-187500.015625,-187500.015625,-187500.015625,-187500.015625,-187500.015625,-187500.015625,-187500.015625,-25923.9101562,0.0
-187500.015625,-187500.015625,-187500.015625,-187500.015625,-187500.015625,-187500.015625,-187500.015625,-25830.4140625,0.0
-187500.015625,-187500.015625,-187500.015625,-187500.015625,-187500.015625,-187500.015625,-187500.015625,-25734.0996094,0.0
-187500.015625,-187500.015625,-187500.015625,-187500.015625,-187500.015625,-187500.015625,-187500.015625,-25812.9785156,0.0
-187500.015625,-187500.015625,-187500.015625,-187500.015625,-187500.015625,-187500.015625,-187500.015625,-25918.0546875,0.0
-187500.015625,-187500.015625,-187500.015625,-187500.015625,-187500.015625,-187500.015625,-187500.015625,-25851.625,0.0
-187500.015625,-187500.015625,-187500.015625,-187500.015625,-187500.015625,-187500.015625,-187500.015625,-25740.8046875,0.0
-187500.015625,-187500.015625,-187500.015625,-187500.015625,-187500.015625,-187500.015625,-187500.015625,-25790.1347656,0.0
-187500.015625,-187500.015625,-187500.015625,-187500.015625,-187500.015625,-187500.015625,-187500.015625,-25916.7128906,0.0
-187500.015625,-187500.015625,-187500.015625,-187500.015625,-187500.015625,-187500.015625,-187500.015625,-25886.046875,0.0
-187500.015625,-187500.015625,-187500.015625,-187500.015625,-187500.015625,-187500.015625,-187500.015625,-25764.8105469,0.0
-187500.015625,-187500.015625,-187500.015625,-187500.015625,-187500.015625,-187500.015625,-187500.015625,-25785.3964844,0.0
-187500.015625,-187500.015625,-187500.015625,-187500.015625,-187500.015625,-187500.015625,-187500.015625,-25919.015625,0.0
-187500.015625,-187500.015625,-187500.015625,-187500.015625,-187500.015625,-187500.015625,-187500.015625,-25922.9726562,0.0
-187500.015625,-187500.015625,-187500.015625,-187500.015625,-187500.015625,-187500.015625,-187500.015625,-25792.125,0.0
-187500.015625,-187500.015625,-187500.015625,-187500.015625,-187500.015625,-187500.015625,-187500.015625,-25772.5449219,0.0
-187500.015625,-187500.015625,-187500.015625,-187500.015625,-187500.015625,-187500.015625,-187500.015625,-25898.8320312,0.0
-187500.015625,-187500.015625,-187500.015625,-187500.015625,-187500.015625,-187500.015625,-187500.015625,-25927.5546875,0.0
-187500.015625,-187500.015625,-187500.015625,-187500.015625,-187500.015625,-187500.015625,-187500.015625,-25802.71875,0.0
-187500.015625,-187500.015625,-187500.015625,-187500.015625,-187500.015625,-187500.015625,-187500.015625,-25750.3945312,0.0
-187500.015625,-187500.015625,-187500.015625,-187500.015625,-187500.015625,-187500.015625,-187500.015625,-25869.9980469,0.0
-187500.015625,-187500.015625,-187500.015625,-187500.015625,-187500.015625,-187500.015625,-187500.015625,-25924.0449219,0.0
-187500.015625,-187500.015625,-187500.015625,-187500.015625,-187500.015625,-187500.015625,-187500.015625,-25814.7890625,0.0
-187500.015625,-187500.015625,-187500.015625,-187500.015625,-187500.015625,-187500.015625,-187500.015625,-25736.2675781,0.0
-187500.015625,-187500.015625,-187500.015625,-187500.015625,-187500.015625,-187500.015625,-187500.015625,-25837.5429688,0.0
-187500.015625,-187500.015625,-187500.015625,-187500.015625,-187500.015625,-187500.015625,-187500.015625,-25922.7929688,0.0
-187500.015625,-187500.015625,-187500.015625,-187500.015625,-187500.015625,-187500.015625,-187500.015625,-25831.9785156,0.0
-187500.015625,-187500.015625,-187500.015625,-187500.015625,-187500.015625,-187500.015625,-187500.015625,-25732.4453125,0.0
-187500.015625,-187500.015625,-187500.015625,-187500.015625,-187500.015625,-187500.015625,-187500.015625,-25794.4492188,0.0
-187500.015625,-187500.015625,-187500.015625,-187500.015625,-187500.015625,-187500.015625,-187500.015625,-25909.2929688,0.0
-187500.015625,-187500.015625,-187500.015625,-187500.015625,-187500.015625,-187500.015625,-187500.015625,-25858.3300781,0.0
-187500.015625,-187500.015625,-187500.015625,-187500.015625,-187500.015625,-187500.015625,-187500.015625,-25739.1074219,0.0
-187500.015625,-187500.015625,-187500.015625,-187500.015625,-187500.015625,-187500.015625,-187500.015625,-25777.2382812,0.0
-187500.015625,-187500.015625,-187500.015625,-187500.015625,-187500.015625,-187500.015625,-187500.015625,-25903.6816406,0.0
-187500.015625,-187500.015625,-187500.015625,-187500.015625,-187500.015625,-187500.015625,-187500.015625,-25882.7382812,0.0
-187500.015625,-187500.015625,-187500.015625,-187500.015625,-187500.015625,-187500.015625,-187500.015625,-25755.2675781,0.0
-187500.015625,-187500.015625,-187500.015625,-187500.015625,-187500.015625,-187500.015625,-187500.015625,-25767.5605469,0.0
-187500.015625,-187500.015625,-187500.015625,-187500.015625,-187500.015625,-187500.015625,-187500.015625,-25893.5117188,0.0
-187500.015625,-187500.015625,-187500.015625,-187500.015625,-187500.015625,-187500.015625,-187500.015625,-25898.8320312,0.0
-187500.015625,-187500.015625,-187500.015625,-187500.015625,-187500.015625,-187500.015625,-187500.015625,-25773.0136719,0.0
-187500.015625,-187500.015625,-187500.015625,-187500.015625,-187500.015625,-187500.015625,-187500.015625,-25747.109375,0.0
-187500.015625,-187500.015625,-187500.015625,-187500.015625,-187500.015625,-187500.015625,-187500.015625,-25870.1992188,0.0
-187500.015625,-187500.015625,-187500.015625,-187500.015625,-187500.015625,-187500.015625,-187500.015625,-25915.5058594,0.0
-187500.015625,-187500.015625,-187500.015625,-187500.015625,-187500.015625,-187500.015625,-187500.015625,-25798.09375,0.0
-187500.015625,-187500.015625,-187500.015625,-187500.015625,-187500.015625,-187500.015625,-187500.015625,-25745.1640625,0.0
-187500.015625,-187500.015625,-187500.015625,-187500.015625,-187500.015625,-187500.015625,-187500.015625,-25855.0234375,0.0
-187500.015625,-187500.015625,-187500.015625,-187500.015625,-187500.015625,-187500.015625,-187500.015625,-25925.3632812,0.0
-187500.015625,-187500.015625,-187500.015625,-187500.015625,-187500.015625,-187500.015625,-187500.015625,-25822.3007812,0.0
-187500.015625,-187500.015625,-187500.015625,-187500.015625,-187500.015625,-187500.015625,-187500.015625,-25740.7167969,0.0
-187500.015625,-187500.015625,-187500.015625,-187500.015625,-187500.015625,-187500.015625,-187500.015625,-25824.4238281,0.0
-187500.015625,-187500.015625,-187500.015625,-187500.015625,-187500.015625,-187500.015625,-187500.015625,-25918.4785156,0.0
-187500.015625,-187500.015625,-187500.015625,-187500.015625,-187500.015625,-187500.015625,-187500.015625,-25835.2871094,0.0
-187500.015625,-187500.015625,-187500.015625,-187500.015625,-187500.015625,-187500.015625,-187500.015625,-25729.5839844,0.0
-187500.015625,-187500.015625,-187500.015625,-187500.015625,-187500.015625,-187500.015625,-187500.015625,-25796.3261719,0.0
-187500.015625,-187500.015625,-187500.015625,-187500.015625,-187500.015625,-187500.015625,-187500.015625,-25908.1074219,0.0
-187500.015625,-187500.015625,-187500.015625,-187500.015625,-187500.015625,-187500.015625,-187500.015625,-25854.375,0.0
-187500.015625,-187500.015625,-187500.015625,-187500.015625,-187500.015625,-187500.015625,-187500.015625,-25738.9492188,0.0
-187500.015625,-187500.015625,-187500.015625,-187500.015625,-187500.015625,-187500.015625,-187500.015625,-25776.9257812,0.0
-187500.015625,-187500.015625,-187500.015625,-187500.015625,-187500.015625,-187500.015625,-187500.015625,-25902.9003906,0.0
-187500.015625,-187500.015625,-187500.015625,-187500.015625,-187500.015625,-187500.015625,-187500.015625,-25882.359375,0.0
-187500.015625,-187500.015625,-187500.015625,-187500.015625,-187500.015625,-187500.015625,-187500.015625,-25755.8027344,0.0
-187500.015625,-187500.015625,-187500.015625,-187500.015625,-187500.015625,-187500.015625,-187500.015625,-25757.8378906,0.0
-187500.015625,-187500.015625,-187500.015625,-187500.015625,-187500.015625,-187500.015625,-187500.015625,-25886.6953125,0.0
-187500.015625,-187500.015625,-187500.015625,-187500.015625,-187500.015625,-187500.015625,-187500.015625,-25900.1289062,0.0
-187500.015625,-187500.015625,-187500.015625,-187500.015625,-187500.015625,-187500.015625,-187500.015625,-25775.2949219,0.0
-187500.015625,-187500.015625,-187500.015625,-187500.015625,-187500.015625,-187500.015625,-187500.015625,-25741.9453125,0.0
-187500.015625,-187500.015625,-187500.015625,-187500.015625,-187500.015625,-187500.015625,-187500.015625,-25862.0195312,0.0
-187500.015625,-187500.015625,-187500.015625,-187500.015625,-187500.015625,-187500.015625,-187500.015625,-25906.8339844,0.0
-187500.015625,-187500.015625,-187500.015625,-187500.015625,-187500.015625,-187500.015625,-187500.015625,-25793.109375,0.0
-187500.015625,-187500.015625,-187500.015625,-187500.015625,-187500.015625,-187500.015625,-187500.015625,-25729.6972656,0.0
-187500.015625,-187500.015625,-187500.015625,-187500.015625,-187500.015625,-187500.015625,-187500.015625,-25837.3203125,0.0
-187500.015625,-187500.015625,-187500.015625,-187500.015625,-187500.015625,-187500.015625,-187500.015625,-25912.8476562,0.0
-187500.015625,-187500.015625,-187500.015625,-187500.015625,-187500.015625,-187500.015625,-187500.015625,-25810.1621094,0.0
-187500.015625,-187500.015625,-187500.015625,-187500.015625,-187500.015625,-187500.015625,-187500.015625,-25724.5996094,0.0
-187500.015625,-187500.015625,-187500.015625,-187500.015625,-187500.015625,-187500.015625,-187500.015625,-25818.1425781,0.0
-187500.015625,-187500.015625,-187500.015625,-187500.015625,-187500.015625,-187500.015625,-187500.015625,-25923.0175781,0.0
-187500.015625,-187500.015625,-187500.015625,-187500.015625,-187500.015625,-187500.015625,-187500.015625,-25849.546875,0.0
-187500.015625,-187500.015625,-187500.015625,-187500.015625,-187500.015625,-187500.015625,-187500.015625,-25737.3847656,0.0
-187500.015625,-187500.015625,-187500.015625,-187500.015625,-187500.015625,-187500.015625,-187500.015625,-25792.1699219,0.0
-187500.015625,-187500.015625,-187500.015625,-187500.015625,-187500.015625,-187500.015625,-187500.015625,-25911.953125,0.0
-187500.015625,-187500.015625,-187500.015625,-187500.015625,-187500.015625,-187500.015625,-187500.015625,-25870.0429688,0.0
-187500.015625,-187500.015625,-187500.015625,-187500.015625,-187500.015625,-187500.015625,-187500.015625,-25745.6328125,0.0
-187500.015625,-187500.015625,-187500.015625,-187500.015625,-187500.015625,-187500.015625,-187500.015625,-25773.8632812,0.0
-187500.015625,-187500.015625,-187500.015625,-187500.015625,-187500.015625,-187500.015625,-187500.015625,-25898.4960938,0.0
-187500.015625,-187500.015625,-187500.015625,-187500.015625,-187500.015625,-187500.015625,-187500.015625,-25887.5214844,0.0
-187500.015625,-187500.015625,-187500.015625,-187500.015625,-187500.015625,-187500.015625,-187500.015625,-25764.8789062,0.0
-187500.015625,-187500.015625,-187500.015625,-187500.015625,-187500.015625,-187500.015625,-187500.015625,-25757.4570312,0.0
-187500.015625,-187500.015625,-187500.015625,-187500.015625,-187500.015625,-187500.015625,-187500.015625,-25884.4375,0.0
-187500.015625,-187500.015625,-187500.015625,-187500.015625,-187500.015625,-187500.015625,-187500.015625,-25903.078125,0.0
-187500.015625,-187500.015625,-187500.015625,-187500.015625,-187500.015625,-187500.015625,-187500.015625,-25780.8378906,0.0
-187500.015625,-187500.015625,-187500.015625,-187500.015625,-187500.015625,-187500.015625,-187500.015625,-25747.3535156,0.0
-187500.015625,-187500.015625,-187500.015625,-187500.015625,-187500.015625,-187500.015625,-187500.015625,-25865.7734375,0.0
-187500.015625,-187500.015625,-187500.015625,-187500.015625,-187500.015625,-187500.015625,-187500.015625,-25912.8242188,0.0
-187500.015625,-187500.015625,-187500.015625,-187500.015625,-187500.015625,-187500.015625,-187500.015625,-25799.0097656,0.0
-187500.015625,-187500.015625,-187500.015625,-187500.015625,-187500.015625,-187500.015625,-187500.015625,-25733.4511719,0.0
-187500.015625,-187500.015625,-187500.015625,-187500.015625,-187500.015625,-187500.015625,-187500.015625,-25835.9785156,0.0
-187500.015625,-187500.015625,-187500.015625,-187500.015625,-187500.015625,-187500.015625,-187500.015625,-25914.7460938,0.0
-187500.015625,-187500.015625,-187500.015625,-187500.015625,-187500.015625,-187500.015625,-187500.015625,-25817.6953125,0.0
-187500.015625,-187500.015625,-187500.015625,-187500.015625,-187500.015625,-187500.015625,-187500.015625,-25728.4667969,0.0
-187500.015625,-187500.015625,-187500.015625,-187500.015625,-187500.015625,-187500.015625,-187500.015625,-25808.7988281,0.0
-187500.015625,-187500.015625,-187500.015625,-187500.015625,-187500.015625,-187500.015625,-187500.015625,-25909.2695312,0.0
-187500.015625,-187500.015625,-187500.015625,-187500.015625,-187500.015625,-187500.015625,-187500.015625,-25838.5273438,0.0
-187500.015625,-187500.015625,-187500.015625,-187500.015625,-187500.015625,-187500.015625,-187500.015625,-25735.8886719,0.0
-187500.015625,-187500.015625,-187500.015625,-187500.015625,-187500.015625,-187500.015625,-187500.015625,-25787.4765625,0.0
-187500.015625,-187500.015625,-187500.015625,-187500.015625,-187500.015625,-187500.015625,-187500.015625,-25904.2636719,0.0
-187500.015625,-187500.015625,-187500.015625,-187500.015625,-187500.015625,-187500.015625,-187500.015625,-25865.3046875,0.0
-187500.015625,-187500.015625,-187500.015625,-187500.015625,-187500.015625,-187500.015625,-187500.015625,-25743.3320312,0.0
-187500.015625,-187500.015625,-187500.015625,-187500.015625,-187500.015625,-187500.015625,-187500.015625,-25759.5351562,0.0
-187500.015625,-187500.015625,-187500.015625,-187500.015625,-187500.015625,-187500.015625,-187500.015625,-25889.4003906,0.0
-187500.015625,-187500.015625,-187500.015625,-187500.015625,-187500.015625,-187500.015625,-187500.015625,-25888.5957031,0.0
-187500.015625,-187500.015625,-187500.015625,-187500.015625,-187500.015625,-187500.015625,-187500.015625,-25758.9335938,0.0
-187500.015625,-187500.015625,-187500.015625,-187500.015625,-187500.015625,-187500.015625,-187500.015625,-25742.5488281,0.0
-187500.015625,-187500.015625,-187500.015625,-187500.015625,-187500.015625,-187500.015625,-187500.015625,-25870.6699219,0.0
-187500.015625,-187500.015625,-187500.015625,-187500.015625,-187500.015625,-187500.015625,-187500.015625,-25898.3398438,0.0
-187500.015625,-187500.015625,-187500.015625,-187500.015625,-187500.015625,-187500.015625,-187500.015625,-25775.8535156,0.0
-187500.015625,-187500.015625,-187500.015625,-187500.015625,-187500.015625,-187500.015625,-187500.015625,-25733.1835938,0.0
-187500.015625,-187500.015625,-187500.015625,-187500.015625,-187500.015625,-187500.015625,-187500.015625,-25849.4121094,0.0
-187500.015625,-187500.015625,-187500.015625,-187500.015625,-187500.015625,-187500.015625,-187500.015625,-25908.8242188,0.0
-187500.015625,-187500.015625,-187500.015625,-187500.015625,-187500.015625,-187500.015625,-187500.015625,-25802.7421875,0.0
-187500.015625,-187500.015625,-187500.015625,-187500.015625,-187500.015625,-187500.015625,-187500.015625,-25728.5351562,0.0
-187500.015625,-187500.015625,-187500.015625,-187500.015625,-187500.015625,-187500.015625,-187500.015625,-25829.0507812,0.0
-187500.015625,-187500.015625,-187500.015625,-187500.015625,-187500.015625,-187500.015625,-187500.015625,-25920.7597656,0.0
-187500.015625,-187500.015625,-187500.015625,-187500.015625,-187500.015625,-187500.015625,-187500.015625,-25834.2363281,0.0
-187500.015625,-187500.015625,-187500.015625,-187500.015625,-187500.015625,-187500.015625,-187500.015625,-25737.6308594,0.0
-187500.015625,-187500.015625,-187500.015625,-187500.015625,-187500.015625,-187500.015625,-187500.015625,-25810.3183594,0.0
-187500.015625,-187500.015625,-187500.015625,-187500.015625,-187500.015625,-187500.015625,-187500.015625,-25918.390625,0.0
-187500.015625,-187500.015625,-187500.015625,-187500.015625,-187500.015625,-187500.015625,-187500.015625,-25859.4042969,0.0
-187500.015625,-187500.015625,-187500.015625,-187500.015625,-187500.015625,-187500.015625,-187500.015625,-25743.1972656,0.0
-187500.015625,-187500.015625,-187500.015625,-187500.015625,-187500.015625,-187500.015625,-187500.015625,-25789.6445312,0.0
-187500.015625,-187500.015625,-187500.015625,-187500.015625,-187500.015625,-187500.015625,-187500.015625,-25913.2929688,0.0
-187500.015625,-187500.015625,-187500.015625,-187500.015625,-187500.015625,-187500.015625,-187500.015625,-25886.9179688,0.0
-187500.015625,-187500.015625,-187500.015625,-187500.015625,-187500.015625,-187500.015625,-187500.015625,-25758.4628906,0.0
-187500.015625,-187500.015625,-187500.015625,-187500.015625,-187500.015625,-187500.015625,-187500.015625,-25770.1523438,0.0
-187500.015625,-187500.015625,-187500.015625,-187500.015625,-187500.015625,-187500.015625,-187500.015625,-25895.4355469,0.0
-187500.015625,-187500.015625,-187500.015625,-187500.015625,-187500.015625,-187500.015625,-187500.015625,-25892.6640625,0.0
-187500.015625,-187500.015625,-187500.015625,-187500.015625,-187500.015625,-187500.015625,-187500.015625,-25764.2753906,0.0
-187500.015625,-187500.015625,-187500.015625,-187500.015625,-187500.015625,-187500.015625,-187500.015625,-25746.7949219,0.0
-187500.015625,-187500.015625,-187500.015625,-187500.015625,-187500.015625,-187500.015625,-187500.015625,-25868.1660156,0.0
-187500.015625,-187500.015625,-187500.015625,-187500.015625,-187500.015625,-187500.015625,-187500.015625,-25902.2519531,0.0
-187500.015625,-187500.015625,-187500.015625,-187500.015625,-187500.015625,-187500.015625,-187500.015625,-25779.9648438,0.0
-187500.015625,-187500.015625,-187500.015625,-187500.015625,-187500.015625,-187500.015625,-187500.015625,-25723.5722656,0.0
-187500.015625,-187500.015625,-187500.015625,-187500.015625,-187500.015625,-187500.015625,-187500.015625,-25839.421875,0.0
-187500.015625,-187500.015625,-187500.015625,-187500.015625,-187500.015625,-187500.015625,-187500.015625,-25905.5820312,0.0
-187500.015625,-187500.015625,-187500.015625,-187500.015625,-187500.015625,-187500.015625,-187500.015625,-25797.9355469,0.0
-187500.015625,-187500.015625,-187500.015625,-187500.015625,-187500.015625,-187500.015625,-187500.015625,-25719.4824219,0.0
-187500.015625,-187500.015625,-187500.015625,-187500.015625,-187500.015625,-187500.015625,-187500.015625,-25815.2363281,0.0
-187500.015625,-187500.015625,-187500.015625,-187500.015625,-187500.015625,-187500.015625,-187500.015625,-25916.2226562,0.0
-187500.015625,-187500.015625,-187500.015625,-187500.015625,-187500.015625,-187500.015625,-187500.015625,-25832.9609375,0.0
-187500.015625,-187500.015625,-187500.015625,-187500.015625,-187500.015625,-187500.015625,-187500.015625,-25733.3847656,0.0
-187500.015625,-187500.015625,-187500.015625,-187500.015625,-187500.015625,-187500.015625,-187500.015625,-25802.9882812,0.0
-187500.015625,-187500.015625,-187500.015625,-187500.015625,-187500.015625,-187500.015625,-187500.015625,-25912.4453125,0.0
-187500.015625,-187500.015625,-187500.015625,-187500.015625,-187500.015625,-187500.015625,-187500.015625,-25852.0722656,0.0
-187500.015625,-187500.015625,-187500.015625,-187500.015625,-187500.015625,-187500.015625,-187500.015625,-25738.8613281,0.0
-187500.015625,-187500.015625,-187500.015625,-187500.015625,-187500.015625,-187500.015625,-187500.015625,-25779.1386719,0.0
-187500.015625,-187500.015625,-187500.015625,-187500.015625,-187500.015625,-187500.015625,-187500.015625,-25901.8496094,0.0
-187500.015625,-187500.015625,-187500.015625,-187500.015625,-187500.015625,-187500.015625,-187500.015625,-25881.2851562,0.0
-187500.015625,-187500.015625,-187500.015625,-187500.015625,-187500.015625,-187500.015625,-187500.015625,-25754.0605469,0.0
-187500.015625,-187500.015625,-187500.015625,-187500.015625,-187500.015625,-187500.015625,-187500.015625,-25760.5195312,0.0
-187500.015625,-187500.015625,-187500.015625,-187500.015625,-187500.015625,-187500.015625,-187500.015625,-25887.8789062,0.0
-187500.015625,-187500.015625,-187500.015625,-187500.015625,-187500.015625,-187500.015625,-187500.015625,-25892.015625,0.0
-187500.015625,-187500.015625,-187500.015625,-187500.015625,-187500.015625,-187500.015625,-187500.015625,-25766.2421875,0.0
-187500.015625,-187500.015625,-187500.015625,-187500.015625,-187500.015625,-187500.015625,-187500.015625,-25742.6835938,0.0
-187500.015625,-187500.015625,-187500.015625,-187500.015625,-187500.015625,-187500.015625,-187500.015625,-25865.6171875,0.0
-187500.015625,-187500.015625,-187500.015625,-187500.015625,-187500.015625,-187500.015625,-187500.015625,-25904.6875,0.0
-187500.015625,-187500.015625,-187500.015625,-187500.015625,-187500.015625,-187500.015625,-187500.015625,-25787.4082031,0.0
-187500.015625,-187500.015625,-187500.015625,-187500.015625,-187500.015625,-187500.015625,-187500.015625,-25723.9746094,0.0
-187500.015625,-187500.015625,-187500.015625,-187500.015625,-187500.015625,-187500.015625,-187500.015625,-25833.9667969,0.0
-187500.015625,-187500.015625,-187500.015625,-187500.015625,-187500.015625,-187500.015625,-187500.015625,-25906.6992188,0.0
-187500.015625,-187500.015625,-187500.015625,-187500.015625,-187500.015625,-187500.015625,-187500.015625,-25808.5097656,0.0
-187500.015625,-187500.015625,-187500.015625,-187500.015625,-187500.015625,-187500.015625,-187500.015625,-25721.7402344,0.0
-187500.015625,-187500.015625,-187500.015625,-187500.015625,-187500.015625,-187500.015625,-187500.015625,-25810.8789062,0.0
-187500.015625,-187500.015625,-187500.015625,-187500.015625,-187500.015625,-187500.015625,-187500.015625,-25914.5449219,0.0
-187500.015625,-187500.015625,-187500.015625,-187500.015625,-187500.015625,-187500.015625,-187500.015625,-25838.0800781,0.0
-187500.015625,-187500.015625,-187500.015625,-187500.015625,-187500.015625,-187500.015625,-187500.015625,-25733.4296875,0.0
-187500.015625,-187500.015625,-187500.015625,-187500.015625,-187500.015625,-187500.015625,-187500.015625,-25800.3730469,0.0
-187500.015625,-187500.015625,-187500.015625,-187500.015625,-187500.015625,-187500.015625,-187500.015625,-25918.3222656,0.0
-187500.015625,-187500.015625,-187500.015625,-187500.015625,-187500.015625,-187500.015625,-187500.015625,-25872.0996094,0.0
-187500.015625,-187500.015625,-187500.015625,-187500.015625,-187500.015625,-187500.015625,-187500.015625,-25750.8632812,0.0
-187500.015625,-187500.015625,-187500.015625,-187500.015625,-187500.015625,-187500.015625,-187500.015625,-25783.6757812,0.0
-187500.015625,-187500.015625,-187500.015625,-187500.015625,-187500.015625,-187500.015625,-187500.015625,-25903.1464844,0.0
-187500.015625,-187500.015625,-187500.015625,-187500.015625,-187500.015625,-187500.015625,-187500.015625,-25887.8359375,0.0
-187500.015625,-187500.015625,-187500.015625,-187500.015625,-187500.015625,-187500.015625,-187500.015625,-25760.7207031,0.0
-187500.015625,-187500.015625,-187500.015625,-187500.015625,-187500.015625,-187500.015625,-187500.015625,-25755.6015625,0.0
-187500.015625,-187500.015625,-187500.015625,-187500.015625,-187500.015625,-187500.015625,-187500.015625,-25883.3417969,0.0
-187500.015625,-187500.015625,-187500.015625,-187500.015625,-187500.015625,-187500.015625,-187500.015625,-25899.9941406,0.0
-187500.015625,-187500.015625,-187500.015625,-187500.015625,-187500.015625,-187500.015625,-187500.015625,-25768.0078125,0.0
-187500.015625,-187500.015625,-187500.015625,-187500.015625,-187500.015625,-187500.015625,-187500.015625,-25730.9707031,0.0
-187500.015625,-187500.015625,-187500.015625,-187500.015625,-187500.015625,-187500.015625,-187500.015625,-25851.8261719,0.0
-187500.015625,-187500.015625,-187500.015625,-187500.015625,-187500.015625,-187500.015625,-187500.015625,-25901.6035156,0.0
-187500.015625,-187500.015625,-187500.015625,-187500.015625,-187500.015625,-187500.015625,-187500.015625,-25784.7714844,0.0
-187500.015625,-187500.015625,-187500.015625,-187500.015625,-187500.015625,-187500.015625,-187500.015625,-25728.3339844,0.0
-187500.015625,-187500.015625,-187500.015625,-187500.015625,-187500.015625,-187500.015625,-187500.015625,-25836.7617188,0.0
-187500.015625,-187500.015625,-187500.015625,-187500.015625,-187500.015625,-187500.015625,-187500.015625,-25910.6347656,0.0
-187500.015625,-187500.015625,-187500.015625,-187500.015625,-187500.015625,-187500.015625,-187500.015625,-25815.2363281,0.0
-187500.015625,-187500.015625,-187500.015625,-187500.015625,-187500.015625,-187500.015625,-187500.015625,-25723.125,0.0
-187500.015625,-187500.015625,-187500.015625,-187500.015625,-187500.015625,-187500.015625,-187500.015625,-25810.3632812,0.0
-187500.015625,-187500.015625,-187500.015625,-187500.015625,-187500.015625,-187500.015625,-187500.015625,-25908.1757812,0.0
-187500.015625,-187500.015625,-187500.015625,-187500.015625,-187500.015625,-187500.015625,-187500.015625,-25837.0078125,0.0
-187500.015625,-187500.015625,-187500.015625,-187500.015625,-187500.015625,-187500.015625,-187500.015625,-25727.3046875,0.0
-187500.015625,-187500.015625,-187500.015625,-187500.015625,-187500.015625,-187500.015625,-187500.015625,-25784.6152344,0.0
-187500.015625,-187500.015625,-187500.015625,-187500.015625,-187500.015625,-187500.015625,-187500.015625,-25905.3808594,0.0
-187500.015625,-187500.015625,-187500.015625,-187500.015625,-187500.015625,-187500.015625,-187500.015625,-25865.5058594,0.0
-187500.015625,-187500.015625,-187500.015625,-187500.015625,-187500.015625,-187500.015625,-187500.015625,-25739.9121094,0.0
-187500.015625,-187500.015625,-187500.015625,-187500.015625,-187500.015625,-187500.015625,-187500.015625,-25766.7558594,0.0
-187500.015625,-187500.015625,-187500.015625,-187500.015625,-187500.015625,-187500.015625,-187500.015625,-25899.6816406,0.0
-187500.015625,-187500.015625,-187500.015625,-187500.015625,-187500.015625,-187500.015625,-187500.015625,-25886.2480469,0.0
-187500.015625,-187500.015625,-187500.015625,-187500.015625,-187500.015625,-187500.015625,-187500.015625,-25754.0605469,0.0
-187500.015625,-187500.015625,-187500.015625,-187500.015625,-187500.015625,-187500.015625,-187500.015625,-25744.1796875,0.0
-187500.015625,-187500.015625,-187500.015625,-187500.015625,-187500.015625,-187500.015625,-187500.015625,-25874.2011719,0.0
-187500.015625,-187500.015625,-187500.015625,-187500.015625,-187500.015625,-187500.015625,-187500.015625,-25899.8378906,0.0
-187500.015625,-187500.015625,-187500.015625,-187500.015625,-187500.015625,-187500.015625,-187500.015625,-25776.6796875,0.0
-187500.015625,-187500.015625,-187500.015625,-187500.015625,-187500.015625,-187500.015625,-187500.015625,-25737.9882812,0.0
