Canal_1,Canal_2,Canal_3,Canal_4,Canal_5,Canal_6,Canal_7,Canal_8,Canal_9
0.0,0.0,0.0,0.0,0.0,0.0,0.0,0.0,1.0
-187500.015625,-187500.015625,-187500.015625,-187500.015625,-187500.015625,-187500.015625,-187500.015625,-26014.703125,0.0
-187500.015625,-187500.015625,-187500.015625,-187500.015625,-187500.015625,-187500.015625,-187500.015625,-25980.953125,0.0
-187500.015625,-187500.015625,-187500.015625,-187500.015625,-187500.015625,-187500.015625,-187500.015625,-26097.8964844,0.0
-187500.015625,-187500.015625,-187500.015625,-187500.015625,-187500.015625,-187500.015625,-187500.015625,-26147.4277344,0.0
-187500.015625,-187500.015625,-187500.015625,-187500.015625,-187500.015625,-187500.015625,-187500.015625,-26043.9394531,0.0
-187500.015625,-187500.015625,-187500.015625,-187500.015625,-187500.015625,-187500.015625,-187500.015625,-25985.265625,0.0
-187500.015625,-187500.015625,-187500.015625,-187500.015625,-187500.015625,-187500.015625,-187500.015625,-26094.8574219,0.0
-187500.015625,-187500.015625,-187500.015625,-187500.015625,-187500.015625,-187500.015625,-187500.015625,-26172.2617188,0.0
-187500.015625,-187500.015625,-187500.015625,-187500.015625,-187500.015625,-187500.015625,-187500.015625,-26078.9863281,0.0
-187500.015625,-187500.015625,-187500.015625,-187500.015625,-187500.015625,-187500.015625,-187500.015625,-25996.7773438,0.0
-187500.015625,-187500.015625,-187500.015625,-187500.015625,-187500.015625,-187500.015625,-187500.015625,-26080.5957031,0.0
-187500.015625,-187500.015625,-187500.015625,-187500.015625,-187500.015625,-187500.015625,-187500.015625,-26175.390625,0.0
-187500.015625,-187500.015625,-187500.015625,-187500.015625,-187500.015625,-187500.015625,-187500.015625,-26101.3398438,0.0
-187500.015625,-187500.015625,-187500.015625,-187500.015625,-187500.015625,-187500.015625,-187500.015625,-25992.7539062,0.0
-187500.015625,-187500.015625,-187500.015625,-187500.015625,-187500.015625,-187500.015625,-187500.015625,-26052.0976562,0.0
-187500.015625,-187500.015625,-187500.015625,-187500.015625,-187500.015625,-187500.015625,-187500.015625,-26156.6816406,0.0
-187500.015625,-187500.015625,-187500.015625,-187500.015625,-187500.015625,-187500.015625,-187500.015625,-26115.5332031,0.0
-187500.015625,-187500.015625,-187500.015625,-187500.015625,-187500.015625,-187500.015625,-187500.015625,-25994.8320312,0.0
-187500.015625,-187500.015625,-187500.015625,-187500.015625,-187500.015625,-187500.015625,-187500.015625,-26012.9160156,0.0
-187500.015625,-187500.015625,-187500.015625,-187500.015625,-187500.015625,-187500.015625,-187500.015625,-26139.3808594,0.0
-187500.015625,-187500.015625,-187500.015625,-187500.015625,-187500.015625,-187500.015625,-187500.015625,-26129.2792969,0.0
-187500.015625,-187500.015625,-187500.015625,-187500.015625,-187500.015625,-187500.015625,-187500.015625,-26003.953125,0.0
-187500.015625,-187500.015625,-187500.015625,-187500.015625,-187500.015625,-187500.015625,-187500.015625,-25998.4316406,0.0
-187500.015625,-187500.015625,-187500.015625,-187500.015625,-187500.015625,-187500.015625,-187500.015625,-26123.7363281,0.0
-187500.015625,-187500.015625,-187500.015625,-187500.015625,-187500.015625,-187500.015625,-187500.015625,-26142.7792969,0.0
-187500.015625,-187500.015625,-187500.015625,-187500.015625,-187500.015625,-187500.015625,-187500.015625,-26023.2421875,0.0
-187500.015625,-187500.015625,-187500.015625,-187500.015625,-187500.015625,-187500.015625,-187500.015625,-25988.1503906,0.0
-187500.015625,-187500.015625,-187500.015625,-187500.015625,-187500.015625,-187500.015625,-187500.015625,-26098.34375,0.0
-187500.015625,-187500.015625,-187500.015625,-187500.015625,-187500.015625,-187500.015625,-187500.015625,-26154.6933594,0.0
-187500.015625,-187500.015625,-187500.015625,-187500.015625,-187500.015625,-187500.015625,-187500.015625,-26047.6503906,0.0
-187500.015625,-187500.015625,-187500.015625,-187500.015625,-187500.015625,-187500.015625,-187500.015625,-25982.046875,0.0
-187500.015625,-187500.015625,-187500.015625,-187500.015625,-187500.015625,-187500.015625,-187500.015625,-26079.8808594,0.0
-187500.015625,-187500.015625,-187500.015625,-187500.015625,-187500.015625,-187500.015625,-187500.015625,-26157.6660156,0.0
-187500.015625,-187500.015625,-187500.015625,-187500.015625,-187500.015625,-187500.015625,-187500.015625,-26069.578125,0.0
-187500.015625,-187500.015625,-187500.015625,-187500.015625,-187500.015625,-187500.015625,-187500.015625,-25983.8808594,0.0
-187500.015625,-187500.015625,-187500.015625,-187500.015625,-187500.015625,-187500.015625,-187500.015625,-26056.3222656,0.0
-187500.015625,-187500.015625,-187500.015625,-187500.015625,-187500.015625,-187500.015625,-187500.015625,-26157.6660156,0.0
-187500.015625,-187500.015625,-187500.015625,-187500.015625,-187500.015625,-187500.015625,-187500.015625,-26091.2363281,0.0
-187500.015625,-187500.015625,-187500.015625,-187500.015625,-187500.015625,-187500.015625,-187500.015625,-25985.265625,0.0
-187500.015625,-187500.015625,-187500.015625,-187500.015625,-187500.015625,-187500.015625,-187500.015625,-26038.0390625,0.0
-187500.015625,-187500.015625,-187500.015625,-187500.015625,-187500.015625,-187500.015625,-187500.015625,-26153.3300781,0.0
-187500.015625,-187500.015625,-187500.015625,-187500.015625,-187500.015625,-187500.015625,-187500.015625,-26111.1738281,0.0
-187500.015625,-187500.015625,-187500.015625,-187500.015625,-187500.015625,-187500.015625,-187500.015625,-25986.3398438,0.0
-187500.015625,-187500.015625,-187500.015625,-187500.015625,-187500.015625,-187500.015625,-187500.015625,-26005.3828125,0.0
-187500.015625,-187500.015625,-187500.015625,-187500.015625,-187500.015625,-187500.015625,-187500.015625,-26126.1054688,0.0
-187500.015625,-187500.015625,-187500.015625,-187500.015625,-187500.015625,-187500.015625,-187500.015625,-26122.0820312,0.0
-187500.015625,-187500.015625,-187500.015625,-187500.015625,-187500.015625,-187500.015625,-187500.015625,-25997.2246094,0.0
-187500.015625,-187500.015625,-187500.015625,-187500.015625,-187500.015625,-187500.015625,-187500.015625,-25980.6835938,0.0
-187500.015625,-187500.015625,-187500.015625,-187500.015625,-187500.015625,-187500.015625,-187500.015625,-26103.2167969,0.0
-187500.015625,-187500.015625,-187500.015625,-187500.015625,-187500.015625,-187500.015625,-187500.015625,-26132.4082031,0.0
-187500.015625,-187500.015625,-187500.015625,-187500.015625,-187500.015625,-187500.015625,-187500.015625,-26009.1835938,0.0
-187500.015625,-187500.015625,-187500.015625,-187500.015625,-187500.015625,-187500.015625,-187500.015625,-25968.9492188,0.0
-187500.015625,-187500.015625,-187500.015625,-187500.015625,-187500.015625,-187500.015625,-187500.015625,-26090.609375,0.0
-187500.015625,-187500.015625,-187500.015625,-187500.015625,-187500.015625,-187500.015625,-187500.015625,-26150.2890625,0.0
-187500.015625,-187500.015625,-187500.015625,-187500.015625,-187500.015625,-187500.015625,-187500.015625,-26045.4140625,0.0
-187500.015625,-187500.015625,-187500.015625,-187500.015625,-187500.015625,-187500.015625,-187500.015625,-25978.8964844,0.0
-187500.015625,-187500.015625,-187500.015625,-187500.015625,-187500.015625,-187500.015625,-187500.015625,-26076.171875,0.0
-187500.015625,-187500.015625,-187500.015625,-187500.015625,-187500.015625,-187500.015625,-187500.015625,-26161.6445312,0.0
-187500.015625,-187500.015625,-187500.015625,-187500.015625,-187500.015625,-187500.015625,-187500.015625,-26082.8984375,0.0
-187500.015625,-187500.015625,-187500.015625,-187500.015625,-187500.015625,-187500.015625,-187500.015625,-25985.3789062,0.0
-187500.015625,-187500.015625,-187500.015625,-187500.015625,-187500.015625,-187500.015625,-187500.015625,-26052.5898438,0.0
-187500.015625,-187500.015625,-187500.015625,-187500.015625,-187500.015625,-187500.015625,-187500.015625,-26162.359375,0.0
-187500.015625,-187500.015625,-187500.015625,-187500.015625,-187500.015625,-187500.015625,-187500.015625,-26101.3828125,0.0
-187500.015625,-187500.015625,-187500.015625,-187500.015625,-187500.015625,-187500.015625,-187500.015625,-25989.0214844,0.0
-187500.015625,-187500.015625,-187500.015625,-187500.015625,-187500.015625,-187500.015625,-187500.015625,-26031.421875,0.0
-187500.015625,-187500.015625,-187500.015625,-187500.015625,-187500.015625,-187500.015625,-187500.015625,-26158.15625,0.0
-187500.015625,-187500.015625,-187500.015625,-187500.015625,-187500.015625,-187500.015625,-187500.015625,-26120.3378906,0.0
-187500.015625,-187500.015625,-187500.015625,-187500.015625,-187500.015625,-187500.015625,-187500.015625,-25994.8105469,0.0
-187500.015625,-187500.015625,-187500.015625,-187500.015625,-187500.015625,-187500.015625,-187500.015625,-26009.25,0.0
-187500.015625,-187500.015625,-187500.015625,-187500.015625,-187500.015625,-187500.015625,-187500.015625,-26132.453125,0.0
-187500.015625,-187500.015625,-187500.015625,-187500.015625,-187500.015625,-187500.015625,-187500.015625,-26133.1464844,0.0
-187500.015625,-187500.015625,-187500.015625,-187500.015625,-187500.015625,-187500.015625,-187500.015625,-26001.3828125,0.0
-187500.015625,-187500.015625,-187500.015625,-187500.015625,-187500.015625,-187500.015625,-187500.015625,-25983.4785156,0.0
-187500.015625,-187500.015625,-187500.015625,-187500.015625,-187500.015625,-187500.015625,-187500.015625,-26109.2285156,0.0
-187500.015625,-187500.015625,-187500.015625,-187500.015625,-187500.015625,-187500.015625,-187500.015625,-26147.6738281,0.0
-187500.015625,-187500.015625,-187500.015625,-187500.015625,-187500.015625,-187500.015625,-187500.015625,-26021.5878906,0.0
-187500.015625,-187500.015625,-187500.015625,-187500.015625,-187500.015625,-187500.015625,-187500.015625,-25981.4882812,0.0
-187500.015625,-187500.015625,-187500.015625,-187500.015625,-187500.015625,-187500.015625,-187500.015625,-26092.9355469,0.0
-187500.015625,-187500.015625,-187500.015625,-187500.015625,-187500.015625,-187500.015625,-187500.015625,-26156.9277344,0.0
-187500.015625,-187500.015625,-187500.015625,-187500.015625,-187500.015625,-187500.015625,-187500.015625,-26056.0761719,0.0
-187500.015625,-187500.015625,-187500.015625,-187500.015625,-187500.015625,-187500.015625,-187500.015625,-25982.9863281,0.0
-187500.015625,-187500.015625,-187500.015625,-187500.015625,-187500.015625,-187500.015625,-187500.015625,-26086.0058594,0.0
-187500.015625,-187500.015625,-187500.015625,-187500.015625,-187500.015625,-187500.015625,-187500.015625,-26177.15625,0.0
-187500.015625,-187500.015625,-187500.015625,-187500.015625,-187500.015625,-187500.015625,-187500.015625,-26093.515625,0.0
-187500.015625,-187500.015625,-187500.015625,-187500.015625,-187500.015625,-187500.015625,-187500.015625,-25995.59375,0.0
-187500.015625,-187500.015625,-187500.015625,-187500.015625,-187500.015625,-187500.015625,-187500.015625,-26066.7382812,0.0
-187500.015625,-187500.015625,-187500.015625,-187500.015625,-187500.015625,-187500.015625,-187500.015625,-26172.9765625,0.0
-187500.015625,-187500.015625,-187500.015625,-187500.015625,-187500.015625,-187500.015625,-187500.015625,-26117.3652344,0.0
-187500.015625,-187500.015625,-187500.015625,-187500.015625,-187500.015625,-187500.015625,-187500.015625,-25996.5761719,0.0
-187500.015625,-187500.015625,-187500.015625,-187500.015625,-187500.015625,-187500.015625,-187500.015625,-26030.8632812,0.0
-187500.015625,-187500.015625,-187500.015625,-187500.015625,-187500.015625,-187500.015625,-187500.015625,-26150.5566406,0.0
-187500.015625,-187500.015625,-187500.015625,-187500.015625,-187500.015625,-187500.015625,-187500.015625,-26127.1777344,0.0
-187500.015625,-187500.015625,-187500.015625,-187500.015625,-187500.015625,-187500.015625,-187500.015625,-26007.6171875,0.0
-187500.015625,-187500.015625,-187500.015625,-187500.015625,-187500.015625,-187500.015625,-187500.015625,-26013.4296875,0.0
-187500.015625,-187500.015625,-187500.015625,-187500.015625,-187500.015625,-187500.015625,-187500.015625,-26139.0019531,0.0
-187500.015625,-187500.015625,-187500.015625,-187500.015625,-187500.015625,-187500.015625,-187500.015625,-26149.9765625,0.0
-187500.015625,-187500.015625,-187500.015625,-187500.015625,-187500.015625,-187500.015625,-187500.015625,-26024.5390625,0.0
-187500.015625,-187500.015625,-187500.015625,-187500.015625,-187500.015625,-187500.015625,-187500.015625,-26001.8730469,0.0
-187500.015625,-187500.015625,-187500.015625,-187500.015625,-187500.015625,-187500.015625,-187500.015625,-26123.9589844,0.0
-187500.015625,-187500.015625,-187500.015625,-187500.015625,-187500.015625,-187500.015625,-187500.015625,-26160.90625,0.0
-187500.015625,-187500.015625,-187500.015625,-187500.015625,-187500.015625,-187500.015625,-187500.015625,-26037.8378906,0.0
-187500.015625,-187500.015625,-187500.015625,-187500.015625,-187500.015625,-187500.015625,-187500.015625,-25984.9082031,0.0
-187500.015625,-187500.015625,-187500.015625,-187500.015625,-187500.015625,-187500.015625,-187500.015625,-26089.515625,0.0
-187500.015625,-187500.015625,-187500.015625,-187500.015625,-187500.015625,-187500.015625,-187500.015625,-26150.0429688,0.0
-187500.015625,-187500.015625,-187500.015625,-187500.015625,-187500.015625,-187500.015625,-187500.015625,-26051.2480469,0.0
-187500.015625,-187500.015625,-187500.015625,-187500.015625,-187500.015625,-187500.015625,-187500.015625,-25968.5253906,0.0
-187500.015625,-187500.015625,-187500.015625,-187500.015625,-187500.015625,-187500.015625,-187500.015625,-26056.7695312,0.0
-187500.015625,-187500.015625,-187500.015625,-187500.015625,-187500.015625,-187500.015625,-187500.015625,-26150.2890625,0.0
-187500.015625,-187500.015625,-187500.015625,-187500.015625,-187500.015625,-187500.015625,-187500.015625,-26080.1054688,0.0
-187500.015625,-187500.015625,-187500.015625,-187500.015625,-187500.015625,-187500.015625,-187500.015625,-25974.5820312,0.0
-187500.015625,-187500.015625,-187500.015625,-187500.015625,-187500.015625,-187500.015625,-187500.015625,-26039.2460938,0.0
-187500.015625,-187500.015625,-187500.015625,-187500.015625,-187500.015625,-187500.015625,-187500.015625,-26157.4648438,0.0
-187500.015625,-187500.015625,-187500.015625,-187500.015625,-187500.015625,-187500.015625,-187500.015625,-26103.015625,0.0
-187500.015625,-187500.015625,-187500.015625,-187500.015625,-187500.015625,-187500.015625,-187500.015625,-25986.9648438,0.0
-187500.015625,-187500.015625,-187500.015625,-187500.015625,-187500.015625,-187500.015625,-187500.015625,-26029.4335938,0.0
-187500.015625,-187500.015625,-187500.015625,-187500.015625,-187500.015625,-187500.015625,-187500.015625,-26159.8789062,0.0
-187500.015625,-187500.015625,-187500.015625,-187500.015625,-187500.015625,-187500.015625,-187500.015625,-26136.4765625,0.0
-187500.015625,-187500.015625,-187500.015625,-187500.015625,-187500.015625,-187500.015625,-187500.015625,-26011.7089844,0.0
-187500.015625,-187500.015625,-187500.015625,-187500.015625,-187500.015625,-187500.015625,-187500.015625,-26015.1054688,0.0
-187500.015625,-187500.015625,-187500.015625,-187500.015625,-187500.015625,-187500.015625,-187500.015625,-26137.9960938,0.0
-187500.015625,-187500.015625,-187500.015625,-187500.015625,-187500.015625,-187500.015625,-187500.015625,-26150.3789062,0.0
-187500.015625,-187500.015625,-187500.015625,-187500.015625,-187500.015625,-187500.015625,-187500.015625,-26025.0527344,0.0
-187500.015625,-187500.015625,-187500.015625,-187500.015625,-187500.015625,-187500.015625,-187500.015625,-25992.3964844,0.0
-187500.015625,-187500.015625,-187500.015625,-187500.015625,-187500.015625,-187500.015625,-187500.015625,-26114.9726562,0.0
-187500.015625,-187500.015625,-187500.015625,-187500.015625,-187500.015625,-187500.015625,-187500.015625,-26162.8515625,0.0
-187500.015625,-187500.015625,-187500.015625,-187500.015625,-187500.015625,-187500.015625,-187500.015625,-26042.9570312,0.0
-187500.015625,-187500.015625,-187500.015625,-187500.015625,-187500.015625,-187500.015625,-187500.015625,-25988.3515625,0.0
-187500.015625,-187500.015625,-187500.015625,-187500.015625,-187500.015625,-187500.015625,-187500.015625,-26088.5976562,0.0
-187500.015625,-187500.015625,-187500.015625,-187500.015625,-187500.015625,-187500.015625,-187500.015625,-26163.8789062,0.0
-187500.015625,-187500.015625,-187500.015625,-187500.015625,-187500.015625,-187500.015625,-187500.015625,-26074.9863281,0.0
-187500.015625,-187500.015625,-187500.015625,-187500.015625,-187500.015625,-187500.015625,-187500.015625,-25988.6855469,0.0
-187500.015625,-187500.015625,-187500.015625,-187500.015625,-187500.015625,-187500.015625,-187500.015625,-26071.2753906,0.0
-187500.015625,-187500.015625,-187500.015625,-187500.015625,-187500.015625,-187500.015625,-187500.015625,-26160.4589844,0.0
-187500.015625,-187500.015625,-187500.015625,-187500.015625,-187500.015625,-187500.015625,-187500.015625,-26086.9882812,0.0
-187500.015625,-187500.015625,-187500.015625,-187500.015625,-187500.015625,-187500.015625,-187500.015625,-25983.2109375,0.0
-187500.015625,-187500.015625,-187500.015625,-187500.015625,-187500.015625,-187500.015625,-187500.015625,-26040.6992188,0.0
-187500.015625,-187500.015625,-187500.015625,-187500.015625,-187500.015625,-187500.015625,-187500.015625,-26157.6660156,0.0
-187500.015625,-187500.015625,-187500.015625,-187500.015625,-187500.015625,-187500.015625,-187500.015625,-26114.5039062,0.0
-187500.015625,-187500.015625,-187500.015625,-187500.015625,-187500.015625,-187500.015625,-187500.015625,-25996.1738281,0.0
-187500.015625,-187500.015625,-187500.015625,-187500.015625,-187500.015625,-187500.015625,-187500.015625,-26026.953125,0.0
-187500.015625,-187500.015625,-187500.015625,-187500.015625,-187500.015625,-187500.015625,-187500.015625,-26149.9316406,0.0
-187500.015625,-187500.015625,-187500.015625,-187500.015625,-187500.015625,-187500.015625,-187500.015625,-26149.015625,0.0
-187500.015625,-187500.015625,-187500.015625,-187500.015625,-187500.015625,-187500.015625,-187500.015625,-26028.2929688,0.0
-187500.015625,-187500.015625,-187500.015625,-187500.015625,-187500.015625,-187500.015625,-187500.015625,-26027.3769531,0.0
-187500.015625,-187500.015625,-187500.015625,-187500.015625,-187500.015625,-187500.015625,-187500.015625,-26152.4570312,0.0
-187500.015625,-187500.015625,-187500.015625,-187500.015625,-187500.015625,-187500.015625,-187500.015625,-26168.4394531,0.0
-187500.015625,-187500.015625,-187500.015625,-187500.015625,-187500.015625,-187500.015625,-187500.015625,-26044.6328125,0.0
-187500.015625,-187500.015625,-187500.015625,-187500.015625,-187500.015625,-187500.015625,-187500.015625,-26009.8535156,0.0
-187500.015625,-187500.015625,-187500.015625,-187500.015625,-187500.015625,-187500.015625,-187500.015625,-26123.2207031,0.0
-187500.015625,-187500.015625,-187500.015625,-187500.015625,-187500.015625,-187500.015625,-187500.015625,-26175.7265625,0.0
-187500.015625,-187500.015625,-187500.015625,-187500.015625,-187500.015625,-187500.015625,-187500.015625,-26063.4980469,0.0
-187500.015625,-187500.015625,-187500.015625,-187500.015625,-187500.015625,-187500.015625,-187500.015625,-26001.6503906,0.0
-187500.015625,-187500.015625,-187500.015625,-187500.015625,-187500.015625,-187500.015625,-187500.015625,-26096.3984375,0.0
-187500.015625,-187500.015625,-187500.015625,-187500.015625,-187500.015625,-187500.015625,-187500.015625,-26168.6171875,0.0
-187500.015625,-187500.015625,-187500.015625,-187500.015625,-187500.015625,-187500.015625,-187500.015625,-26079.1660156,0.0
-187500.015625,-187500.015625,-187500.015625,-187500.015625,-187500.015625,-187500.015625,-187500.015625,-25984.4394531,0.0
-187500.015625,-187500.015625,-187500.015625,-187500.015625,-187500.015625,-187500.015625,-187500.015625,-26056.6582031,0.0
-187500.015625,-187500.015625,-187500.015625,-187500.015625,-187500.015625,-187500.015625,-187500.015625,-26162.8730469,0.0
-187500.015625,-187500.015625,-187500.015625,-187500.015625,-187500.015625,-187500.015625,-187500.015625,-26098.6796875,0.0
-187500.015625,-187500.015625,-187500.015625,-187500.015625,-187500.015625,-187500.015625,-187500.015625,-25993.5820312,0.0
-187500.015625,-187500.015625,-187500.015625,-187500.015625,-187500.015625,-187500.015625,-187500.015625,-26049.4160156,0.0
-187500.015625,-187500.015625,-187500.015625,-187500.015625,-187500.015625,-187500.015625,-187500.015625,-26166.3164062,0.0
-187500.015625,-187500.015625,-187500.015625,-187500.015625,-187500.015625,-187500.015625,-187500.015625,-26126.0605469,0.0
-187500.015625,-187500.015625,-187500.015625,-187500.015625,-187500.015625,-187500.015625,-187500.015625,-26007.4609375,0.0
-187500.015625,-187500.015625,-187500.015625,-187500.015625,-187500.015625,-187500.015625,-187500.015625,-26029.7246094,0.0
-187500.015625,-187500.015625,-187500.015625,-187500.015625,-187500.015625,-187500.015625,-187500.015625,-26154.8496094,0.0
-187500.015625,-187500.015625,-187500.015625,-187500.015625,-187500.015625,-187500.015625,-187500.015625,-26153.6425781,0.0
-187500.015625,-187500.015625,-187500.015625,-187500.015625,-187500.015625,-187500.015625,-187500.015625,-26041.7714844,0.0
-187500.015625,-187500.015625,-187500.015625,-187500.015625,-187500.015625,-187500.015625,-187500.015625,-26029.03125,0.0
-187500.015625,-187500.015625,-187500.015625,-187500.015625,-187500.015625,-187500.015625,-187500.015625,-26154.0449219,0.0
-187500.015625,-187500.015625,-187500.015625,-187500.015625,-187500.015625,-187500.015625,-187500.015625,-26185.4492188,0.0
-187500.015625,-187500.015625,-187500.015625,-187500.015625,-187500.015625,-187500.015625,-187500.015625,-26064.1230469,0.0
-187500.015625,-187500.015625,-187500.015625,-187500.015625,-187500.015625,-187500.015625,-187500.015625,-26018.0117188,0.0
-187500.015625,-187500.015625,-187500.015625,-187500.015625,-187500.015625,-187500.015625,-187500.015625,-26130.3066406,0.0
-187500.015625,-187500.015625,-187500.015625,-187500.015625,-187500.015625,-187500.015625,-187500.015625,-26183.4140625,0.0
-187500.015625,-187500.015625,-187500.015625,-187500.015625,-187500.015625,-187500.015625,-187500.015625,-26076.3496094,0.0
-187500.015625,-187500.015625,-187500.015625,-187500.015625,-187500.015625,-187500.015625,-187500.015625,-26005.5625,0.0
-187500.015625,-187500.015625,-187500.015625,-187500.015625,-187500.015625,-187500.015625,-187500.015625,-26107.0605469,0.0
-187500.015625,-187500.015625,-187500.015625,-187500.015625,-187500.015625,-187500.015625,-187500.015625,-26193.9863281,0.0
-187500.015625,-187500.015625,-187500.015625,-187500.015625,-187500.015625,-187500.015625,-187500.015625,-26102.0761719,0.0
-187500.015625,-187500.015625,-187500.015625,-187500.015625,-187500.015625,-187500.015625,-187500.015625,-26000.9121094,0.0
-187500.015625,-187500.015625,-187500.015625,-187500.015625,-187500.015625,-187500.015625,-187500.015625,-26070.3144531,0.0
-187500.015625,-187500.015625,-187500.015625,-187500.015625,-187500.015625,-187500.015625,-187500.015625,-26176.84375,0.0
-187500.015625,-187500.015625,-187500.015625,-187500.015625,-187500.015625,-187500.015625,-187500.015625,-26120.6503906,0.0
-187500.015625,-187500.015625,-187500.015625,-187500.015625,-187500.015625,-187500.015625,-187500.015625,-26003.2597656,0.0
-187500.015625,-187500.015625,-187500.015625,-187500.015625,-187500.015625,-187500.015625,-187500.015625,-26048.4101562,0.0
-187500.015625,-187500.015625,-187500.015625,-187500.015625,-187500.015625,-187500.015625,-187500.015625,-26169.8476562,0.0
-187500.015625,-187500.015625,-187500.015625,-187500.015625,-187500.015625,-187500.015625,-187500.015625,-26139.2246094,0.0
-187500.015625,-187500.015625,-187500.015625,-187500.015625,-187500.015625,-187500.015625,-187500.015625,-26016.5820312,0.0
-187500.015625,-187500.015625,-187500.015625,-187500.015625,-187500.015625,-187500.015625,-187500.015625,-26024.2929688,0.0
-187500.015625,-187500.015625,-187500.015625,-187500.015625,-187500.015625,-187500.015625,-187500.015625,-26149.2167969,0.0
-187500.015625,-187500.015625,-187500.015625,-187500.015625,-187500.015625,-187500.015625,-187500.015625,-26156.0566406,0.0
-187500.015625,-187500.015625,-187500.015625,-187500.015625,-187500.015625,-187500.015625,-187500.015625,-26036.6757812,0.0
-187500.015625,-187500.015625,-187500.015625,-187500.015625,-187500.015625,-187500.015625,-187500.015625,-26021.9453125,0.0
-187500.015625,-187500.015625,-187500.015625,-187500.015625,-187500.015625,-187500.015625,-187500.015625,-26147.9863281,0.0
-187500.015625,-187500.015625,-187500.015625,-187500.015625,-187500.015625,-187500.015625,-187500.015625,-26184.375,0.0
-187500.015625,-187500.015625,-187500.015625,-187500.015625,-187500.015625,-187500.015625,-187500.015625,-26073.7128906,0.0
-187500.015625,-187500.015625,-187500.015625,-187500.015625,-187500.015625,-187500.015625,-187500.015625,-26021.3203125,0.0
-187500.015625,-187500.015625,-187500.015625,-187500.015625,-187500.015625,-187500.015625,-187500.015625,-26133.4140625,0.0
-187500.015625,-187500.015625,-187500.015625,-187500.015625,-187500.015625,-187500.015625,-187500.015625,-26198.9042969,0.0
-187500.015625,-187500.015625,-187500.015625,-187500.015625,-187500.015625,-187500.015625,-187500.015625,-26090.1640625,0.0
-187500.015625,-187500.015625,-187500.015625,-187500.015625,-187500.015625,-187500.015625,-187500.015625,-26016.625,0.0
-187500.015625,-187500.015625,-187500.015625,-187500.015625,-187500.015625,-187500.015625,-187500.015625,-26102.3671875,0.0
-187500.015625,-187500.015625,-187500.015625,-187500.015625,-187500.015625,-187500.015625,-187500.015625,-26181.828125,0.0
-187500.015625,-187500.015625,-187500.015625,-187500.015625,-187500.015625,-187500.015625,-187500.015625,-26095.6386719,0.0
-187500.015625,-187500.015625,-187500.015625,-187500.015625,-187500.015625,-187500.015625,-187500.015625,-25993.3359375,0.0
-187500.015625,-187500.015625,-187500.015625,-187500.015625,-187500.015625,-187500.015625,-187500.015625,-26061.5078125,0.0
-187500.015625,-187500.015625,-187500.015625,-187500.015625,-187500.015625,-187500.015625,-187500.015625,-26170.8535156,0.0
-187500.015625,-187500.015625,-187500.015625,-187500.015625,-187500.015625,-187500.015625,-187500.015625,-26117.8789062,0.0
-187500.015625,-187500.015625,-187500.015625,-187500.015625,-187500.015625,-187500.015625,-187500.015625,-25996.1972656,0.0
-187500.015625,-187500.015625,-187500.015625,-187500.015625,-187500.015625,-187500.015625,-187500.015625,-26031.5351562,0.0
-187500.015625,-187500.015625,-187500.015625,-187500.015625,-187500.015625,-187500.015625,-187500.015625,-26155.8320312,0.0
-187500.015625,-187500.015625,-187500.015625,-187500.015625,-187500.015625,-187500.015625,-187500.015625,-26131.9160156,0.0
-187500.015625,-187500.015625,-187500.015625,-187500.015625,-187500.015625,-187500.015625,-187500.015625,-26007.0585938,0.0
-187500.015625,-187500.015625,-187500.015625,-187500.015625,-187500.015625,-187500.015625,-187500.015625,-26017.9667969,0.0
-187500.015625,-187500.015625,-187500.015625,-187500.015625,-187500.015625,-187500.015625,-187500.015625,-26148.03125,0.0
-187500.015625,-187500.015625,-187500.015625,-187500.015625,-187500.015625,-187500.015625,-187500.015625,-26162.0683594,0.0
-187500.015625,-187500.015625,-187500.015625,-187500.015625,-187500.015625,-187500.015625,-187500.015625,-26043.7382812,0.0
-187500.015625,-187500.015625,-187500.015625,-187500.015625,-187500.015625,-187500.015625,-187500.015625,-26018.1679688,0.0
-187500.015625,-187500.015625,-187500.015625,-187500.015625,-187500.015625,-187500.015625,-187500.015625,-26142.7558594,0.0
-187500.015625,-187500.015625,-187500.015625,-187500.015625,-187500.015625,-187500.015625,-187500.015625,-26182.2070312,0.0
-187500.015625,-187500.015625,-187500.015625,-187500.015625,-187500.015625,-187500.015625,-187500.015625,-26069.7109375,0.0
-187500.015625,-187500.015625,-187500.015625,-187500.015625,-187500.015625,-187500.015625,-187500.015625,-26017.4746094,0.0
-187500.015625,-187500.015625,-187500.015625,-187500.015625,-187500.015625,-187500.015625,-187500.015625,-26123.9140625,0.0
-187500.015625,-187500.015625,-187500.015625,-187500.015625,-187500.015625,-187500.015625,-187500.015625,-26184.8671875,0.0
-187500.015625,-187500.015625,-187500.015625,-187500.015625,-187500.015625,-187500.015625,-187500.015625,-26085.3789062,0.0
-187500.015625,-187500.015625,-187500.015625,-187500.015625,-187500.015625,-187500.015625,-187500.015625,-26005.4941406,0.0
-187500.015625,-187500.015625,-187500.015625,-187500.015625,-187500.015625,-187500.015625,-187500.015625,-26091.0566406,0.0
-187500.015625,-187500.015625,-187500.015625,-187500.015625,-187500.015625,-187500.015625,-187500.015625,-26189.8964844,0.0
-187500.015625,-187500.015625,-187500.015625,-187500.015625,-187500.015625,-187500.015625,-187500.015625,-26123.3105469,0.0
-187500.015625,-187500.015625,-187500.015625,-187500.015625,-187500.015625,-187500.015625,-187500.015625,-26027.109375,0.0
-187500.015625,-187500.015625,-187500.015625,-187500.015625,-187500.015625,-187500.015625,-187500.015625,-26091.7050781,0.0
-187500.015625,-187500.015625,-187500.015625,-187500.015625,-187500.015625,-187500.015625,-187500.015625,-26203.0625,0.0
-187500.015625,-187500.015625,-187500.015625,-187500.015625,-187500.015625,-187500.015625,-187500.015625,-26148.3886719,0.0
-187500.015625,-187500.015625,-187500.015625,-187500.015625,-187500.015625,-187500.015625,-187500.015625,-26022.0566406,0.0
-187500.015625,-187500.015625,-187500.015625,-187500.015625,-187500.015625,-187500.015625,-187500.015625,-26052.9472656,0.0
-187500.015625,-187500.015625,-187500.015625,-187500.015625,-187500.015625,-187500.015625,-187500.015625,-26181.6484375,0.0
-187500.015625,-187500.015625,-187500.015625,-187500.015625,-187500.015625,-187500.015625,-187500.015625,-26162.203125,0.0
-187500.015625,-187500.015625,-187500.015625,-187500.015625,-187500.015625,-187500.015625,-187500.015625,-26036.6523438,0.0
-187500.015625,-187500.015625,-187500.015625,-187500.015625,-187500.015625,-187500.015625,-187500.015625,-26035.5585938,0.0
-187500.015625,-187500.015625,-187500.015625,-187500.015625,-187500.015625,-187500.015625,-187500.015625,-26158.4257812,0.0
-187500.015625,-187500.015625,-187500.015625,-187500.015625,-187500.015625,-187500.015625,-187500.015625,-26165.8457031,0.0
-187500.015625,-187500.015625,-187500.015625,-187500.015625,-187500.015625,-187500.015625,-187500.015625,-26041.1230469,0.0
-187500.015625,-187500.015625,-187500.015625,-187500.015625,-187500.015625,-187500.015625,-187500.015625,-26013.6757812,0.0
-187500.015625,-187500.015625,-187500.015625,-187500.015625,-187500.015625,-187500.015625,-187500.015625,-26130.1289062,0.0
-187500.015625,-187500.015625,-187500.015625,-187500.015625,-187500.015625,-187500.015625,-187500.015625,-26179.4355469,0.0
-187500.015625,-187500.015625,-187500.015625,-187500.015625,-187500.015625,-187500.015625,-187500.015625,-26065.6425781,0.0
-187500.015625,-187500.015625,-187500.015625,-187500.015625,-187500.015625,-187500.015625,-187500.015625,-26005.5625,0.0
-187500.015625,-187500.015625,-187500.015625,-187500.015625,-187500.015625,-187500.015625,-187500.015625,-26113.4316406,0.0
-187500.015625,-187500.015625,-187500.015625,-187500.015625,-187500.015625,-187500.015625,-187500.015625,-26178.7207031,0.0
-187500.015625,-187500.015625,-187500.015625,-187500.015625,-187500.015625,-187500.015625,-187500.015625,-26091.90625,0.0
-187500.015625,-187500.015625,-187500.015625,-187500.015625,-187500.015625,-187500.015625,-187500.015625,-26007.8183594,0.0
-187500.015625,-187500.015625,-187500.015625,-187500.015625,-187500.015625,-187500.015625,-187500.015625,-26095.7070312,0.0
-187500.015625,-187500.015625,-187500.015625,-187500.015625,-187500.015625,-187500.015625,-187500.015625,-26186.6113281,0.0
-187500.015625,-187500.015625,-187500.015625,-187500.015625,-187500.015625,-187500.015625,-187500.015625,-26117.9902344,0.0
-187500.015625,-187500.015625,-187500.015625,-187500.015625,-187500.015625,-187500.015625,-187500.015625,-26016.0,0.0
-187500.015625,-187500.015625,-187500.015625,-187500.015625,-187500.015625,-187500.015625,-187500.015625,-26072.2597656,0.0
-187500.015625,-187500.015625,-187500.015625,-187500.015625,-187500.015625,-187500.015625,-187500.015625,-26186.4765625,0.0
-187500.015625,-187500.015625,-187500.015625,-187500.015625,-187500.015625,-187500.015625,-187500.015625,-26143.4726562,0.0
-187500.015625,-187500.015625,-187500.015625,-187500.015625,-187500.015625,-187500.015625,-187500.015625,-26020.3144531,0.0
-187500.015625,-187500.015625,-187500.015625,-187500.015625,-187500.015625,-187500.015625,-187500.015625,-26043.0,0.0
-187500.015625,-187500.015625,-187500.015625,-187500.015625,-187500.015625,-187500.015625,-187500.015625,-26167.6113281,0.0
-187500.015625,-187500.015625,-187500.015625,-187500.015625,-187500.015625,-187500.015625,-187500.015625,-26155.8105469,0.0
-187500.015625,-187500.015625,-187500.015625,-187500.015625,-187500.015625,-187500.015625,-187500.015625,-26029.2539062,0.0
-187500.015625,-187500.015625,-187500.015625,-187500.015625,-187500.015625,-187500.015625,-187500.015625,-26024.2695312,0.0
-187500.015625,-187500.015625,-187500.015625,-187500.015625,-187500.015625,-187500.015625,-187500.015625,-26151.1386719,0.0
-187500.015625,-187500.015625,-187500.015625,-187500.015625,-187500.015625,-187500.015625,-187500.015625,-26163.9902344,0.0
-187500.015625,-187500.015625,-187500.015625,-187500.015625,-187500.015625,-187500.015625,-187500.015625,-26036.4511719,0.0
-187500.015625,-187500.015625,-187500.015625,-187500.015625,-187500.015625,-187500.015625,-187500.015625,-26006.9707031,0.0
-187500.015625,-187500.015625,-187500.015625,-187500.015625,-187500.015625,-187500.015625,-187500.015625,-26129.4355469,0.0
-187500.015625,-187500.015625,-187500.015625,-187500.015625,-187500.015625,-187500.015625,-187500.015625,-26177.4238281,0.0
-187500.015625,-187500.015625,-187500.015625,-187500.015625,-187500.015625,-187500.015625,-187500.015625,-26074.5390625,0.0
-187500.015625,-187500.015625,-187500.015625,-187500.015625,-187500.015625,-187500.015625,-187500.015625,-26007.1933594,0.0
-187500.015625,-187500.015625,-187500.015625,-187500.015625,-187500.015625,-187500.015625,-187500.015625,-26106.5019531,0.0
-187500.015625,-187500.015625,-187500.015625,-187500.015625,-187500.015625,-187500.015625,-187500.015625,-26190.6796875,0.0
-187500.015625,-187500.015625,-187500.015625,-187500.015625,-187500.015625,-187500.015625,-187500.015625,-26093.9414062,0.0
-187500.015625,-187500.015625,-187500.015625,-187500.015625,-187500.015625,-187500.015625,-187500.015625,-26004.3105469,0.0
-187500.015625,-187500.015625,-187500.015625,-187500.015625,-187500.015625,-187500.015625,-187500.015625,-26081.9609375,0.0
-187500.015625,-187500.015625,-187500.015625,-187500.015625,-187500.015625,-187500.015625,-187500.015625,-26181.3144531,0.0
-187500.015625,-187500.015625,-187500.015625,-187500.015625,-187500.015625,-187500.015625,-187500.015625,-26118.5507812,0.0
-187500.015625,-187500.015625,-187500.015625,-187500.015625,-187500.015625,-187500.015625,-187500.015625,-26011.640625,0.0
-187500.015625,-187500.015625,-187500.015625,-187500.015625,-187500.015625,-187500.015625,-187500.015625,-26069.8222656,0.0
-187500.015625,-187500.015625,-187500.015625,-187500.015625,-187500.015625,-187500.015625,-187500.015625,-26184.7773438,0.0
-187500.015625,-187500.015625,-187500.015625,-187500.015625,-187500.015625,-187500.015625,-187500.015625,-26148.7695312,0.0
-187500.015625,-187500.015625,-187500.015625,-187500.015625,-187500.015625,-187500.015625,-187500.015625,-26024.2695312,0.0
-187500.015625,-187500.015625,-187500.015625,-187500.015625,-187500.015625,-187500.015625,-187500.015625,-26051.7851562,0.0
-187500.015625,-187500.015625,-187500.015625,-187500.015625,-187500.015625,-187500.015625,-187500.015625,-26173.7148438,0.0
-187500.015625,-187500.015625,-187500.015625,-187500.015625,-187500.015625,-187500.015625,-187500.015625,-26159.9453125,0.0
-187500.015625,-187500.015625,-187500.015625,-187500.015625,-187500.015625,-187500.015625,-187500.015625,-26035.7363281,0.0
-187500.015625,-187500.015625,-187500.015625,-187500.015625,-187500.015625,-187500.015625,-187500.015625,-26020.9179688,0.0
-187500.015625,-187500.015625,-187500.015625,-187500.015625,-187500.015625,-187500.015625,-187500.015625,-26140.8574219,0.0
-187500.015625,-187500.015625,-187500.015625,-187500.015625,-187500.015625,-187500.015625,-187500.015625,-26169.4667969,0.0
-187500.015625,-187500.015625,-187500.015625,-187500.015625,-187500.015625,-187500.015625,-187500.015625,-26046.4648438,0.0
-187500.015625,-187500.015625,-187500.015625,-187500.015625,-187500.015625,-187500.015625,-187500.015625,-25999.59375,0.0
-187500.015625,-187500.015625,-187500.015625,-187500.015625,-187500.015625,-187500.015625,-187500.015625,-26115.0410156,0.0
-187500.015625,-187500.015625,-187500.015625,-187500.015625,-187500.015625,-187500.015625,-187500.015625,-26174.0722656,0.0
-187500.015625,-187500.015625,-187500.015625,-187500.015625,-187500.015625,-187500.015625,-187500.015625,-26072.28125,0.0
-187500.015625,-187500.015625,-187500.015625,-187500.015625,-187500.015625,-187500.015625,-187500.015625,-25999.0566406,0.0
-187500.015625,-187500.015625,-187500.015625,-187500.015625,-187500.015625,-187500.015625,-187500.015625,-26095.2148438,0.0
-187500.015625,-187500.015625,-187500.015625,-187500.015625,-187500.015625,-187500.015625,-187500.015625,-26185.7167969,0.0
-187500.015625,-187500.015625,-187500.015625,-187500.015625,-187500.015625,-187500.015625,-187500.015625,-26095.6171875,0.0
-187500.015625,-187500.015625,-187500.015625,-187500.015625,-187500.015625,-187500.015625,-187500.015625,-25999.8164062,0.0
-187500.015625,-187500.015625,-187500.015625,-187500.015625,-187500.015625,-187500.015625,-187500.015625,-26075.7460938,0.0
-187500.015625,-187500.015625,-187500.015625,-187500.015625,-187500.015625,-187500.015625,-187500.015625,-26183.3027344,0.0
-187500.015625,-187500.015625,-187500.015625,-187500.015625,-187500.015625,-187500.015625,-187500.015625,-26126.8867188,0.0
-187500.015625,-187500.015625,-187500.015625,-187500.015625,-187500.015625,-187500.015625,-187500.015625,-26014.546875,0.0
-187500.015625,-187500.015625,-187500.015625,-187500.015625,-187500.015625,-187500.015625,-187500.015625,-26056.3671875,0.0
-187500.015625,-187500.015625,-187500.015625,-187500.015625,-187500.015625,-187500.015625,-187500.015625,-26175.4804688,0.0
-187500.015625,-187500.015625,-187500.015625,-187500.015625,-187500.015625,-187500.015625,-187500.015625,-26141.4160156,0.0
-187500.015625,-187500.015625,-187500.015625,-187500.015625,-187500.015625,-187500.015625,-187500.015625,-26019.5546875,0.0
-187500.015625,-187500.015625,-187500.015625,-187500.015625,-187500.015625,-187500.015625,-187500.015625,-26037.078125,0.0
-187500.015625,-187500.015625,-187500.015625,-187500.015625,-187500.015625,-187500.015625,-187500.015625,-26165.1308594,0.0
-187500.015625,-187500.015625,-187500.015625,-187500.015625,-187500.015625,-187500.015625,-187500.015625,-26164.4375,0.0
-187500.015625,-187500.015625,-187500.015625,-187500.015625,-187500.015625,-187500.015625,-187500.015625,-26040.6757812,0.0
-187500.015625,-187500.015625,-187500.015625,-187500.015625,-187500.015625,-187500.015625,-187500.015625,-26026.3945312,0.0
-187500.015625,-187500.015625,-187500.015625,-187500.015625,-187500.015625,-187500.015625,-187500.015625,-26149.8867188,0.0
-187500.015625,-187500.015625,-187500.015625,-187500.015625,-187500.015625,-187500.015625,-187500.015625,-26179.5039062,0.0
-187500.015625,-187500.015625,-187500.015625,-187500.015625,-187500.015625,-187500.015625,-187500.015625,-26054.6464844,0.0
-187500.015625,-187500.015625,-187500.015625,-187500.015625,-187500.015625,-187500.015625,-187500.015625,-26007.5957031,0.0
-187500.015625,-187500.015625,-187500.015625,-187500.015625,-187500.015625,-187500.015625,-187500.015625,-26121.34375,0.0
-187500.015625,-187500.015625,-187500.015625,-187500.015625,-187500.015625,-187500.015625,-187500.015625,-26182.140625,0.0
-187500.015625,-187500.015625,-187500.015625,-187500.015625,-187500.015625,-187500.015625,-187500.015625,-26077.7792969,0.0
-187500.015625,-187500.015625,-187500.015625,-187500.015625,-187500.015625,-187500.015625,-187500.015625,-26002.8789062,0.0
-187500.015625,-187500.015625,-187500.015625,-187500.015625,-187500.015625,-187500.015625,-187500.015625,-26100.4003906,0.0
-187500.015625,-187500.015625,-187500.015625,-187500.015625,-187500.015625,-187500.015625,-187500.015625,-26186.0976562,0.0
-187500.015625,-187500.015625,-187500.015625,-187500.015625,-187500.015625,-187500.015625,-187500.015625,-26101.1386719,0.0
-187500.015625,-187500.015625,-187500.015625,-187500.015625,-187500.015625,-187500.015625,-187500.015625,-26009.875,0.0
-187500.015625,-187500.015625,-187500.015625,-187500.015625,-187500.015625,-187500.015625,-187500.015625,-26078.1601562,0.0
-187500.015625,-187500.015625,-187500.015625,-187500.015625,-187500.015625,-187500.015625,-187500.015625,-26183.5488281,0.0
-187500.015625,-187500.015625,-187500.015625,-187500.015625,-187500.015625,-187500.015625,-187500.015625,-26125.0546875,0.0
-187500.015625,-187500.015625,-187500.015625,-187500.015625,-187500.015625,-187500.015625,-187500.015625,-26005.8515625,0.0
-187500.015625,-187500.015625,-187500.015625,-187500.015625,-187500.015625,-187500.015625,-187500.015625,-26048.8789062,0.0
-187500.015625,-187500.015625,-187500.015625,-187500.015625,-187500.015625,-187500.015625,-187500.015625,-26164.1914062,0.0
-187500.015625,-187500.015625,-187500.015625,-187500.015625,-187500.015625,-187500.015625,-187500.015625,-26143.1582031,0.0
-187500.015625,-187500.015625,-187500.015625,-187500.015625,-187500.015625,-187500.015625,-187500.015625,-26019.375,0.0
-187500.015625,-187500.015625,-187500.015625,-187500.015625,-187500.015625,-187500.015625,-187500.015625,-26029.2988281,0.0
-187500.015625,-187500.015625,-187500.015625,-187500.015625,-187500.015625,-187500.015625,-187500.015625,-26162.0234375,0.0
-187500.015625,-187500.015625,-187500.015625,-187500.015625,-187500.015625,-187500.015625,-187500.015625,-26168.7070312,0.0
-187500.015625,-187500.015625,-187500.015625,-187500.015625,-187500.015625,-187500.015625,-187500.015625,-26044.1191406,0.0
-187500.015625,-187500.015625,-187500.015625,-187500.015625,-187500.015625,-187500.015625,-187500.015625,-26025.5,0.0
-187500.015625,-187500.015625,-187500.015625,-187500.015625,-187500.015625,-187500.015625,-187500.015625,-26139.8066406,0.0
-187500.015625,-187500.015625,-187500.015625,-187500.015625,-187500.015625,-187500.015625,-187500.015625,-26177.9824219,0.0
-187500.015625,-187500.015625,-187500.015625,-187500.015625,-187500.015625,-187500.015625,-187500.015625,-26064.8828125,0.0
-187500.015625,-187500.015625,-187500.015625,-187500.015625,-187500.015625,-187500.015625,-187500.015625,-26012.4238281,0.0
-187500.015625,-187500.015625,-187500.015625,-187500.015625,-187500.015625,-187500.015625,-187500.015625,-26112.9179688,0.0
-187500.015625,-187500.015625,-187500.015625,-187500.015625,-187500.015625,-187500.015625,-187500.015625,-26178.4296875,0.0
-187500.015625,-187500.015625,-187500.015625,-187500.015625,-187500.015625,-187500.015625,-187500.015625,-26076.8417969,0.0
-187500.015625,-187500.015625,-187500.015625,-187500.015625,-187500.015625,-187500.015625,-187500.015625,-25996.8007812,0.0
-187500.015625,-187500.015625,-187500.015625,-187500.015625,-187500.015625,-187500.015625,-187500.015625,-26092.9785156,0.0
-187500.015625,-187500.015625,-187500.015625,-187500.015625,-187500.015625,-187500.015625,-187500.015625,-26182.9453125,0.0
-187500.015625,-187500.015625,-187500.015625,-187500.015625,-187500.015625,-187500.015625,-187500.015625,-26098.8359375,0.0
-187500.015625,-187500.015625,-187500.015625,-187500.015625,-187500.015625,-187500.015625,-187500.015625,-25997.359375,0.0
-187500.015625,-187500.015625,-187500.015625,-187500.015625,-187500.015625,-187500.015625,-187500.015625,-26065.4414062,0.0
-187500.015625,-187500.015625,-187500.015625,-187500.015625,-187500.015625,-187500.015625,-187500.015625,-26173.5351562,0.0
-187500.015625,-187500.015625,-187500.015625,-187500.015625,-187500.015625,-187500.015625,-187500.015625,-26124.2050781,0.0
-187500.015625,-187500.015625,-187500.015625,-187500.015625,-187500.015625,-187500.015625,-187500.015625,-26011.5527344,0.0
-187500.015625,-187500.015625,-187500.015625,-187500.015625,-187500.015625,-187500.015625,-187500.015625,-26049.8632812,0.0
-187500.015625,-187500.015625,-187500.015625,-187500.015625,-187500.015625,-187500.015625,-187500.015625,-26175.0996094,0.0
-187500.015625,-187500.015625,-187500.015625,-187500.015625,-187500.015625,-187500.015625,-187500.015625,-26156.3027344,0.0
-187500.015625,-187500.015625,-187500.015625,-187500.015625,-187500.015625,-187500.015625,-187500.015625,-26032.3847656,0.0
-187500.015625,-187500.015625,-187500.015625,-187500.015625,-187500.015625,-187500.015625,-187500.015625,-26034.2832031,0.0
-187500.015625,-187500.015625,-187500.015625,-187500.015625,-187500.015625,-187500.015625,-187500.015625,-26166.046875,0.0
-187500.015625,-187500.015625,-187500.015625,-187500.015625,-187500.015625,-187500.015625,-187500.015625,-26179.5703125,0.0
-187500.015625,-187500.015625,-187500.015625,-187500.015625,-187500.015625,-187500.015625,-187500.015625,-26058.5351562,0.0
-187500.015625,-187500.015625,-187500.015625,-187500.015625,-187500.015625,-187500.015625,-187500.015625,-26025.6113281,0.0
-187500.015625,-187500.015625,-187500.015625,-187500.015625,-187500.015625,-187500.015625,-187500.015625,-26149.2832031,0.0
-187500.015625,-187500.015625,-187500.015625,-187500.015625,-187500.015625,-187500.015625,-187500.015625,-26192.0429688,0.0
-187500.015625,-187500.015625,-187500.015625,-187500.015625,-187500.015625,-187500.015625,-187500.015625,-26075.9257812,0.0
-187500.015625,-187500.015625,-187500.015625,-187500.015625,-187500.015625,-187500.015625,-187500.015625,-26016.2910156,0.0
-187500.015625,-187500.015625,-187500.015625,-187500.015625,-187500.015625,-187500.015625,-187500.015625,-26127.8925781,0.0
-187500.015625,-187500.015625,-187500.015625,-187500.015625,-187500.015625,-187500.015625,-187500.015625,-26200.0449219,0.0
-187500.015625,-187500.015625,-187500.015625,-187500.015625,-187500.015625,-187500.015625,-187500.015625,-26098.8125,0.0
-187500.015625,-187500.015625,-187500.015625,-187500.015625,-187500.015625,-187500.015625,-187500.015625,-26009.2050781,0.0
-187500.015625,-187500.015625,-187500.015625,-187500.015625,-187500.015625,-187500.015625,-187500.015625,-26098.3886719,0.0
-187500.015625,-187500.015625,-187500.015625,-187500.015625,-187500.015625,-187500.015625,-187500.015625,-26197.9433594,0.0
-187500.015625,-187500.015625,-187500.015625,-187500.015625,-187500.015625,-187500.015625,-187500.015625,-26120.4042969,0.0
-187500.015625,-187500.015625,-187500.015625,-187500.015625,-187500.015625,-187500.015625,-187500.015625,-26015.5078125,0.0
-187500.015625,-187500.015625,-187500.015625,-187500.015625,-187500.015625,-187500.015625,-187500.015625,-26077.8691406,0.0
-187500.015625,-187500.015625,-187500.015625,-187500.015625,-187500.015625,-187500.015625,-187500.015625,-26191.0136719,0.0
-187500.015625,-187500.015625,-187500.015625,-187500.015625,-187500.015625,-187500.015625,-187500.015625,-26140.1855469,0.0
-187500.015625,-187500.015625,-187500.015625,-187500.015625,-187500.015625,-187500.015625,-187500.015625,-26017.3632812,0.0
-187500.015625,-187500.015625,-187500.015625,-187500.015625,-187500.015625,-187500.015625,-187500.015625,-26046.7792969,0.0
-187500.015625,-187500.015625,-187500.015625,-187500.015625,-187500.015625,-187500.015625,-187500.015625,-26167.8359375,0.0
-187500.015625,-187500.015625,-187500.015625,-187500.015625,-187500.015625,-187500.015625,-187500.015625,-26157.5097656,0.0
-187500.015625,-187500.015625,-187500.015625,-187500.015625,-187500.015625,-187500.015625,-187500.015625,-26034.015625,0.0
-187500.015625,-187500.015625,-187500.015625,-187500.015625,-187500.015625,-187500.015625,-187500.015625,-26031.8925781,0.0
-187500.015625,-187500.015625,-187500.015625,-187500.015625,-187500.015625,-187500.015625,-187500.015625,-26159.3417969,0.0
-187500.015625,-187500.015625,-187500.015625,-187500.015625,-187500.015625,-187500.015625,-187500.015625,-26178.8105469,0.0
-187500.015625,-187500.015625,-187500.015625,-187500.015625,-187500.015625,-187500.015625,-187500.015625,-26054.3554688,0.0
-187500.015625,-187500.015625,-187500.015625,-187500.015625,-187500.015625,-187500.015625,-187500.015625,-26020.4921875,0.0
-187500.015625,-187500.015625,-187500.015625,-187500.015625,-187500.015625,-187500.015625,-187500.015625,-26134.3515625,0.0
-187500.015625,-187500.015625,-187500.015625,-187500.015625,-187500.015625,-187500.015625,-187500.015625,-26185.4941406,0.0
-187500.015625,-187500.015625,-187500.015625,-187500.015625,-187500.015625,-187500.015625,-187500.015625,-26072.2148438,0.0
-187500.015625,-187500.015625,-187500.015625,-187500.015625,-187500.015625,-187500.015625,-187500.015625,-26011.2167969,0.0
-187500.015625,-187500.015625,-187500.015625,-187500.015625,-187500.015625,-187500.015625,-187500.015625,-26117.7890625,0.0
-187500.015625,-187500.015625,-187500.015625,-187500.015625,-187500.015625,-187500.015625,-187500.015625,-26194.9257812,0.0
-187500.015625,-187500.015625,-187500.015625,-187500.015625,-187500.015625,-187500.015625,-187500.015625,-26095.0585938,0.0
-187500.015625,-187500.015625,-187500.015625,-187500.015625,-187500.015625,-187500.015625,-187500.015625,-26000.1308594,0.0
-187500.015625,-187500.015625,-187500.015625,-187500.015625,-187500.015625,-187500.015625,-187500.015625,-26087.1679688,0.0
-187500.015625,-187500.015625,-187500.015625,-187500.015625,-187500.015625,-187500.015625,-187500.015625,-26191.6855469,0.0
-187500.015625,-187500.015625,-187500.015625,-187500.015625,-187500.015625,-187500.015625,-187500.015625,-26115.6445312,0.0
-187500.015625,-187500.015625,-187500.015625,-187500.015625,-187500.015625,-187500.015625,-187500.015625,-26005.1367188,0.0
-187500.015625,-187500.015625,-187500.015625,-187500.015625,-187500.015625,-187500.015625,-187500.015625,-26061.7089844,0.0
-187500.015625,-187500.015625,-187500.015625,-187500.015625,-187500.015625,-187500.015625,-187500.015625,-26182.2753906,0.0
-187500.015625,-187500.015625,-187500.015625,-187500.015625,-187500.015625,-187500.015625,-187500.015625,-26145.7070312,0.0
-187500.015625,-187500.015625,-187500.015625,-187500.015625,-187500.015625,-187500.015625,-187500.015625,-26025.4550781,0.0
-187500.015625,-187500.015625,-187500.015625,-187500.015625,-187500.015625,-187500.015625,-187500.015625,-26047.0917969,0.0
-187500.015625,-187500.015625,-187500.015625,-187500.015625,-187500.015625,-187500.015625,-187500.015625,-26164.59375,0.0
-187500.015625,-187500.015625,-187500.015625,-187500.015625,-187500.015625,-187500.015625,-187500.015625,-26154.2011719,0.0
-187500.015625,-187500.015625,-187500.015625,-187500.015625,-187500.015625,-187500.015625,-187500.015625,-26031.4902344,0.0
-187500.015625,-187500.015625,-187500.015625,-187500.015625,-187500.015625,-187500.015625,-187500.015625,-26026.1484375,0.0
-187500.015625,-187500.015625,-187500.015625,-187500.015625,-187500.015625,-187500.015625,-187500.015625,-26148.9472656,0.0
-187500.015625,-187500.015625,-187500.015625,-187500.015625,-187500.015625,-187500.015625,-187500.015625,-26179.1679688,0.0
-187500.015625,-187500.015625,-187500.015625,-187500.015625,-187500.015625,-187500.015625,-187500.015625,-26066.2910156,0.0
-187500.015625,-187500.015625,-187500.015625,-187500.015625,-187500.015625,-187500.015625,-187500.015625,-26015.3300781,0.0
-187500.015625,-187500.015625,-187500.015625,-187500.015625,-187500.015625,-187500.015625,-187500.015625,-26133.90625,0.0
-187500.015625,-187500.015625,-187500.015625,-187500.015625,-187500.015625,-187500.015625,-187500.015625,-26197.8984375,0.0
-187500.015625,-187500.015625,-187500.015625,-187500.015625,-187500.015625,-187500.015625,-187500.015625,-26091.7714844,0.0
-187500.015625,-187500.015625,-187500.015625,-187500.015625,-187500.015625,-187500.015625,-187500.015625,-26023.9570312,0.0
-187500.015625,-187500.015625,-187500.015625,-187500.015625,-187500.015625,-187500.015625,-187500.015625,-26120.9863281,0.0
-187500.015625,-187500.015625,-187500.015625,-187500.015625,-187500.015625,-187500.015625,-187500.015625,-26208.515625,0.0
-187500.015625,-187500.015625,-187500.015625,-187500.015625,-187500.015625,-187500.015625,-187500.015625,-26125.703125,0.0
-187500.015625,-187500.015625,-187500.015625,-187500.015625,-187500.015625,-187500.015625,-187500.015625,-26030.4609375,0.0
-187500.015625,-187500.015625,-187500.015625,-187500.015625,-187500.015625,-187500.015625,-187500.015625,-26102.9492188,0.0
-187500.015625,-187500.015625,-187500.015625,-187500.015625,-187500.015625,-187500.015625,-187500.015625,-26205.0742188,0.0
-187500.015625,-187500.015625,-187500.015625,-187500.015625,-187500.015625,-187500.015625,-187500.015625,-26138.8222656,0.0
-187500.015625,-187500.015625,-187500.015625,-187500.015625,-187500.015625,-187500.015625,-187500.015625,-26028.5390625,0.0
-187500.015625,-187500.015625,-187500.015625,-187500.015625,-187500.015625,-187500.015625,-187500.015625,-26076.4394531,0.0
-187500.015625,-187500.015625,-187500.015625,-187500.015625,-187500.015625,-187500.015625,-187500.015625,-26193.9863281,0.0
-187500.015625,-187500.015625,-187500.015625,-187500.015625,-187500.015625,-187500.015625,-187500.015625,-26158.3808594,0.0
-187500.015625,-187500.015625,-187500.015625,-187500.015625,-187500.015625,-187500.015625,-187500.015625,-26030.6621094,0.0
-187500.015625,-187500.015625,-187500.015625,-187500.015625,-187500.015625,-187500.015625,-187500.015625,-26045.90625,0.0
-187500.015625,-187500.015625,-187500.015625,-187500.015625,-187500.015625,-187500.015625,-187500.015625,-26170.6738281,0.0
-187500.015625,-187500.015625,-187500.015625,-187500.015625,-187500.015625,-187500.015625,-187500.015625,-26171.4570312,0.0
-187500.015625,-187500.015625,-187500.015625,-187500.015625,-187500.015625,-187500.015625,-187500.015625,-26050.2207031,0.0
-187500.015625,-187500.015625,-187500.015625,-187500.015625,-187500.015625,-187500.015625,-187500.015625,-26032.875,0.0
-187500.015625,-187500.015625,-187500.015625,-187500.015625,-187500.015625,-187500.015625,-187500.015625,-26158.2011719,0.0
-187500.015625,-187500.015625,-187500.015625,-187500.015625,-187500.015625,-187500.015625,-187500.015625,-26189.7402344,0.0
-187500.015625,-187500.015625,-187500.015625,-187500.015625,-187500.015625,-187500.015625,-187500.015625,-26072.2148438,0.0
-187500.015625,-187500.015625,-187500.015625,-187500.015625,-187500.015625,-187500.015625,-187500.015625,-26029.0976562,0.0
-187500.015625,-187500.015625,-187500.015625,-187500.015625,-187500.015625,-187500.015625,-187500.015625,-26139.828125,0.0
-187500.015625,-187500.015625,-187500.015625,-187500.015625,-187500.015625,-187500.015625,-187500.015625,-26202.078125,0.0
-187500.015625,-187500.015625,-187500.015625,-187500.015625,-187500.015625,-187500.015625,-187500.015625,-26101.4511719,0.0
-187500.015625,-187500.015625,-187500.015625,-187500.015625,-187500.015625,-187500.015625,-187500.015625,-26028.9648438,0.0
-187500.015625,-187500.015625,-187500.015625,-187500.015625,-187500.015625,-187500.015625,-187500.015625,-26128.8769531,0.0
-187500.015625,-187500.015625,-187500.015625,-187500.015625,-187500.015625,-187500.015625,-187500.015625,-26215.8242188,0.0
-187500.015625,-187500.015625,-187500.015625,-187500.015625,-187500.015625,-187500.015625,-187500.015625,-26127.4453125,0.0
-187500.015625,-187500.015625,-187500.015625,-187500.015625,-187500.015625,-187500.015625,-187500.015625,-26034.6640625,0.0
-187500.015625,-187500.015625,-187500.015625,-187500.015625,-187500.015625,-187500.015625,-187500.015625,-26106.3242188,0.0
-187500.015625,-187500.015625,-187500.015625,-187500.015625,-187500.015625,-187500.015625,-187500.015625,-26207.3984375,0.0
-187500.015625,-187500.015625,-187500.015625,-187500.015625,-187500.015625,-187500.015625,-187500.015625,-26150.8476562,0.0
-187500.015625,-187500.015625,-187500.015625,-187500.015625,-187500.015625,-187500.015625,-187500.015625,-26037.390625,0.0
-187500.015625,-187500.015625,-187500.015625,-187500.015625,-187500.015625,-187500.015625,-187500.015625,-26070.3808594,0.0
-187500.015625,-187500.015625,-187500.015625,-187500.015625,-187500.015625,-187500.015625,-187500.015625,-26188.2871094,0.0
-187500.015625,-187500.015625,-187500.015625,-187500.015625,-187500.015625,-187500.015625,-187500.015625,-26166.1152344,0.0
-187500.015625,-187500.015625,-187500.015625,-187500.015625,-187500.015625,-187500.015625,-187500.015625,-26036.6308594,0.0
-187500.015625,-187500.015625,-187500.015625,-187500.015625,-187500.015625,-187500.015625,-187500.015625,-26045.2578125,0.0
-187500.015625,-187500.015625,-187500.015625,-187500.015625,-187500.015625,-187500.015625,-187500.015625,-26167.7011719,0.0
-187500.015625,-187500.015625,-187500.015625,-187500.015625,-187500.015625,-187500.015625,-187500.015625,-26181.0898438,0.0
-187500.015625,-187500.015625,-187500.015625,-187500.015625,-187500.015625,-187500.015625,-187500.015625,-26062.0664062,0.0
-187500.015625,-187500.015625,-187500.015625,-187500.015625,-187500.015625,-187500.015625,-187500.015625,-26035.3574219,0.0
-187500.015625,-187500.015625,-187500.015625,-187500.015625,-187500.015625,-187500.015625,-187500.015625,-26159.9003906,0.0
-187500.015625,-187500.015625,-187500.015625,-187500.015625,-187500.015625,-187500.015625,-187500.015625,-26196.625,0.0
-187500.015625,-187500.015625,-187500.015625,-187500.015625,-187500.015625,-187500.015625,-187500.015625,-26076.484375,0.0
-187500.015625,-187500.015625,-187500.015625,-187500.015625,-187500.015625,-187500.015625,-187500.015625,-26028.2929688,0.0
-187500.015625,-187500.015625,-187500.015625,-187500.015625,-187500.015625,-187500.015625,-187500.015625,-26136.7226562,0.0
-187500.015625,-187500.015625,-187500.015625,-187500.015625,-187500.015625,-187500.015625,-187500.015625,-26206.4375,0.0
-187500.015625,-187500.015625,-187500.015625,-187500.015625,-187500.015625,-187500.015625,-187500.015625,-26104.6914062,0.0
-187500.015625,-187500.015625,-187500.015625,-187500.015625,-187500.015625,-187500.015625,-187500.015625,-26020.1582031,0.0
-187500.015625,-187500.015625,-187500.015625,-187500.015625,-187500.015625,-187500.015625,-187500.015625,-26107.1503906,0.0
-187500.015625,-187500.015625,-187500.015625,-187500.015625,-187500.015625,-187500.015625,-187500.015625,-26196.0429688,0.0
-187500.015625,-187500.015625,-187500.015625,-187500.015625,-187500.015625,-187500.015625,-187500.015625,-26122.0136719,0.0
-187500.015625,-187500.015625,-187500.015625,-187500.015625,-187500.015625,-187500.015625,-187500.015625,-26020.7832031,0.0
-187500.015625,-187500.015625,-187500.015625,-187500.015625,-187500.015625,-187500.015625,-187500.015625,-26076.9082031,0.0
-187500.015625,-187500.015625,-187500.015625,-187500.015625,-187500.015625,-187500.015625,-187500.015625,-26184.5097656,0.0
-187500.015625,-187500.015625,-187500.015625,-187500.015625,-187500.015625,-187500.015625,-187500.015625,-26137.8847656,0.0
-187500.015625,-187500.015625,-187500.015625,-187500.015625,-187500.015625,-187500.015625,-187500.015625,-26025.4101562,0.0
-187500.015625,-187500.015625,-187500.015625,-187500.015625,-187500.015625,-187500.015625,-187500.015625,-26059.5410156,0.0
-187500.015625,-187500.015625,-187500.015625,-187500.015625,-187500.015625,-187500.015625,-187500.015625,-26181.5371094,0.0
-187500.015625,-187500.015625,-187500.015625,-187500.015625,-187500.015625,-187500.015625,-187500.015625,-26162.4492188,0.0
-187500.015625,-187500.015625,-187500.015625,-187500.015625,-187500.015625,-187500.015625,-187500.015625,-26042.2851562,0.0
-187500.015625,-187500.015625,-187500.015625,-187500.015625,-187500.015625,-187500.015625,-187500.015625,-26044.3203125,0.0
-187500.015625,-187500.015625,-187500.015625,-187500.015625,-187500.015625,-187500.015625,-187500.015625,-26167.2089844,0.0
-187500.015625,-187500.015625,-187500.015625,-187500.015625,-187500.015625,-187500.015625,-187500.015625,-26175.2792969,0.0
-187500.015625,-187500.015625,-187500.015625,-187500.015625,-187500.015625,-187500.015625,-187500.015625,-26052.5,0.0
-187500.015625,-187500.015625,-187500.015625,-187500.015625,-187500.015625,-187500.015625,-187500.015625,-26030.1484375,0.0
-187500.015625,-187500.015625,-187500.015625,-187500.015625,-187500.015625,-187500.015625,-187500.015625,-26144.4335938,0.0
-187500.015625,-187500.015625,-187500.015625,-187500.015625,-187500.015625,-187500.015625,-187500.015625,-26188.5117188,0.0
-187500.015625,-187500.015625,-187500.015625,-187500.015625,-187500.015625,-187500.015625,-187500.015625,-26069.6445312,0.0
-187500.015625,-187500.015625,-187500.015625,-187500.015625,-187500.015625,-187500.015625,-187500.015625,-26009.8085938,0.0
-187500.015625,-187500.015625,-187500.015625,-187500.015625,-187500.015625,-187500.015625,-187500.015625,-26120.71875,0.0
-187500.015625,-187500.015625,-187500.015625,-187500.015625,-187500.015625,-187500.015625,-187500.015625,-26195.1269531,0.0
-187500.015625,-187500.015625,-187500.015625,-187500.015625,-187500.015625,-187500.015625,-187500.015625,-26091.9960938,0.0
-187500.015625,-187500.015625,-187500.015625,-187500.015625,-187500.015625,-187500.015625,-187500.015625,-26010.6582031,0.0
-187500.015625,-187500.015625,-187500.015625,-187500.015625,-187500.015625,-187500.015625,-187500.015625,-26095.9746094,0.0
-187500.015625,-187500.015625,-187500.015625,-187500.015625,-187500.015625,-187500.015625,-187500.015625,-26196.2226562,0.0
-187500.015625,-187500.015625,-187500.015625,-187500.015625,-187500.015625,-187500.015625,-187500.015625,-26125.8144531,0.0
-187500.015625,-187500.015625,-187500.015625,-187500.015625,-187500.015625,-187500.015625,-187500.015625,-26015.4414062,0.0
-187500.015625,-187500.015625,-187500.015625,-187500.015625,-187500.015625,-187500.015625,-187500.015625,-26077.9804688,0.0
-187500.015625,-187500.015625,-187500.015625,-187500.015625,-187500.015625,-187500.015625,-187500.015625,-26190.1210938,0.0
-187500.015625,-187500.015625,-187500.015625,-187500.015625,-187500.015625,-187500.015625,-187500.015625,-26145.5957031,0.0
-187500.015625,-187500.015625,-187500.015625,-187500.015625,-187500.015625,-187500.015625,-187500.015625,-26031.3339844,0.0
-187500.015625,-187500.015625,-187500.015625,-187500.015625,-187500.015625,-187500.015625,-187500.015625,-26068.125,0.0
-187500.015625,-187500.015625,-187500.015625,-187500.015625,-187500.015625,-187500.015625,-187500.015625,-26190.6347656,0.0
-187500.015625,-187500.015625,-187500.015625,-187500.015625,-187500.015625,-187500.015625,-187500.015625,-26188.4433594,0.0
-187500.015625,-187500.015625,-187500.015625,-187500.015625,-187500.015625,-187500.015625,-187500.015625,-26074.6738281,0.0
-187500.015625,-187500.015625,-187500.015625,-187500.015625,-187500.015625,-187500.015625,-187500.015625,-26068.9960938,0.0
-187500.015625,-187500.015625,-187500.015625,-187500.015625,-187500.015625,-187500.015625,-187500.015625,-26198.8144531,0.0
-187500.015625,-187500.015625,-187500.015625,-187500.015625,-187500.015625,-187500.015625,-187500.015625,-26215.4003906,0.0
-187500.015625,-187500.015625,-187500.015625,-187500.015625,-187500.015625,-187500.015625,-187500.015625,-26094.0078125,0.0
-187500.015625,-187500.015625,-187500.015625,-187500.015625,-187500.015625,-187500.015625,-187500.015625,-26059.921875,0.0
-187500.015625,-187500.015625,-187500.015625,-187500.015625,-187500.015625,-187500.015625,-187500.015625,-26164.1464844,0.0
-187500.015625,-187500.015625,-187500.015625,-187500.015625,-187500.015625,-187500.015625,-187500.015625,-26208.8964844,0.0
-187500.015625,-187500.015625,-187500.015625,-187500.015625,-187500.015625,-187500.015625,-187500.015625,-26098.2773438,0.0
-187500.015625,-187500.015625,-187500.015625,-187500.015625,-187500.015625,-187500.015625,-187500.015625,-26030.3046875,0.0
-187500.015625,-187500.015625,-187500.015625,-187500.015625,-187500.015625,-187500.015625,-187500.015625,-26129.1230469,0.0
-187500.015625,-187500.015625,-187500.015625,-187500.015625,-187500.015625,-187500.015625,-187500.015625,-26207.2871094,0.0
-187500.015625,-187500.015625,-187500.015625,-187500.015625,-187500.015625,-187500.015625,-187500.015625,-26115.1523438,0.0
-187500.015625,-187500.015625,-187500.015625,-187500.015625,-187500.015625,-187500.015625,-187500.015625,-26021.0507812,0.0
-187500.015625,-187500.015625,-187500.015625,-187500.015625,-187500.015625,-187500.015625,-187500.015625,-26103.9101562,0.0
-187500.015625,-187500.015625,-187500.015625,-187500.015625,-187500.015625,-187500.015625,-187500.015625,-26203.0839844,0.0
-187500.015625,-187500.015625,-187500.015625,-187500.015625,-187500.015625,-187500.015625,-187500.015625,-26135.4707031,0.0
-187500.015625,-187500.015625,-187500.015625,-187500.015625,-187500.015625,-187500.015625,-187500.015625,-26030.3046875,0.0
-187500.015625,-187500.015625,-187500.015625,-187500.015625,-187500.015625,-187500.015625,-187500.015625,-26081.6464844,0.0
-187500.015625,-187500.015625,-187500.015625,-187500.015625,-187500.015625,-187500.015625,-187500.015625,-26197.0722656,0.0
-187500.015625,-187500.015625,-187500.015625,-187500.015625,-187500.015625,-187500.015625,-187500.015625,-26163.6113281,0.0
-187500.015625,-187500.015625,-187500.015625,-187500.015625,-187500.015625,-187500.015625,-187500.015625,-26045.2363281,0.0
-187500.015625,-187500.015625,-187500.015625,-187500.015625,-187500.015625,-187500.015625,-187500.015625,-26070.6503906,0.0
-187500.015625,-187500.015625,-187500.015625,-187500.015625,-187500.015625,-187500.015625,-187500.015625,-26197.8085938,0.0
-187500.015625,-187500.015625,-187500.015625,-187500.015625,-187500.015625,-187500.015625,-187500.015625,-26189.3378906,0.0
-187500.015625,-187500.015625,-187500.015625,-187500.015625,-187500.015625,-187500.015625,-187500.015625,-26064.75,0.0
-187500.015625,-187500.015625,-187500.015625,-187500.015625,-187500.015625,-187500.015625,-187500.015625,-26048.5449219,0.0
-187500.015625,-187500.015625,-187500.015625,-187500.015625,-187500.015625,-187500.015625,-187500.015625,-26171.5898438,0.0
-187500.015625,-187500.015625,-187500.015625,-187500.015625,-187500.015625,-187500.015625,-187500.015625,-26193.6074219,0.0
-187500.015625,-187500.015625,-187500.015625,-187500.015625,-187500.015625,-187500.015625,-187500.015625,-26071.5664062,0.0
-187500.015625,-187500.015625,-187500.015625,-187500.015625,-187500.015625,-187500.015625,-187500.015625,-26030.0820312,0.0
-187500.015625,-187500.015625,-187500.015625,-187500.015625,-187500.015625,-187500.015625,-187500.015625,-26150.6699219,0.0
-187500.015625,-187500.015625,-187500.015625,-187500.015625,-187500.015625,-187500.015625,-187500.015625,-26203.4863281,0.0
-187500.015625,-187500.015625,-187500.015625,-187500.015625,-187500.015625,-187500.015625,-187500.015625,-26088.6875,0.0
-187500.015625,-187500.015625,-187500.015625,-187500.015625,-187500.015625,-187500.015625,-187500.015625,-26022.1015625,0.0
-187500.015625,-187500.015625,-187500.015625,-187500.015625,-187500.015625,-187500.015625,-187500.015625,-26121.6113281,0.0
-187500.015625,-187500.015625,-187500.015625,-187500.015625,-187500.015625,-187500.015625,-187500.015625,-26207.53125,0.0
-187500.015625,-187500.015625,-187500.015625,-187500.015625,-187500.015625,-187500.015625,-187500.015625,-26123.4902344,0.0
-187500.015625,-187500.015625,-187500.015625,-187500.015625,-187500.015625,-187500.015625,-187500.015625,-26024.203125,0.0
-187500.015625,-187500.015625,-187500.015625,-187500.015625,-187500.015625,-187500.015625,-187500.015625,-26101.4277344,0.0
-187500.015625,-187500.015625,-187500.015625,-187500.015625,-187500.015625,-187500.015625,-187500.015625,-26208.1347656,0.0
-187500.015625,-187500.015625,-187500.015625,-187500.015625,-187500.015625,-187500.015625,-187500.015625,-26148.3886719,0.0
-187500.015625,-187500.015625,-187500.015625,-187500.015625,-187500.015625,-187500.015625,-187500.015625,-26037.1445312,0.0
-187500.015625,-187500.015625,-187500.015625,-187500.015625,-187500.015625,-187500.015625,-187500.015625,-26078.09375,0.0
-187500.015625,-187500.015625,-187500.015625,-187500.015625,-187500.015625,-187500.015625,-187500.015625,-26201.8320312,0.0
-187500.015625,-187500.015625,-187500.015625,-187500.015625,-187500.015625,-187500.015625,-187500.015625,-26174.09375,0.0
-187500.015625,-187500.015625,-187500.015625,-187500.015625,-187500.015625,-187500.015625,-187500.015625,-26047.5839844,0.0
-187500.015625,-187500.015625,-187500.015625,-187500.015625,-187500.015625,-187500.015625,-187500.015625,-26064.6152344,0.0
-187500.015625,-187500.015625,-187500.015625,-187500.015625,-187500.015625,-187500.015625,-187500.015625,-26190.7011719,0.0
-187500.015625,-187500.015625,-187500.015625,-187500.015625,-187500.015625,-187500.015625,-187500.015625,-26190.0976562,0.0
-187500.015625,-187500.015625,-187500.015625,-187500.015625,-187500.015625,-187500.015625,-187500.015625,-26063.1835938,0.0
-187500.015625,-187500.015625,-187500.015625,-187500.015625,-187500.015625,-187500.015625,-187500.015625,-26038.5761719,0.0
-187500.015625,-187500.015625,-187500.015625,-187500.015625,-187500.015625,-187500.015625,-187500.015625,-26157.6425781,0.0
-187500.015625,-187500.015625,-187500.015625,-187500.015625,-187500.015625,-187500.015625,-187500.015625,-26190.1875,0.0
-187500.015625,-187500.015625,-187500.015625,-187500.015625,-187500.015625,-187500.015625,-187500.015625,-26075.4101562,0.0
-187500.015625,-187500.015625,-187500.015625,-187500.015625,-187500.015625,-187500.015625,-187500.015625,-26023.6210938,0.0
-187500.015625,-187500.015625,-187500.015625,-187500.015625,-187500.015625,-187500.015625,-187500.015625,-26125.9492188,0.0
-187500.015625,-187500.015625,-187500.015625,-187500.015625,-187500.015625,-187500.015625,-187500.015625,-26188.734375,0.0
-187500.015625,-187500.015625,-187500.015625,-187500.015625,-187500.015625,-187500.015625,-187500.015625,-26086.2519531,0.0
-187500.015625,-187500.015625,-187500.015625,-187500.015625,-187500.015625,-187500.015625,-187500.015625,-26011.0820312,0.0
-187500.015625,-187500.015625,-187500.015625,-187500.015625,-187500.015625,-187500.015625,-187500.015625,-26109.9003906,0.0
-187500.015625,-187500.015625,-187500.015625,-187500.015625,-187500.015625,-187500.015625,-187500.015625,-26199.7988281,0.0
-187500.015625,-187500.015625,-187500.015625,-187500.015625,-187500.015625,-187500.015625,-187500.015625,-26117.0742188,0.0
-187500.015625,-187500.015625,-187500.015625,-187500.015625,-187500.015625,-187500.015625,-187500.015625,-26024.9414062,0.0
-187500.015625,-187500.015625,-187500.015625,-187500.015625,-187500.015625,-187500.015625,-187500.015625,-26091.8398438,0.0
-187500.015625,-187500.015625,-187500.015625,-187500.015625,-187500.015625,-187500.015625,-187500.015625,-26196.7148438,0.0
-187500.015625,-187500.015625,-187500.015625,-187500.015625,-187500.015625,-187500.015625,-187500.015625,-26141.9746094,0.0
-187500.015625,-187500.015625,-187500.015625,-187500.015625,-187500.015625,-187500.015625,-187500.015625,-26029.5234375,0.0
-187500.015625,-187500.015625,-187500.015625,-187500.015625,-187500.015625,-187500.015625,-187500.015625,-26073.8691406,0.0
-187500.015625,-187500.015625,-187500.015625,-187500.015625,-187500.015625,-187500.015625,-187500.015625,-26193.4960938,0.0
-187500.015625,-187500.015625,-187500.015625,-187500.015625,-187500.015625,-187500.015625,-187500.015625,-26166.0703125,0.0
-187500.015625,-187500.015625,-187500.015625,-187500.015625,-187500.015625,-187500.015625,-187500.015625,-26041.2578125,0.0
-187500.015625,-187500.015625,-187500.015625,-187500.015625,-187500.015625,-187500.015625,-187500.015625,-26053.3945312,0.0
-187500.015625,-187500.015625,-187500.015625,-187500.015625,-187500.015625,-187500.015625,-187500.015625,-26169.6230469,0.0
-187500.015625,-187500.015625,-187500.015625,-187500.015625,-187500.015625,-187500.015625,-187500.015625,-26172.2167969,0.0
-187500.015625,-187500.015625,-187500.015625,-187500.015625,-187500.015625,-187500.015625,-187500.015625,-26040.2519531,0.0
-187500.015625,-187500.015625,-187500.015625,-187500.015625,-187500.015625,-187500.015625,-187500.015625,-26020.7167969,0.0
-187500.015625,-187500.015625,-187500.015625,-187500.015625,-187500.015625,-187500.015625,-187500.015625,-26142.9355469,0.0
-187500.015625,-187500.015625,-187500.015625,-187500.015625,-187500.015625,-187500.015625,-187500.015625,-26184.4433594,0.0
-187500.015625,-187500.015625,-187500.015625,-187500.015625,-187500.015625,-187500.015625,-187500.015625,-26072.5507812,0.0
-187500.015625,-187500.015625,-187500.015625,-187500.015625,-187500.015625,-187500.015625,-187500.015625,-26018.0332031,0.0
-187500.015625,-187500.015625,-187500.015625,-187500.015625,-187500.015625,-187500.015625,-187500.015625,-26128.1601562,0.0
-187500.015625,-187500.015625,-187500.015625,-187500.015625,-187500.015625,-187500.015625,-187500.015625,-26201.4980469,0.0
-187500.015625,-187500.015625,-187500.015625,-187500.015625,-187500.015625,-187500.015625,-187500.015625,-26102.4785156,0.0
-187500.015625,-187500.015625,-187500.015625,-187500.015625,-187500.015625,-187500.015625,-187500.015625,-26021.1855469,0.0
-187500.015625,-187500.015625,-187500.015625,-187500.015625,-187500.015625,-187500.015625,-187500.015625,-26107.2167969,0.0
-187500.015625,-187500.015625,-187500.015625,-187500.015625,-187500.015625,-187500.015625,-187500.015625,-26199.0839844,0.0
-187500.015625,-187500.015625,-187500.015625,-187500.015625,-187500.015625,-187500.015625,-187500.015625,-26121.4550781,0.0
-187500.015625,-187500.015625,-187500.015625,-187500.015625,-187500.015625,-187500.015625,-187500.015625,-26015.7988281,0.0
-187500.015625,-187500.015625,-187500.015625,-187500.015625,-187500.015625,-187500.015625,-187500.015625,-26081.6914062,0.0
-187500.015625,-187500.015625,-187500.015625,-187500.015625,-187500.015625,-187500.015625,-187500.015625,-26190.5214844,0.0
-187500.015625,-187500.015625,-187500.015625,-187500.015625,-187500.015625,-187500.015625,-187500.015625,-26141.9511719,0.0
-187500.015625,-187500.015625,-187500.015625,-187500.015625,-187500.015625,-187500.015625,-187500.015625,-26028.5839844,0.0
-187500.015625,-187500.015625,-187500.015625,-187500.015625,-187500.015625,-187500.015625,-187500.015625,-26060.8144531,0.0
-187500.015625,-187500.015625,-187500.015625,-187500.015625,-187500.015625,-187500.015625,-187500.015625,-26179.0117188,0.0
-187500.015625,-187500.015625,-187500.015625,-187500.015625,-187500.015625,-187500.015625,-187500.015625,-26165.1972656,0.0
-187500.015625,-187500.015625,-187500.015625,-187500.015625,-187500.015625,-187500.015625,-187500.015625,-26037.5019531,0.0
-187500.015625,-187500.015625,-187500.015625,-187500.015625,-187500.015625,-187500.015625,-187500.015625,-26046.6210938,0.0
-187500.015625,-187500.015625,-187500.015625,-187500.015625,-187500.015625,-187500.015625,-187500.015625,-26169.2890625,0.0
-187500.015625,-187500.015625,-187500.015625,-187500.015625,-187500.015625,-187500.015625,-187500.015625,-26186.0078125,0.0
-187500.015625,-187500.015625,-187500.015625,-187500.015625,-187500.015625,-187500.015625,-187500.015625,-26065.1289062,0.0
-187500.015625,-187500.015625,-187500.015625,-187500.015625,-187500.015625,-187500.015625,-187500.015625,-26035.8027344,0.0
-187500.015625,-187500.015625,-187500.015625,-187500.015625,-187500.015625,-187500.015625,-187500.015625,-26154.6035156,0.0
-187500.015625,-187500.015625,-187500.015625,-187500.015625,-187500.015625,-187500.015625,-187500.015625,-26200.2011719,0.0
-187500.015625,-187500.015625,-187500.015625,-187500.015625,-187500.015625,-187500.015625,-187500.015625,-26083.6367188,0.0
-187500.015625,-187500.015625,-187500.015625,-187500.015625,-187500.015625,-187500.015625,-187500.015625,-26024.2246094,0.0
-187500.015625,-187500.015625,-187500.015625,-187500.015625,-187500.015625,-187500.015625,-187500.015625,-26132.0273438,0.0
-187500.015625,-187500.015625,-187500.015625,-187500.015625,-187500.015625,-187500.015625,-187500.015625,-26199.5527344,0.0
-187500.015625,-187500.015625,-187500.015625,-187500.015625,-187500.015625,-187500.015625,-187500.015625,-26101.3398438,0.0
-187500.015625,-187500.015625,-187500.015625,-187500.015625,-187500.015625,-187500.015625,-187500.015625,-26019.4414062,0.0
-187500.015625,-187500.015625,-187500.015625,-187500.015625,-187500.015625,-187500.015625,-187500.015625,-26109.0058594,0.0
-187500.015625,-187500.015625,-187500.015625,-187500.015625,-187500.015625,-187500.015625,-187500.015625,-26203.9785156,0.0
-187500.015625,-187500.015625,-187500.015625,-187500.015625,-187500.015625,-187500.015625,-187500.015625,-26133.6152344,0.0
-187500.015625,-187500.015625,-187500.015625,-187500.015625,-187500.015625,-187500.015625,-187500.015625,-26026.7285156,0.0
-187500.015625,-187500.015625,-187500.015625,-187500.015625,-187500.015625,-187500.015625,-187500.015625,-26085.8261719,0.0
-187500.015625,-187500.015625,-187500.015625,-187500.015625,-187500.015625,-187500.015625,-187500.015625,-26200.1777344,0.0
-187500.015625,-187500.015625,-187500.015625,-187500.015625,-187500.015625,-187500.015625,-187500.015625,-26155.1835938,0.0
-187500.015625,-187500.015625,-187500.015625,-187500.015625,-187500.015625,-187500.015625,-187500.015625,-26034.5078125,0.0
-187500.015625,-187500.015625,-187500.015625,-187500.015625,-187500.015625,-187500.015625,-187500.015625,-26062.5371094,0.0
-187500.015625,-187500.015625,-187500.015625,-187500.015625,-187500.015625,-187500.015625,-187500.015625,-26184.21875,0.0
-187500.015625,-187500.015625,-187500.015625,-187500.015625,-187500.015625,-187500.015625,-187500.015625,-26173.4238281,0.0
-187500.015625,-187500.015625,-187500.015625,-187500.015625,-187500.015625,-187500.015625,-187500.015625,-26045.9746094,0.0
-187500.015625,-187500.015625,-187500.015625,-187500.015625,-187500.015625,-187500.015625,-187500.015625,-26042.3300781,0.0
-187500.015625,-187500.015625,-187500.015625,-187500.015625,-187500.015625,-187500.015625,-187500.015625,-26172.2382812,0.0
-187500.015625,-187500.015625,-187500.015625,-187500.015625,-187500.015625,-187500.015625,-187500.015625,-26191.5273438,0.0
-187500.015625,-187500.015625,-187500.015625,-187500.015625,-187500.015625,-187500.015625,-187500.015625,-26060.546875,0.0
-187500.015625,-187500.015625,-187500.015625,-187500.015625,-187500.015625,-187500.015625,-187500.015625,-26027.3320312,0.0
-187500.015625,-187500.015625,-187500.015625,-187500.015625,-187500.015625,-187500.015625,-187500.015625,-26147.6523438,0.0
-187500.015625,-187500.015625,-187500.015625,-187500.015625,-187500.015625,-187500.015625,-187500.015625,-26197.8769531,0.0
-187500.015625,-187500.015625,-187500.015625,-187500.015625,-187500.015625,-187500.015625,-187500.015625,-26089.4921875,0.0
-187500.015625,-187500.015625,-187500.015625,-187500.015625,-187500.015625,-187500.015625,-187500.015625,-26019.2636719,0.0
-187500.015625,-187500.015625,-187500.015625,-187500.015625,-187500.015625,-187500.015625,-187500.015625,-26117.6777344,0.0
-187500.015625,-187500.015625,-187500.015625,-187500.015625,-187500.015625,-187500.015625,-187500.015625,-26198.2109375,0.0
-187500.015625,-187500.015625,-187500.015625,-187500.015625,-187500.015625,-187500.015625,-187500.015625,-26109.8554688,0.0
-187500.015625,-187500.015625,-187500.015625,-187500.015625,-187500.015625,-187500.015625,-187500.015625,-26021.4980469,0.0
-187500.015625,-187500.015625,-187500.015625,-187500.015625,-187500.015625,-187500.015625,-187500.015625,-26102.546875,0.0
-187500.015625,-187500.015625,-187500.015625,-187500.015625,-187500.015625,-187500.015625,-187500.015625,-26201.0273438,0.0
-187500.015625,-187500.015625,-187500.015625,-187500.015625,-187500.015625,-187500.015625,-187500.015625,-26127.9824219,0.0
-187500.015625,-187500.015625,-187500.015625,-187500.015625,-187500.015625,-187500.015625,-187500.015625,-26020.4921875,0.0
-187500.015625,-187500.015625,-187500.015625,-187500.015625,-187500.015625,-187500.015625,-187500.015625,-26078.09375,0.0
-187500.015625,-187500.015625,-187500.015625,-187500.015625,-187500.015625,-187500.015625,-187500.015625,-26197.8320312,0.0
-187500.015625,-187500.015625,-187500.015625,-187500.015625,-187500.015625,-187500.015625,-187500.015625,-26156.8378906,0.0
-187500.015625,-187500.015625,-187500.015625,-187500.015625,-187500.015625,-187500.015625,-187500.015625,-26037.5019531,0.0
-187500.015625,-187500.015625,-187500.015625,-187500.015625,-187500.015625,-187500.015625,-187500.015625,-26061.7988281,0.0
-187500.015625,-187500.015625,-187500.015625,-187500.015625,-187500.015625,-187500.015625,-187500.015625,-26184.1972656,0.0
-187500.015625,-187500.015625,-187500.015625,-187500.015625,-187500.015625,-187500.015625,-187500.015625,-26172.7519531,0.0
-187500.015625,-187500.015625,-187500.015625,-187500.015625,-187500.015625,-187500.015625,-187500.015625,-26047.1582031,0.0
-187500.015625,-187500.015625,-187500.015625,-187500.015625,-187500.015625,-187500.015625,-187500.015625,-26038.9335938,0.0
-187500.015625,-187500.015625,-187500.015625,-187500.015625,-187500.015625,-187500.015625,-187500.015625,-26171.3671875,0.0
-187500.015625,-187500.015625,-187500.015625,-187500.015625,-187500.015625,-187500.015625,-187500.015625,-26196.7363281,0.0
-187500.015625,-187500.015625,-187500.015625,-187500.015625,-187500.015625,-187500.015625,-187500.015625,-26072.5507812,0.0
-187500.015625,-187500.015625,-187500.015625,-187500.015625,-187500.015625,-187500.015625,-187500.015625,-26029.65625,0.0
-187500.015625,-187500.015625,-187500.015625,-187500.015625,-187500.015625,-187500.015625,-187500.015625,-26140.4550781,0.0
-187500.015625,-187500.015625,-187500.015625,-187500.015625,-187500.015625,-187500.015625,-187500.015625,-26190.2324219,0.0
-187500.015625,-187500.015625,-187500.015625,-187500.015625,-187500.015625,-187500.015625,-187500.015625,-26080.1933594,0.0
-187500.015625,-187500.015625,-187500.015625,-187500.015625,-187500.015625,-187500.015625,-187500.015625,-26014.0097656,0.0
-187500.015625,-187500.015625,-187500.015625,-187500.015625,-187500.015625,-187500.015625,-187500.015625,-26105.7421875,0.0
-187500.015625,-187500.015625,-187500.015625,-187500.015625,-187500.015625,-187500.015625,-187500.015625,-26188.9355469,0.0
-187500.015625,-187500.015625,-187500.015625,-187500.015625,-187500.015625,-187500.015625,-187500.015625,-26102.3007812,0.0
-187500.015625,-187500.015625,-187500.015625,-187500.015625,-187500.015625,-187500.015625,-187500.015625,-26007.3730469,0.0
-187500.015625,-187500.015625,-187500.015625,-187500.015625,-187500.015625,-187500.015625,-187500.015625,-26083.859375,0.0
-187500.015625,-187500.015625,-187500.015625,-187500.015625,-187500.015625,-187500.015625,-187500.015625,-26185.0917969,0.0
-187500.015625,-187500.015625,-187500.015625,-187500.015625,-187500.015625,-187500.015625,-187500.015625,-26132.7871094,0.0
-187500.015625,-187500.015625,-187500.015625,-187500.015625,-187500.015625,-187500.015625,-187500.015625,-26025.2753906,0.0
-187500.015625,-187500.015625,-187500.015625,-187500.015625,-187500.015625,-187500.015625,-187500.015625,-26078.4960938,0.0
-187500.015625,-187500.015625,-187500.015625,-187500.015625,-187500.015625,-187500.015625,-187500.015625,-26194.9707031,0.0
-187500.015625,-187500.015625,-187500.015625,-187500.015625,-187500.015625,-187500.015625,-187500.015625,-26156.4589844,0.0
-187500.015625,-187500.015625,-187500.015625,-187500.015625,-187500.015625,-187500.015625,-187500.015625,-26034.328125,0.0
-187500.015625,-187500.015625,-187500.015625,-187500.015625,-187500.015625,-187500.015625,-187500.015625,-26058.8710938,0.0
-187500.015625,-187500.015625,-187500.015625,-187500.015625,-187500.015625,-187500.015625,-187500.015625,-26180.3085938,0.0
-187500.015625,-187500.015625,-187500.015625,-187500.015625,-187500.015625,-187500.015625,-187500.015625,-26176.015625,0.0
-187500.015625,-187500.015625,-187500.015625,-187500.015625,-187500.015625,-187500.015625,-187500.015625,-26051.2929688,0.0
-187500.015625,-187500.015625,-187500.015625,-187500.015625,-187500.015625,-187500.015625,-187500.015625,-26035.4902344,0.0
-187500.015625,-187500.015625,-187500.015625,-187500.015625,-187500.015625,-187500.015625,-187500.015625,-26161.2421875,0.0
-187500.015625,-187500.015625,-187500.015625,-187500.015625,-187500.015625,-187500.015625,-187500.015625,-26189.5390625,0.0
-187500.015625,-187500.015625,-187500.015625,-187500.015625,-187500.015625,-187500.015625,-187500.015625,-26067.6992188,0.0
-187500.015625,-187500.015625,-187500.015625,-187500.015625,-187500.015625,-187500.015625,-187500.015625,-26025.96875,0.0
-187500.015625,-187500.015625,-187500.015625,-187500.015625,-187500.015625,-187500.015625,-187500.015625,-26138.8457031,0.0
-187500.015625,-187500.015625,-187500.015625,-187500.015625,-187500.015625,-187500.015625,-187500.015625,-26199.8203125,0.0
-187500.015625,-187500.015625,-187500.015625,-187500.015625,-187500.015625,-187500.015625,-187500.015625,-26102.7246094,0.0
-187500.015625,-187500.015625,-187500.015625,-187500.015625,-187500.015625,-187500.015625,-187500.015625,-26028.0917969,0.0
-187500.015625,-187500.015625,-187500.015625,-187500.015625,-187500.015625,-187500.015625,-187500.015625,-26123.3769531,0.0
-187500.015625,-187500.015625,-187500.015625,-187500.015625,-187500.015625,-187500.015625,-187500.015625,-26214.3945312,0.0
-187500.015625,-187500.015625,-187500.015625,-187500.015625,-187500.015625,-187500.015625,-187500.015625,-26127.3554688,0.0
-187500.015625,-187500.015625,-187500.015625,-187500.015625,-187500.015625,-187500.015625,-187500.015625,-26027.8457031,0.0
-187500.015625,-187500.015625,-187500.015625,-187500.015625,-187500.015625,-187500.015625,-187500.015625,-26096.8242188,0.0
-187500.015625,-187500.015625,-187500.015625,-187500.015625,-187500.015625,-187500.015625,-187500.015625,-26207.7773438,0.0
-187500.015625,-187500.015625,-187500.015625,-187500.015625,-187500.015625,-187500.015625,-187500.015625,-26154.625,0.0
-187500.015625,-187500.015625,-187500.015625,-187500.015625,-187500.015625,-187500.015625,-187500.015625,-26042.5976562,0.0
-187500.015625,-187500.015625,-187500.015625,-187500.015625,-187500.015625,-187500.015625,-187500.015625,-26086.3632812,0.0
-187500.015625,-187500.015625,-187500.015625,-187500.015625,-187500.015625,-187500.015625,-187500.015625,-26206.4375,0.0
-187500.015625,-187500.015625,-187500.015625,-187500.015625,-187500.015625,-187500.015625,-187500.015625,-26182.1855469,0.0
-187500.015625,-187500.015625,-187500.015625,-187500.015625,-187500.015625,-187500.015625,-187500.015625,-26057.3945312,0.0
-187500.015625,-187500.015625,-187500.015625,-187500.015625,-187500.015625,-187500.015625,-187500.015625,-26064.2792969,0.0
-187500.015625,-187500.015625,-187500.015625,-187500.015625,-187500.015625,-187500.015625,-187500.015625,-26180.7109375,0.0
-187500.015625,-187500.015625,-187500.015625,-187500.015625,-187500.015625,-187500.015625,-187500.015625,-26187.6621094,0.0
-187500.015625,-187500.015625,-187500.015625,-187500.015625,-187500.015625,-187500.015625,-187500.015625,-26056.5234375,0.0
-187500.015625,-187500.015625,-187500.015625,-187500.015625,-187500.015625,-187500.015625,-187500.015625,-26035.1777344,0.0
-187500.015625,-187500.015625,-187500.015625,-187500.015625,-187500.015625,-187500.015625,-187500.015625,-26154.46875,0.0
-187500.015625,-187500.015625,-187500.015625,-187500.015625,-187500.015625,-187500.015625,-187500.015625,-26196.4902344,0.0
-187500.015625,-187500.015625,-187500.015625,-187500.015625,-187500.015625,-187500.015625,-187500.015625,-26081.8925781,0.0
-187500.015625,-187500.015625,-187500.015625,-187500.015625,-187500.015625,-187500.015625,-187500.015625,-26026.1484375,0.0
-187500.015625,-187500.015625,-187500.015625,-187500.015625,-187500.015625,-187500.015625,-187500.015625,-26134.5761719,0.0
-187500.015625,-187500.015625,-187500.015625,-187500.015625,-187500.015625,-187500.015625,-187500.015625,-26204.7832031,0.0
-187500.015625,-187500.015625,-187500.015625,-187500.015625,-187500.015625,-187500.015625,-187500.015625,-26109.7871094,0.0
-187500.015625,-187500.015625,-187500.015625,-187500.015625,-187500.015625,-187500.015625,-187500.015625,-26025.2539062,0.0
-187500.015625,-187500.015625,-187500.015625,-187500.015625,-187500.015625,-187500.015625,-187500.015625,-26114.8613281,0.0
-187500.015625,-187500.015625,-187500.015625,-187500.015625,-187500.015625,-187500.015625,-187500.015625,-26209.5664062,0.0
-187500.015625,-187500.015625,-187500.015625,-187500.015625,-187500.015625,-187500.015625,-187500.015625,-26129.7695312,0.0
-187500.015625,-187500.015625,-187500.015625,-187500.015625,-187500.015625,-187500.015625,-187500.015625,-26026.3945312,0.0
-187500.015625,-187500.015625,-187500.015625,-187500.015625,-187500.015625,-187500.015625,-187500.015625,-26092.3320312,0.0
-187500.015625,-187500.015625,-187500.015625,-187500.015625,-187500.015625,-187500.015625,-187500.015625,-26197.8535156,0.0
-187500.015625,-187500.015625,-187500.015625,-187500.015625,-187500.015625,-187500.015625,-187500.015625,-26147.4960938,0.0
-187500.015625,-187500.015625,-187500.015625,-187500.015625,-187500.015625,-187500.015625,-187500.015625,-26032.0703125,0.0
-187500.015625,-187500.015625,-187500.015625,-187500.015625,-187500.015625,-187500.015625,-187500.015625,-26060.2558594,0.0
-187500.015625,-187500.015625,-187500.015625,-187500.015625,-187500.015625,-187500.015625,-187500.015625,-26183.8847656,0.0
-187500.015625,-187500.015625,-187500.015625,-187500.015625,-187500.015625,-187500.015625,-187500.015625,-26162.9179688,0.0
-187500.015625,-187500.015625,-187500.015625,-187500.015625,-187500.015625,-187500.015625,-187500.015625,-26040.0273438,0.0
-187500.015625,-187500.015625,-187500.015625,-187500.015625,-187500.015625,-187500.015625,-187500.015625,-26043.5371094,0.0
-187500.015625,-187500.015625,-187500.015625,-187500.015625,-187500.015625,-187500.015625,-187500.015625,-26169.6464844,0.0
-187500.015625,-187500.015625,-187500.015625,-187500.015625,-187500.015625,-187500.015625,-187500.015625,-26185.5371094,0.0
-187500.015625,-187500.015625,-187500.015625,-187500.015625,-187500.015625,-187500.015625,-187500.015625,-26064.0117188,0.0
-187500.015625,-187500.015625,-187500.015625,-187500.015625,-187500.015625,-187500.015625,-187500.015625,-26032.2714844,0.0
-187500.015625,-187500.015625,-187500.015625,-187500.015625,-187500.015625,-187500.015625,-187500.015625,-26152.4804688,0.0
-187500.015625,-187500.015625,-187500.015625,-187500.015625,-187500.015625,-187500.015625,-187500.015625,-26201.4082031,0.0
-187500.015625,-187500.015625,-187500.015625,-187500.015625,-187500.015625,-187500.015625,-187500.015625,-26089.2011719,0.0
-187500.015625,-187500.015625,-187500.015625,-187500.015625,-187500.015625,-187500.015625,-187500.015625,-26028.6503906,0.0
-187500.015625,-187500.015625,-187500.015625,-187500.015625,-187500.015625,-187500.015625,-187500.015625,-26136.6542969,0.0
-187500.015625,-187500.015625,-187500.015625,-187500.015625,-187500.015625,-187500.015625,-187500.015625,-26204.671875,0.0
-187500.015625,-187500.015625,-187500.015625,-187500.015625,-187500.015625,-187500.015625,-187500.015625,-26105.09375,0.0
-187500.015625,-187500.015625,-187500.015625,-187500.015625,-187500.015625,-187500.015625,-187500.015625,-26016.7832031,0.0
-187500.015625,-187500.015625,-187500.015625,-187500.015625,-187500.015625,-187500.015625,-187500.015625,-26103.1503906,0.0
-187500.015625,-187500.015625,-187500.015625,-187500.015625,-187500.015625,-187500.015625,-187500.015625,-26192.6464844,0.0
-187500.015625,-187500.015625,-187500.015625,-187500.015625,-187500.015625,-187500.015625,-187500.015625,-26119.8242188,0.0
-187500.015625,-187500.015625,-187500.015625,-187500.015625,-187500.015625,-187500.015625,-187500.015625,-26015.1738281,0.0
-187500.015625,-187500.015625,-187500.015625,-187500.015625,-187500.015625,-187500.015625,-187500.015625,-26077.1992188,0.0
-187500.015625,-187500.015625,-187500.015625,-187500.015625,-187500.015625,-187500.015625,-187500.015625,-26190.7460938,0.0
-187500.015625,-187500.015625,-187500.015625,-187500.015625,-187500.015625,-187500.015625,-187500.015625,-26150.2441406,0.0
-187500.015625,-187500.015625,-187500.015625,-187500.015625,-187500.015625,-187500.015625,-187500.015625,-26029.5898438,0.0
-187500.015625,-187500.015625,-187500.015625,-187500.015625,-187500.015625,-187500.015625,-187500.015625,-26057.2832031,0.0
-187500.015625,-187500.015625,-187500.015625,-187500.015625,-187500.015625,-187500.015625,-187500.015625,-26181.8046875,0.0
-187500.015625,-187500.015625,-187500.015625,-187500.015625,-187500.015625,-187500.015625,-187500.015625,-26170.8984375,0.0
-187500.015625,-187500.015625,-187500.015625,-187500.015625,-187500.015625,-187500.015625,-187500.015625,-26046.5097656,0.0
-187500.015625,-187500.015625,-187500.015625,-187500.015625,-187500.015625,-187500.015625,-187500.015625,-26041.9277344,0.0
-187500.015625,-187500.015625,-187500.015625,-187500.015625,-187500.015625,-187500.015625,-187500.015625,-26167.34375,0.0
-187500.015625,-187500.015625,-187500.015625,-187500.015625,-187500.015625,-187500.015625,-187500.015625,-26189.2714844,0.0
-187500.015625,-187500.015625,-187500.015625,-187500.015625,-187500.015625,-187500.015625,-187500.015625,-26071.96875,0.0
-187500.015625,-187500.015625,-187500.015625,-187500.015625,-187500.015625,-187500.015625,-187500.015625,-26033.2109375,0.0
-187500.015625,-187500.015625,-187500.015625,-187500.015625,-187500.015625,-187500.015625,-187500.015625,-26150.1328125,0.0
-187500.015625,-187500.015625,-187500.015625,-187500.015625,-187500.015625,-187500.015625,-187500.015625,-26203.4863281,0.0
-187500.015625,-187500.015625,-187500.015625,-187500.015625,-187500.015625,-187500.015625,-187500.015625,-26094.5214844,0.0
-187500.015625,-187500.015625,-187500.015625,-187500.015625,-187500.015625,-187500.015625,-187500.015625,-26031.3105469,0.0
-187500.015625,-187500.015625,-187500.015625,-187500.015625,-187500.015625,-187500.015625,-187500.015625,-26138.890625,0.0
-187500.015625,-187500.015625,-187500.015625,-187500.015625,-187500.015625,-187500.015625,-187500.015625,-26214.5058594,0.0
-187500.015625,-187500.015625,-187500.015625,-187500.015625,-187500.015625,-187500.015625,-187500.015625,-26119.5566406,0.0
-187500.015625,-187500.015625,-187500.015625,-187500.015625,-187500.015625,-187500.015625,-187500.015625,-26032.1152344,0.0
-187500.015625,-187500.015625,-187500.015625,-187500.015625,-187500.015625,-187500.015625,-187500.015625,-26109.8769531,0.0
-187500.015625,-187500.015625,-187500.015625,-187500.015625,-187500.015625,-187500.015625,-187500.015625,-26211.4667969,0.0
-187500.015625,-187500.015625,-187500.015625,-187500.015625,-187500.015625,-187500.015625,-187500.015625,-26140.8339844,0.0
-187500.015625,-187500.015625,-187500.015625,-187500.015625,-187500.015625,-187500.015625,-187500.015625,-26040.3632812,0.0
-187500.015625,-187500.015625,-187500.015625,-187500.015625,-187500.015625,-187500.015625,-187500.015625,-26091.28125,0.0
-187500.015625,-187500.015625,-187500.015625,-187500.015625,-187500.015625,-187500.015625,-187500.015625,-26203.9335938,0.0
-187500.015625,-187500.015625,-187500.015625,-187500.015625,-187500.015625,-187500.015625,-187500.015625,-26173.6015625,0.0
-187500.015625,-187500.015625,-187500.015625,-187500.015625,-187500.015625,-187500.015625,-187500.015625,-26064.9726562,0.0
-187500.015625,-187500.015625,-187500.015625,-187500.015625,-187500.015625,-187500.015625,-187500.015625,-26093.046875,0.0
-187500.015625,-187500.015625,-187500.015625,-187500.015625,-187500.015625,-187500.015625,-187500.015625,-26214.3046875,0.0
-187500.015625,-187500.015625,-187500.015625,-187500.015625,-187500.015625,-187500.015625,-187500.015625,-26213.5898438,0.0
-187500.015625,-187500.015625,-187500.015625,-187500.015625,-187500.015625,-187500.015625,-187500.015625,-26096.5996094,0.0
-187500.015625,-187500.015625,-187500.015625,-187500.015625,-187500.015625,-187500.015625,-187500.015625,-26081.3339844,0.0
-187500.015625,-187500.015625,-187500.015625,-187500.015625,-187500.015625,-187500.015625,-187500.015625,-26203.5527344,0.0
-187500.015625,-187500.015625,-187500.015625,-187500.015625,-187500.015625,-187500.015625,-187500.015625,-26227.2910156,0.0
-187500.015625,-187500.015625,-187500.015625,-187500.015625,-187500.015625,-187500.015625,-187500.015625,-26105.8320312,0.0
-187500.015625,-187500.015625,-187500.015625,-187500.015625,-187500.015625,-187500.015625,-187500.015625,-26065.9785156,0.0
-187500.015625,-187500.015625,-187500.015625,-187500.015625,-187500.015625,-187500.015625,-187500.015625,-26175.2792969,0.0
-187500.015625,-187500.015625,-187500.015625,-187500.015625,-187500.015625,-187500.015625,-187500.015625,-26220.5410156,0.0
-187500.015625,-187500.015625,-187500.015625,-187500.015625,-187500.015625,-187500.015625,-187500.015625,-26108.6484375,0.0
-187500.015625,-187500.015625,-187500.015625,-187500.015625,-187500.015625,-187500.015625,-187500.015625,-26043.7382812,0.0
-187500.015625,-187500.015625,-187500.015625,-187500.015625,-187500.015625,-187500.015625,-187500.015625,-26139.046875,0.0
-187500.015625,-187500.015625,-187500.015625,-187500.015625,-187500.015625,-187500.015625,-187500.015625,-26222.2617188,0.0
-187500.015625,-187500.015625,-187500.015625,-187500.015625,-187500.015625,-187500.015625,-187500.015625,-26135.984375,0.0
-187500.015625,-187500.015625,-187500.015625,-187500.015625,-187500.015625,-187500.015625,-187500.015625,-26043.7832031,0.0
-187500.015625,-187500.015625,-187500.015625,-187500.015625,-187500.015625,-187500.015625,-187500.015625,-26113.0742188,0.0
-187500.015625,-187500.015625,-187500.015625,-187500.015625,-187500.015625,-187500.015625,-187500.015625,-26214.3710938,0.0
-187500.015625,-187500.015625,-187500.015625,-187500.015625,-187500.015625,-187500.015625,-187500.015625,-26158.2695312,0.0
-187500.015625,-187500.015625,-187500.015625,-187500.015625,-187500.015625,-187500.015625,-187500.015625,-26046.3535156,0.0
-187500.015625,-187500.015625,-187500.015625,-187500.015625,-187500.015625,-187500.015625,-187500.015625,-26091.8847656,0.0
-187500.015625,-187500.015625,-187500.015625,-187500.015625,-187500.015625,-187500.015625,-187500.015625,-26214.3945312,0.0
-187500.015625,-187500.015625,-187500.015625,-187500.015625,-187500.015625,-187500.015625,-187500.015625,-26183.1914062,0.0
-187500.015625,-187500.015625,-187500.015625,-187500.015625,-187500.015625,-187500.015625,-187500.015625,-26061.4414062,0.0
-187500.015625,-187500.015625,-187500.015625,-187500.015625,-187500.015625,-187500.015625,-187500.015625,-26080.3066406,0.0
-187500.015625,-187500.015625,-187500.015625,-187500.015625,-187500.015625,-187500.015625,-187500.015625,-26212.359375,0.0
-187500.015625,-187500.015625,-187500.015625,-187500.015625,-187500.015625,-187500.015625,-187500.015625,-26204.6035156,0.0
-187500.015625,-187500.015625,-187500.015625,-187500.015625,-187500.015625,-187500.015625,-187500.015625,-26079.3886719,0.0
-187500.015625,-187500.015625,-187500.015625,-187500.015625,-187500.015625,-187500.015625,-187500.015625,-26063.6542969,0.0
-187500.015625,-187500.015625,-187500.015625,-187500.015625,-187500.015625,-187500.015625,-187500.015625,-26183.1464844,0.0
-187500.015625,-187500.015625,-187500.015625,-187500.015625,-187500.015625,-187500.015625,-187500.015625,-26223.4238281,0.0
-187500.015625,-187500.015625,-187500.015625,-187500.015625,-187500.015625,-187500.015625,-187500.015625,-26104.9609375,0.0
-187500.015625,-187500.015625,-187500.015625,-187500.015625,-187500.015625,-187500.015625,-187500.015625,-26056.1445312,0.0
-187500.015625,-187500.015625,-187500.015625,-187500.015625,-187500.015625,-187500.015625,-187500.015625,-26167.2773438,0.0
-187500.015625,-187500.015625,-187500.015625,-187500.015625,-187500.015625,-187500.015625,-187500.015625,-26227.7382812,0.0
-187500.015625,-187500.015625,-187500.015625,-187500.015625,-187500.015625,-187500.015625,-187500.015625,-26125.1875,0.0
-187500.015625,-187500.015625,-187500.015625,-187500.015625,-187500.015625,-187500.015625,-187500.015625,-26052.0527344,0.0
-187500.015625,-187500.015625,-187500.015625,-187500.015625,-187500.015625,-187500.015625,-187500.015625,-26143.0703125,0.0
-187500.015625,-187500.015625,-187500.015625,-187500.015625,-187500.015625,-187500.015625,-187500.015625,-26220.5859375,0.0
-187500.015625,-187500.015625,-187500.015625,-187500.015625,-187500.015625,-187500.015625,-187500.015625,-26128.6757812,0.0
-187500.015625,-187500.015625,-187500.015625,-187500.015625,-187500.015625,-187500.015625,-187500.015625,-26035.0664062,0.0
-187500.015625,-187500.015625,-187500.015625,-187500.015625,-187500.015625,-187500.015625,-187500.015625,-26103.0371094,0.0
-187500.015625,-187500.015625,-187500.015625,-187500.015625,-187500.015625,-187500.015625,-187500.015625,-26208.203125,0.0
-187500.015625,-187500.015625,-187500.015625,-187500.015625,-187500.015625,-187500.015625,-187500.015625,-26151.921875,0.0
-187500.015625,-187500.015625,-187500.015625,-187500.015625,-187500.015625,-187500.015625,-187500.015625,-26034.9550781,0.0
-187500.015625,-187500.015625,-187500.015625,-187500.015625,-187500.015625,-187500.015625,-187500.015625,-26072.1699219,0.0
-187500.015625,-187500.015625,-187500.015625,-187500.015625,-187500.015625,-187500.015625,-187500.015625,-26195.7304688,0.0
-187500.015625,-187500.015625,-187500.015625,-187500.015625,-187500.015625,-187500.015625,-187500.015625,-26170.9648438,0.0
-187500.015625,-187500.015625,-187500.015625,-187500.015625,-187500.015625,-187500.015625,-187500.015625,-26050.4667969,0.0
-187500.015625,-187500.015625,-187500.015625,-187500.015625,-187500.015625,-187500.015625,-187500.015625,-26062.0,0.0
-187500.015625,-187500.015625,-187500.015625,-187500.015625,-187500.015625,-187500.015625,-187500.015625,-26185.4042969,0.0
-187500.015625,-187500.015625,-187500.015625,-187500.015625,-187500.015625,-187500.015625,-187500.015625,-26195.8652344,0.0
-187500.015625,-187500.015625,-187500.015625,-187500.015625,-187500.015625,-187500.015625,-187500.015625,-26076.0820312,0.0
-187500.015625,-187500.015625,-187500.015625,-187500.015625,-187500.015625,-187500.015625,-187500.015625,-26051.5175781,0.0
-187500.015625,-187500.015625,-187500.015625,-187500.015625,-187500.015625,-187500.015625,-187500.015625,-26171.3007812,0.0
-187500.015625,-187500.015625,-187500.015625,-187500.015625,-187500.015625,-187500.015625,-187500.015625,-26201.921875,0.0
-187500.015625,-187500.015625,-187500.015625,-187500.015625,-187500.015625,-187500.015625,-187500.015625,-26089.0234375,0.0
-187500.015625,-187500.015625,-187500.015625,-187500.015625,-187500.015625,-187500.015625,-187500.015625,-26040.5429688,0.0
-187500.015625,-187500.015625,-187500.015625,-187500.015625,-187500.015625,-187500.015625,-187500.015625,-26145.5507812,0.0
-187500.015625,-187500.015625,-187500.015625,-187500.015625,-187500.015625,-187500.015625,-187500.015625,-26212.8964844,0.0
-187500.015625,-187500.015625,-187500.015625,-187500.015625,-187500.015625,-187500.015625,-187500.015625,-26113.5878906,0.0
-187500.015625,-187500.015625,-187500.015625,-187500.015625,-187500.015625,-187500.015625,-187500.015625,-26033.6132812,0.0
-187500.015625,-187500.015625,-187500.015625,-187500.015625,-187500.015625,-187500.015625,-187500.015625,-26124.7851562,0.0
-187500.015625,-187500.015625,-187500.015625,-187500.015625,-187500.015625,-187500.015625,-187500.015625,-26214.5507812,0.0
-187500.015625,-187500.015625,-187500.015625,-187500.015625,-187500.015625,-187500.015625,-187500.015625,-26138.6210938,0.0
-187500.015625,-187500.015625,-187500.015625,-187500.015625,-187500.015625,-187500.015625,-187500.015625,-26034.9101562,0.0
-187500.015625,-187500.015625,-187500.015625,-187500.015625,-187500.015625,-187500.015625,-187500.015625,-26098.8359375,0.0
-187500.015625,-187500.015625,-187500.015625,-187500.015625,-187500.015625,-187500.015625,-187500.015625,-26202.8828125,0.0
-187500.015625,-187500.015625,-187500.015625,-187500.015625,-187500.015625,-187500.015625,-187500.015625,-26148.4335938,0.0
-187500.015625,-187500.015625,-187500.015625,-187500.015625,-187500.015625,-187500.015625,-187500.015625,-26038.53125,0.0
-187500.015625,-187500.015625,-187500.015625,-187500.015625,-187500.015625,-187500.015625,-187500.015625,-26070.8066406,0.0
-187500.015625,-187500.015625,-187500.015625,-187500.015625,-187500.015625,-187500.015625,-187500.015625,-26193.8085938,0.0
-187500.015625,-187500.015625,-187500.015625,-187500.015625,-187500.015625,-187500.015625,-187500.015625,-26176.8652344,0.0
-187500.015625,-187500.015625,-187500.015625,-187500.015625,-187500.015625,-187500.015625,-187500.015625,-26060.0996094,0.0
-187500.015625,-187500.015625,-187500.015625,-187500.015625,-187500.015625,-187500.015625,-187500.015625,-26064.4804688,0.0
-187500.015625,-187500.015625,-187500.015625,-187500.015625,-187500.015625,-187500.015625,-187500.015625,-26194.2558594,0.0
-187500.015625,-187500.015625,-187500.015625,-187500.015625,-187500.015625,-187500.015625,-187500.015625,-26210.1464844,0.0
-187500.015625,-187500.015625,-187500.015625,-187500.015625,-187500.015625,-187500.015625,-187500.015625,-26084.3964844,0.0
-187500.015625,-187500.015625,-187500.015625,-187500.015625,-187500.015625,-187500.015625,-187500.015625,-26057.171875,0.0
-187500.015625,-187500.015625,-187500.015625,-187500.015625,-187500.015625,-187500.015625,-187500.015625,-26173.4238281,0.0
-187500.015625,-187500.015625,-187500.015625,-187500.015625,-187500.015625,-187500.015625,-187500.015625,-26218.2382812,0.0
-187500.015625,-187500.015625,-187500.015625,-187500.015625,-187500.015625,-187500.015625,-187500.015625,-26106.9277344,0.0
-187500.015625,-187500.015625,-187500.015625,-187500.015625,-187500.015625,-187500.015625,-187500.015625,-26038.375,0.0
-187500.015625,-187500.015625,-187500.015625,-187500.015625,-187500.015625,-187500.015625,-187500.015625,-26143.9628906,0.0
-187500.015625,-187500.015625,-187500.015625,-187500.015625,-187500.015625,-187500.015625,-187500.015625,-26212.9179688,0.0
-187500.015625,-187500.015625,-187500.015625,-187500.015625,-187500.015625,-187500.015625,-187500.015625,-26115.734375,0.0
-187500.015625,-187500.015625,-187500.015625,-187500.015625,-187500.015625,-187500.015625,-187500.015625,-26038.8886719,0.0
-187500.015625,-187500.015625,-187500.015625,-187500.015625,-187500.015625,-187500.015625,-187500.015625,-26121.8359375,0.0
-187500.015625,-187500.015625,-187500.015625,-187500.015625,-187500.015625,-187500.015625,-187500.015625,-26212.3378906,0.0
-187500.015625,-187500.015625,-187500.015625,-187500.015625,-187500.015625,-187500.015625,-187500.015625,-26146.4003906,0.0
-187500.015625,-187500.015625,-187500.015625,-187500.015625,-187500.015625,-187500.015625,-187500.015625,-26036.0722656,0.0
-187500.015625,-187500.015625,-187500.015625,-187500.015625,-187500.015625,-187500.015625,-187500.015625,-26099.8417969,0.0
-187500.015625,-187500.015625,-187500.015625,-187500.015625,-187500.015625,-187500.015625,-187500.015625,-26209.1191406,0.0
-187500.015625,-187500.015625,-187500.015625,-187500.015625,-187500.015625,-187500.015625,-187500.015625,-26158.6484375,0.0
-187500.015625,-187500.015625,-187500.015625,-187500.015625,-187500.015625,-187500.015625,-187500.015625,-26036.9882812,0.0
-187500.015625,-187500.015625,-187500.015625,-187500.015625,-187500.015625,-187500.015625,-187500.015625,-26071.0527344,0.0
-187500.015625,-187500.015625,-187500.015625,-187500.015625,-187500.015625,-187500.015625,-187500.015625,-26196.4003906,0.0
-187500.015625,-187500.015625,-187500.015625,-187500.015625,-187500.015625,-187500.015625,-187500.015625,-26187.3476562,0.0
-187500.015625,-187500.015625,-187500.015625,-187500.015625,-187500.015625,-187500.015625,-187500.015625,-26074.203125,0.0
-187500.015625,-187500.015625,-187500.015625,-187500.015625,-187500.015625,-187500.015625,-187500.015625,-26068.8847656,0.0
-187500.015625,-187500.015625,-187500.015625,-187500.015625,-187500.015625,-187500.015625,-187500.015625,-26189.0703125,0.0
-187500.015625,-187500.015625,-187500.015625,-187500.015625,-187500.015625,-187500.015625,-187500.015625,-26202.3691406,0.0
-187500.015625,-187500.015625,-187500.015625,-187500.015625,-187500.015625,-187500.015625,-187500.015625,-26086.140625,0.0
-187500.015625,-187500.015625,-187500.015625,-187500.015625,-187500.015625,-187500.015625,-187500.015625,-26049.6621094,0.0
-187500.015625,-187500.015625,-187500.015625,-187500.015625,-187500.015625,-187500.015625,-187500.015625,-26168.8632812,0.0
-187500.015625,-187500.015625,-187500.015625,-187500.015625,-187500.015625,-187500.015625,-187500.015625,-26216.6523438,0.0
-187500.015625,-187500.015625,-187500.015625,-187500.015625,-187500.015625,-187500.015625,-187500.015625,-26110.8378906,0.0
-187500.015625,-187500.015625,-187500.015625,-187500.015625,-187500.015625,-187500.015625,-187500.015625,-26045.8613281,0.0
-187500.015625,-187500.015625,-187500.015625,-187500.015625,-187500.015625,-187500.015625,-187500.015625,-26150.1328125,0.0
-187500.015625,-187500.015625,-187500.015625,-187500.015625,-187500.015625,-187500.015625,-187500.015625,-26229.0800781,0.0
-187500.015625,-187500.015625,-187500.015625,-187500.015625,-187500.015625,-187500.015625,-187500.015625,-26139.8964844,0.0
-187500.015625,-187500.015625,-187500.015625,-187500.015625,-187500.015625,-187500.015625,-187500.015625,-26053.2597656,0.0
-187500.015625,-187500.015625,-187500.015625,-187500.015625,-187500.015625,-187500.015625,-187500.015625,-26126.5742188,0.0
-187500.015625,-187500.015625,-187500.015625,-187500.015625,-187500.015625,-187500.015625,-187500.015625,-26226.8886719,0.0
-187500.015625,-187500.015625,-187500.015625,-187500.015625,-187500.015625,-187500.015625,-187500.015625,-26153.9101562,0.0
-187500.015625,-187500.015625,-187500.015625,-187500.015625,-187500.015625,-187500.015625,-187500.015625,-26048.7675781,0.0
-187500.015625,-187500.015625,-187500.015625,-187500.015625,-187500.015625,-187500.015625,-187500.015625,-26104.0664062,0.0
-187500.015625,-187500.015625,-187500.015625,-187500.015625,-187500.015625,-187500.015625,-187500.015625,-26222.9101562,0.0
-187500.015625,-187500.015625,-187500.015625,-187500.015625,-187500.015625,-187500.015625,-187500.015625,-26186.3203125,0.0
-187500.015625,-187500.015625,-187500.015625,-187500.015625,-187500.015625,-187500.015625,-187500.015625,-26062.2675781,0.0
-187500.015625,-187500.015625,-187500.015625,-187500.015625,-187500.015625,-187500.015625,-187500.015625,-26081.9609375,0.0
-187500.015625,-187500.015625,-187500.015625,-187500.015625,-187500.015625,-187500.015625,-187500.015625,-26206.3476562,0.0
-187500.015625,-187500.015625,-187500.015625,-187500.015625,-187500.015625,-187500.015625,-187500.015625,-26195.8867188,0.0
-187500.015625,-187500.015625,-187500.015625,-187500.015625,-187500.015625,-187500.015625,-187500.015625,-26070.9414062,0.0
-187500.015625,-187500.015625,-187500.015625,-187500.015625,-187500.015625,-187500.015625,-187500.015625,-26058.6914062,0.0
-187500.015625,-187500.015625,-187500.015625,-187500.015625,-187500.015625,-187500.015625,-187500.015625,-26174.6972656,0.0
-187500.015625,-187500.015625,-187500.015625,-187500.015625,-187500.015625,-187500.015625,-187500.015625,-26201.6992188,0.0
-187500.015625,-187500.015625,-187500.015625,-187500.015625,-187500.015625,-187500.015625,-187500.015625,-26085.4023438,0.0
-187500.015625,-187500.015625,-187500.015625,-187500.015625,-187500.015625,-187500.015625,-187500.015625,-26045.1699219,0.0
-187500.015625,-187500.015625,-187500.015625,-187500.015625,-187500.015625,-187500.015625,-187500.015625,-26158.2246094,0.0
-187500.015625,-187500.015625,-187500.015625,-187500.015625,-187500.015625,-187500.015625,-187500.015625,-26213.5449219,0.0
-187500.015625,-187500.015625,-187500.015625,-187500.015625,-187500.015625,-187500.015625,-187500.015625,-26110.90625,0.0
-187500.015625,-187500.015625,-187500.015625,-187500.015625,-187500.015625,-187500.015625,-187500.015625,-26036.8769531,0.0
-187500.015625,-187500.015625,-187500.015625,-187500.015625,-187500.015625,-187500.015625,-187500.015625,-26131.6933594,0.0
-187500.015625,-187500.015625,-187500.015625,-187500.015625,-187500.015625,-187500.015625,-187500.015625,-26212.2714844,0.0
-187500.015625,-187500.015625,-187500.015625,-187500.015625,-187500.015625,-187500.015625,-187500.015625,-26137.1914062,0.0
-187500.015625,-187500.015625,-187500.015625,-187500.015625,-187500.015625,-187500.015625,-187500.015625,-26044.2304688,0.0
-187500.015625,-187500.015625,-187500.015625,-187500.015625,-187500.015625,-187500.015625,-187500.015625,-26123.8476562,0.0
-187500.015625,-187500.015625,-187500.015625,-187500.015625,-187500.015625,-187500.015625,-187500.015625,-26224.4980469,0.0
-187500.015625,-187500.015625,-187500.015625,-187500.015625,-187500.015625,-187500.015625,-187500.015625,-26162.8730469,0.0
-187500.015625,-187500.015625,-187500.015625,-187500.015625,-187500.015625,-187500.015625,-187500.015625,-26049.7734375,0.0
-187500.015625,-187500.015625,-187500.015625,-187500.015625,-187500.015625,-187500.015625,-187500.015625,-26097.9414062,0.0
-187500.015625,-187500.015625,-187500.015625,-187500.015625,-187500.015625,-187500.015625,-187500.015625,-26217.1425781,0.0
-187500.015625,-187500.015625,-187500.015625,-187500.015625,-187500.015625,-187500.015625,-187500.015625,-26185.4492188,0.0
-187500.015625,-187500.015625,-187500.015625,-187500.015625,-187500.015625,-187500.015625,-187500.015625,-26062.0898438,0.0
-187500.015625,-187500.015625,-187500.015625,-187500.015625,-187500.015625,-187500.015625,-187500.015625,-26080.9316406,0.0
-187500.015625,-187500.015625,-187500.015625,-187500.015625,-187500.015625,-187500.015625,-187500.015625,-26209.4765625,0.0
-187500.015625,-187500.015625,-187500.015625,-187500.015625,-187500.015625,-187500.015625,-187500.015625,-26214.7070312,0.0
-187500.015625,-187500.015625,-187500.015625,-187500.015625,-187500.015625,-187500.015625,-187500.015625,-26094.9238281,0.0
-187500.015625,-187500.015625,-187500.015625,-187500.015625,-187500.015625,-187500.015625,-187500.015625,-26075.5234375,0.0
-187500.015625,-187500.015625,-187500.015625,-187500.015625,-187500.015625,-187500.015625,-187500.015625,-26193.1601562,0.0
-187500.015625,-187500.015625,-187500.015625,-187500.015625,-187500.015625,-187500.015625,-187500.015625,-26229.75,0.0
-187500.015625,-187500.015625,-187500.015625,-187500.015625,-187500.015625,-187500.015625,-187500.015625,-26113.3632812,0.0
-187500.015625,-187500.015625,-187500.015625,-187500.015625,-187500.015625,-187500.015625,-187500.015625,-26065.7324219,0.0
-187500.015625,-187500.015625,-187500.015625,-187500.015625,-187500.015625,-187500.015625,-187500.015625,-26176.2167969,0.0
-187500.015625,-187500.015625,-187500.015625,-187500.015625,-187500.015625,-187500.015625,-187500.015625,-26231.1347656,0.0
-187500.015625,-187500.015625,-187500.015625,-187500.015625,-187500.015625,-187500.015625,-187500.015625,-26124.6523438,0.0
-187500.015625,-187500.015625,-187500.015625,-187500.015625,-187500.015625,-187500.015625,-187500.015625,-26044.8105469,0.0
-187500.015625,-187500.015625,-187500.015625,-187500.015625,-187500.015625,-187500.015625,-187500.015625,-26143.2265625,0.0
-187500.015625,-187500.015625,-187500.015625,-187500.015625,-187500.015625,-187500.015625,-187500.015625,-26228.1171875,0.0
-187500.015625,-187500.015625,-187500.015625,-187500.015625,-187500.015625,-187500.015625,-187500.015625,-26140.9238281,0.0
-187500.015625,-187500.015625,-187500.015625,-187500.015625,-187500.015625,-187500.015625,-187500.015625,-26044.609375,0.0
-187500.015625,-187500.015625,-187500.015625,-187500.015625,-187500.015625,-187500.015625,-187500.015625,-26110.2792969,0.0
-187500.015625,-187500.015625,-187500.015625,-187500.015625,-187500.015625,-187500.015625,-187500.015625,-26213.2773438,0.0
-187500.015625,-187500.015625,-187500.015625,-187500.015625,-187500.015625,-187500.015625,-187500.015625,-26163.0976562,0.0
-187500.015625,-187500.015625,-187500.015625,-187500.015625,-187500.015625,-187500.015625,-187500.015625,-26040.765625,0.0
-187500.015625,-187500.015625,-187500.015625,-187500.015625,-187500.015625,-187500.015625,-187500.015625,-26081.4003906,0.0
-187500.015625,-187500.015625,-187500.015625,-187500.015625,-187500.015625,-187500.015625,-187500.015625,-26207.3984375,0.0
-187500.015625,-187500.015625,-187500.015625,-187500.015625,-187500.015625,-187500.015625,-187500.015625,-26182.9453125,0.0
-187500.015625,-187500.015625,-187500.015625,-187500.015625,-187500.015625,-187500.015625,-187500.015625,-26068.6601562,0.0
-187500.015625,-187500.015625,-187500.015625,-187500.015625,-187500.015625,-187500.015625,-187500.015625,-26073.6230469,0.0
-187500.015625,-187500.015625,-187500.015625,-187500.015625,-187500.015625,-187500.015625,-187500.015625,-26196.3339844,0.0
-187500.015625,-187500.015625,-187500.015625,-187500.015625,-187500.015625,-187500.015625,-187500.015625,-26207.3300781,0.0
-187500.015625,-187500.015625,-187500.015625,-187500.015625,-187500.015625,-187500.015625,-187500.015625,-26086.609375,0.0
-187500.015625,-187500.015625,-187500.015625,-187500.015625,-187500.015625,-187500.015625,-187500.015625,-26060.078125,0.0
-187500.015625,-187500.015625,-187500.015625,-187500.015625,-187500.015625,-187500.015625,-187500.015625,-26181.1796875,0.0
-187500.015625,-187500.015625,-187500.015625,-187500.015625,-187500.015625,-187500.015625,-187500.015625,-26223.5136719,0.0
-187500.015625,-187500.015625,-187500.015625,-187500.015625,-187500.015625,-187500.015625,-187500.015625,-26111.3300781,0.0
-187500.015625,-187500.015625,-187500.015625,-187500.015625,-187500.015625,-187500.015625,-187500.015625,-26050.7578125,0.0
-187500.015625,-187500.015625,-187500.015625,-187500.015625,-187500.015625,-187500.015625,-187500.015625,-26154.9824219,0.0
-187500.015625,-187500.015625,-187500.015625,-187500.015625,-187500.015625,-187500.015625,-187500.015625,-26226.7324219,0.0
-187500.015625,-187500.015625,-187500.015625,-187500.015625,-187500.015625,-187500.015625,-187500.015625,-26125.7246094,0.0
-187500.015625,-187500.015625,-187500.015625,-187500.015625,-187500.015625,-187500.015625,-187500.015625,-26047.0234375,0.0
-187500.015625,-187500.015625,-187500.015625,-187500.015625,-187500.015625,-187500.015625,-187500.015625,-26136.0058594,0.0
-187500.015625,-187500.015625,-187500.015625,-187500.015625,-187500.015625,-187500.015625,-187500.015625,-26230.375,0.0
-187500.015625,-187500.015625,-187500.015625,-187500.015625,-187500.015625,-187500.015625,-187500.015625,-26151.3613281,0.0
-187500.015625,-187500.015625,-187500.015625,-187500.015625,-187500.015625,-187500.015625,-187500.015625,-26052.4785156,0.0
-187500.015625,-187500.015625,-187500.015625,-187500.015625,-187500.015625,-187500.015625,-187500.015625,-26117.0292969,0.0
-187500.015625,-187500.015625,-187500.015625,-187500.015625,-187500.015625,-187500.015625,-187500.015625,-26223.5351562,0.0
-187500.015625,-187500.015625,-187500.015625,-187500.015625,-187500.015625,-187500.015625,-187500.015625,-26176.5527344,0.0
-187500.015625,-187500.015625,-187500.015625,-187500.015625,-187500.015625,-187500.015625,-187500.015625,-26059.8320312,0.0
-187500.015625,-187500.015625,-187500.015625,-187500.015625,-187500.015625,-187500.015625,-187500.015625,-26097.1816406,0.0
-187500.015625,-187500.015625,-187500.015625,-187500.015625,-187500.015625,-187500.015625,-187500.015625,-26220.9882812,0.0
-187500.015625,-187500.015625,-187500.015625,-187500.015625,-187500.015625,-187500.015625,-187500.015625,-26205.453125,0.0
-187500.015625,-187500.015625,-187500.015625,-187500.015625,-187500.015625,-187500.015625,-187500.015625,-26084.1289062,0.0
-187500.015625,-187500.015625,-187500.015625,-187500.015625,-187500.015625,-187500.015625,-187500.015625,-26090.0957031,0.0
-187500.015625,-187500.015625,-187500.015625,-187500.015625,-187500.015625,-187500.015625,-187500.015625,-26214.4160156,0.0
-187500.015625,-187500.015625,-187500.015625,-187500.015625,-187500.015625,-187500.015625,-187500.015625,-26222.8652344,0.0
-187500.015625,-187500.015625,-187500.015625,-187500.015625,-187500.015625,-187500.015625,-187500.015625,-26097.0703125,0.0
-187500.015625,-187500.015625,-187500.015625,-187500.015625,-187500.015625,-187500.015625,-187500.015625,-26073.5117188,0.0
-187500.015625,-187500.015625,-187500.015625,-187500.015625,-187500.015625,-187500.015625,-187500.015625,-26189.2480469,0.0
-187500.015625,-187500.015625,-187500.015625,-187500.015625,-187500.015625,-187500.015625,-187500.015625,-26228.140625,0.0
-187500.015625,-187500.015625,-187500.015625,-187500.015625,-187500.015625,-187500.015625,-187500.015625,-26110.5253906,0.0
-187500.015625,-187500.015625,-187500.015625,-187500.015625,-187500.015625,-187500.015625,-187500.015625,-26053.2597656,0.0
-187500.015625,-187500.015625,-187500.015625,-187500.015625,-187500.015625,-187500.015625,-187500.015625,-26159.5214844,0.0
-187500.015625,-187500.015625,-187500.015625,-187500.015625,-187500.015625,-187500.015625,-187500.015625,-26227.1796875,0.0
-187500.015625,-187500.015625,-187500.015625,-187500.015625,-187500.015625,-187500.015625,-187500.015625,-26135.2460938,0.0
-187500.015625,-187500.015625,-187500.015625,-187500.015625,-187500.015625,-187500.015625,-187500.015625,-26053.171875,0.0
-187500.015625,-187500.015625,-187500.015625,-187500.015625,-187500.015625,-187500.015625,-187500.015625,-26134.9335938,0.0
-187500.015625,-187500.015625,-187500.015625,-187500.015625,-187500.015625,-187500.015625,-187500.015625,-26230.5097656,0.0
-187500.015625,-187500.015625,-187500.015625,-187500.015625,-187500.015625,-187500.015625,-187500.015625,-26159.7441406,0.0
-187500.015625,-187500.015625,-187500.015625,-187500.015625,-187500.015625,-187500.015625,-187500.015625,-26050.3984375,0.0
-187500.015625,-187500.015625,-187500.015625,-187500.015625,-187500.015625,-187500.015625,-187500.015625,-26104.0429688,0.0
-187500.015625,-187500.015625,-187500.015625,-187500.015625,-187500.015625,-187500.015625,-187500.015625,-26215.0195312,0.0
-187500.015625,-187500.015625,-187500.015625,-187500.015625,-187500.015625,-187500.015625,-187500.015625,-26175.5253906,0.0
-187500.015625,-187500.015625,-187500.015625,-187500.015625,-187500.015625,-187500.015625,-187500.015625,-26056.3457031,0.0
-187500.015625,-187500.015625,-187500.015625,-187500.015625,-187500.015625,-187500.015625,-187500.015625,-26079.2324219,0.0
-187500.015625,-187500.015625,-187500.015625,-187500.015625,-187500.015625,-187500.015625,-187500.015625,-26201.5195312,0.0
-187500.015625,-187500.015625,-187500.015625,-187500.015625,-187500.015625,-187500.015625,-187500.015625,-26190.34375,0.0
-187500.015625,-187500.015625,-187500.015625,-187500.015625,-187500.015625,-187500.015625,-187500.015625,-26073.2207031,0.0
-187500.015625,-187500.015625,-187500.015625,-187500.015625,-187500.015625,-187500.015625,-187500.015625,-26075.1875,0.0
-187500.015625,-187500.015625,-187500.015625,-187500.015625,-187500.015625,-187500.015625,-187500.015625,-26198.5019531,0.0
-187500.015625,-187500.015625,-187500.015625,-187500.015625,-187500.015625,-187500.015625,-187500.015625,-26221.3007812,0.0
-187500.015625,-187500.015625,-187500.015625,-187500.015625,-187500.015625,-187500.015625,-187500.015625,-26101.0253906,0.0
-187500.015625,-187500.015625,-187500.015625,-187500.015625,-187500.015625,-187500.015625,-187500.015625,-26066.5820312,0.0
-187500.015625,-187500.015625,-187500.015625,-187500.015625,-187500.015625,-187500.015625,-187500.015625,-26189.0019531,0.0
-187500.015625,-187500.015625,-187500.015625,-187500.015625,-187500.015625,-187500.015625,-187500.015625,-26247.5859375,0.0
-187500.015625,-187500.015625,-187500.015625,-187500.015625,-187500.015625,-187500.015625,-187500.015625,-26137.0117188,0.0
-187500.015625,-187500.015625,-187500.015625,-187500.015625,-187500.015625,-187500.015625,-187500.015625,-26074.4726562,0.0
-187500.015625,-187500.015625,-187500.015625,-187500.015625,-187500.015625,-187500.015625,-187500.015625,-26177.9609375,0.0
-187500.015625,-187500.015625,-187500.015625,-187500.015625,-187500.015625,-187500.015625,-187500.015625,-26252.4375,0.0
-187500.015625,-187500.015625,-187500.015625,-187500.015625,-187500.015625,-187500.015625,-187500.015625,-26154.3789062,0.0
-187500.015625,-187500.015625,-187500.015625,-187500.015625,-187500.015625,-187500.015625,-187500.015625,-26055.9648438,0.0
-187500.015625,-187500.015625,-187500.015625,-187500.015625,-187500.015625,-187500.015625,-187500.015625,-26135.2011719,0.0
-187500.015625,-187500.015625,-187500.015625,-187500.015625,-187500.015625,-187500.015625,-187500.015625,-26234.9804688,0.0
-187500.015625,-187500.015625,-187500.015625,-187500.015625,-187500.015625,-187500.015625,-187500.015625,-26165.6230469,0.0
-187500.015625,-187500.015625,-187500.015625,-187500.015625,-187500.015625,-187500.015625,-187500.015625,-26064.1894531,0.0
-187500.015625,-187500.015625,-187500.015625,-187500.015625,-187500.015625,-187500.015625,-187500.015625,-26121.0078125,0.0
-187500.015625,-187500.015625,-187500.015625,-187500.015625,-187500.015625,-187500.015625,-187500.015625,-26235.3828125,0.0
-187500.015625,-187500.015625,-187500.015625,-187500.015625,-187500.015625,-187500.015625,-187500.015625,-26201.0722656,0.0
-187500.015625,-187500.015625,-187500.015625,-187500.015625,-187500.015625,-187500.015625,-187500.015625,-26083.6132812,0.0
-187500.015625,-187500.015625,-187500.015625,-187500.015625,-187500.015625,-187500.015625,-187500.015625,-26099.7304688,0.0
-187500.015625,-187500.015625,-187500.015625,-187500.015625,-187500.015625,-187500.015625,-187500.015625,-26221.0996094,0.0
-187500.015625,-187500.015625,-187500.015625,-187500.015625,-187500.015625,-187500.015625,-187500.015625,-26223.3125,0.0
-187500.015625,-187500.015625,-187500.015625,-187500.015625,-187500.015625,-187500.015625,-187500.015625,-26100.265625,0.0
-187500.015625,-187500.015625,-187500.015625,-187500.015625,-187500.015625,-187500.015625,-187500.015625,-26089.8730469,0.0
-187500.015625,-187500.015625,-187500.015625,-187500.015625,-187500.015625,-187500.015625,-187500.015625,-26212.8066406,0.0
-187500.015625,-187500.015625,-187500.015625,-187500.015625,-187500.015625,-187500.015625,-187500.015625,-26236.6113281,0.0
-187500.015625,-187500.015625,-187500.015625,-187500.015625,-187500.015625,-187500.015625,-187500.015625,-26112.4472656,0.0
-187500.015625,-187500.015625,-187500.015625,-187500.015625,-187500.015625,-187500.015625,-187500.015625,-26069.5546875,0.0
-187500.015625,-187500.015625,-187500.015625,-187500.015625,-187500.015625,-187500.015625,-187500.015625,-26182.7441406,0.0
-187500.015625,-187500.015625,-187500.015625,-187500.015625,-187500.015625,-187500.015625,-187500.015625,-26237.1484375,0.0
-187500.015625,-187500.015625,-187500.015625,-187500.015625,-187500.015625,-187500.015625,-187500.015625,-26136.8789062,0.0
-187500.015625,-187500.015625,-187500.015625,-187500.015625,-187500.015625,-187500.015625,-187500.015625,-26063.5859375,0.0
-187500.015625,-187500.015625,-187500.015625,-187500.015625,-187500.015625,-187500.015625,-187500.015625,-26156.1230469,0.0
-187500.015625,-187500.015625,-187500.015625,-187500.015625,-187500.015625,-187500.015625,-187500.015625,-26242.4453125,0.0
-187500.015625,-187500.015625,-187500.015625,-187500.015625,-187500.015625,-187500.015625,-187500.015625,-26160.6152344,0.0
-187500.015625,-187500.015625,-187500.015625,-187500.015625,-187500.015625,-187500.015625,-187500.015625,-26065.9785156,0.0
-187500.015625,-187500.015625,-187500.015625,-187500.015625,-187500.015625,-187500.015625,-187500.015625,-26142.0195312,0.0
-187500.015625,-187500.015625,-187500.015625,-187500.015625,-187500.015625,-187500.015625,-187500.015625,-26249.0390625,0.0
-187500.015625,-187500.015625,-187500.015625,-187500.015625,-187500.015625,-187500.015625,-187500.015625,-26183.9277344,0.0
-187500.015625,-187500.015625,-187500.015625,-187500.015625,-187500.015625,-187500.015625,-187500.015625,-26067.9453125,0.0
-187500.015625,-187500.015625,-187500.015625,-187500.015625,-187500.015625,-187500.015625,-187500.015625,-26120.2714844,0.0
-187500.015625,-187500.015625,-187500.015625,-187500.015625,-187500.015625,-187500.015625,-187500.015625,-26235.6054688,0.0
-187500.015625,-187500.015625,-187500.015625,-187500.015625,-187500.015625,-187500.015625,-187500.015625,-26202.078125,0.0
-187500.015625,-187500.015625,-187500.015625,-187500.015625,-187500.015625,-187500.015625,-187500.015625,-26083.7265625,0.0
-187500.015625,-187500.015625,-187500.015625,-187500.015625,-187500.015625,-187500.015625,-187500.015625,-26104.0429688,0.0
-187500.015625,-187500.015625,-187500.015625,-187500.015625,-187500.015625,-187500.015625,-187500.015625,-26227.5585938,0.0
-187500.015625,-187500.015625,-187500.015625,-187500.015625,-187500.015625,-187500.015625,-187500.015625,-26232.1855469,0.0
-187500.015625,-187500.015625,-187500.015625,-187500.015625,-187500.015625,-187500.015625,-187500.015625,-26108.8945312,0.0
-187500.015625,-187500.015625,-187500.015625,-187500.015625,-187500.015625,-187500.015625,-187500.015625,-26096.1308594,0.0
-187500.015625,-187500.015625,-187500.015625,-187500.015625,-187500.015625,-187500.015625,-187500.015625,-26215.7792969,0.0
-187500.015625,-187500.015625,-187500.015625,-187500.015625,-187500.015625,-187500.015625,-187500.015625,-26241.2167969,0.0
-187500.015625,-187500.015625,-187500.015625,-187500.015625,-187500.015625,-187500.015625,-187500.015625,-26124.6523438,0.0
-187500.015625,-187500.015625,-187500.015625,-187500.015625,-187500.015625,-187500.015625,-187500.015625,-26078.7421875,0.0
-187500.015625,-187500.015625,-187500.015625,-187500.015625,-187500.015625,-187500.015625,-187500.015625,-26185.4492188,0.0
-187500.015625,-187500.015625,-187500.015625,-187500.015625,-187500.015625,-187500.015625,-187500.015625,-26243.4296875,0.0
-187500.015625,-187500.015625,-187500.015625,-187500.015625,-187500.015625,-187500.015625,-187500.015625,-26140.2753906,0.0
-187500.015625,-187500.015625,-187500.015625,-187500.015625,-187500.015625,-187500.015625,-187500.015625,-26066.8496094,0.0
-187500.015625,-187500.015625,-187500.015625,-187500.015625,-187500.015625,-187500.015625,-187500.015625,-26156.6367188,0.0
-187500.015625,-187500.015625,-187500.015625,-187500.015625,-187500.015625,-187500.015625,-187500.015625,-26246.7597656,0.0
-187500.015625,-187500.015625,-187500.015625,-187500.015625,-187500.015625,-187500.015625,-187500.015625,-26164.2597656,0.0
-187500.015625,-187500.015625,-187500.015625,-187500.015625,-187500.015625,-187500.015625,-187500.015625,-26071.6113281,0.0
-187500.015625,-187500.015625,-187500.015625,-187500.015625,-187500.015625,-187500.015625,-187500.015625,-26139.5820312,0.0
-187500.015625,-187500.015625,-187500.015625,-187500.015625,-187500.015625,-187500.015625,-187500.015625,-26245.5527344,0.0
-187500.015625,-187500.015625,-187500.015625,-187500.015625,-187500.015625,-187500.015625,-187500.015625,-26179.6152344,0.0
-187500.015625,-187500.015625,-187500.015625,-187500.015625,-187500.015625,-187500.015625,-187500.015625,-26070.0019531,0.0
-187500.015625,-187500.015625,-187500.015625,-187500.015625,-187500.015625,-187500.015625,-187500.015625,-26111.0625,0.0
-187500.015625,-187500.015625,-187500.015625,-187500.015625,-187500.015625,-187500.015625,-187500.015625,-26225.0117188,0.0
-187500.015625,-187500.015625,-187500.015625,-187500.015625,-187500.015625,-187500.015625,-187500.015625,-26197.9433594,0.0
-187500.015625,-187500.015625,-187500.015625,-187500.015625,-187500.015625,-187500.015625,-187500.015625,-26079.0761719,0.0
-187500.015625,-187500.015625,-187500.015625,-187500.015625,-187500.015625,-187500.015625,-187500.015625,-26092.21875,0.0
-187500.015625,-187500.015625,-187500.015625,-187500.015625,-187500.015625,-187500.015625,-187500.015625,-26211.6445312,0.0
-187500.015625,-187500.015625,-187500.015625,-187500.015625,-187500.015625,-187500.015625,-187500.015625,-26218.4179688,0.0
-187500.015625,-187500.015625,-187500.015625,-187500.015625,-187500.015625,-187500.015625,-187500.015625,-26101.1386719,0.0
-187500.015625,-187500.015625,-187500.015625,-187500.015625,-187500.015625,-187500.015625,-187500.015625,-26080.1269531,0.0
-187500.015625,-187500.015625,-187500.015625,-187500.015625,-187500.015625,-187500.015625,-187500.015625,-26197.4511719,0.0
-187500.015625,-187500.015625,-187500.015625,-187500.015625,-187500.015625,-187500.015625,-187500.015625,-26235.2714844,0.0
-187500.015625,-187500.015625,-187500.015625,-187500.015625,-187500.015625,-187500.015625,-187500.015625,-26114.5273438,0.0
-187500.015625,-187500.015625,-187500.015625,-187500.015625,-187500.015625,-187500.015625,-187500.015625,-26063.2285156,0.0
-187500.015625,-187500.015625,-187500.015625,-187500.015625,-187500.015625,-187500.015625,-187500.015625,-26177.6699219,0.0
-187500.015625,-187500.015625,-187500.015625,-187500.015625,-187500.015625,-187500.015625,-187500.015625,-26244.4804688,0.0
-187500.015625,-187500.015625,-187500.015625,-187500.015625,-187500.015625,-187500.015625,-187500.015625,-26158.515625,0.0
-187500.015625,-187500.015625,-187500.015625,-187500.015625,-187500.015625,-187500.015625,-187500.015625,-26077.7128906,0.0
-187500.015625,-187500.015625,-187500.015625,-187500.015625,-187500.015625,-187500.015625,-187500.015625,-26160.2128906,0.0
-187500.015625,-187500.015625,-187500.015625,-187500.015625,-187500.015625,-187500.015625,-187500.015625,-26252.5039062,0.0
-187500.015625,-187500.015625,-187500.015625,-187500.015625,-187500.015625,-187500.015625,-187500.015625,-26170.09375,0.0
-187500.015625,-187500.015625,-187500.015625,-187500.015625,-187500.015625,-187500.015625,-187500.015625,-26067.2753906,0.0
-187500.015625,-187500.015625,-187500.015625,-187500.015625,-187500.015625,-187500.015625,-187500.015625,-26125.5234375,0.0
-187500.015625,-187500.015625,-187500.015625,-187500.015625,-187500.015625,-187500.015625,-187500.015625,-26234.9804688,0.0
-187500.015625,-187500.015625,-187500.015625,-187500.015625,-187500.015625,-187500.015625,-187500.015625,-26188.5546875,0.0
-187500.015625,-187500.015625,-187500.015625,-187500.015625,-187500.015625,-187500.015625,-187500.015625,-26073.890625,0.0
-187500.015625,-187500.015625,-187500.015625,-187500.015625,-187500.015625,-187500.015625,-187500.015625,-26099.796875,0.0
-187500.015625,-187500.015625,-187500.015625,-187500.015625,-187500.015625,-187500.015625,-187500.015625,-26221.8828125,0.0
-187500.015625,-187500.015625,-187500.015625,-187500.015625,-187500.015625,-187500.015625,-187500.015625,-26205.765625,0.0
-187500.015625,-187500.015625,-187500.015625,-187500.015625,-187500.015625,-187500.015625,-187500.015625,-26088.0390625,0.0
-187500.015625,-187500.015625,-187500.015625,-187500.015625,-187500.015625,-187500.015625,-187500.015625,-26084.3300781,0.0
-187500.015625,-187500.015625,-187500.015625,-187500.015625,-187500.015625,-187500.015625,-187500.015625,-26210.9746094,0.0
-187500.015625,-187500.015625,-187500.015625,-187500.015625,-187500.015625,-187500.015625,-187500.015625,-26223.3125,0.0
-187500.015625,-187500.015625,-187500.015625,-187500.015625,-187500.015625,-187500.015625,-187500.015625,-26109.6757812,0.0
-187500.015625,-187500.015625,-187500.015625,-187500.015625,-187500.015625,-187500.015625,-187500.015625,-26084.1503906,0.0
-187500.015625,-187500.015625,-187500.015625,-187500.015625,-187500.015625,-187500.015625,-187500.015625,-26201.0058594,0.0
-187500.015625,-187500.015625,-187500.015625,-187500.015625,-187500.015625,-187500.015625,-187500.015625,-26242.6464844,0.0
-187500.015625,-187500.015625,-187500.015625,-187500.015625,-187500.015625,-187500.015625,-187500.015625,-26131.0,0.0
-187500.015625,-187500.015625,-187500.015625,-187500.015625,-187500.015625,-187500.015625,-187500.015625,-26071.9472656,0.0
-187500.015625,-187500.015625,-187500.015625,-187500.015625,-187500.015625,-187500.015625,-187500.015625,-26177.8496094,0.0
-187500.015625,-187500.015625,-187500.015625,-187500.015625,-187500.015625,-187500.015625,-187500.015625,-26247.6308594,0.0
-187500.015625,-187500.015625,-187500.015625,-187500.015625,-187500.015625,-187500.015625,-187500.015625,-26151.1386719,0.0
-187500.015625,-187500.015625,-187500.015625,-187500.015625,-187500.015625,-187500.015625,-187500.015625,-26068.3027344,0.0
-187500.015625,-187500.015625,-187500.015625,-187500.015625,-187500.015625,-187500.015625,-187500.015625,-26154.1347656,0.0
-187500.015625,-187500.015625,-187500.015625,-187500.015625,-187500.015625,-187500.015625,-187500.015625,-26246.9375,0.0
-187500.015625,-187500.015625,-187500.015625,-187500.015625,-187500.015625,-187500.015625,-187500.015625,-26183.4824219,0.0
-187500.015625,-187500.015625,-187500.015625,-187500.015625,-187500.015625,-187500.015625,-187500.015625,-26081.5585938,0.0
-187500.015625,-187500.015625,-187500.015625,-187500.015625,-187500.015625,-187500.015625,-187500.015625,-26135.2011719,0.0
-187500.015625,-187500.015625,-187500.015625,-187500.015625,-187500.015625,-187500.015625,-187500.015625,-26247.9667969,0.0
-187500.015625,-187500.015625,-187500.015625,-187500.015625,-187500.015625,-187500.015625,-187500.015625,-26207.890625,0.0
-187500.015625,-187500.015625,-187500.015625,-187500.015625,-187500.015625,-187500.015625,-187500.015625,-26086.8105469,0.0
-187500.015625,-187500.015625,-187500.015625,-187500.015625,-187500.015625,-187500.015625,-187500.015625,-26115.4648438,0.0
-187500.015625,-187500.015625,-187500.015625,-187500.015625,-187500.015625,-187500.015625,-187500.015625,-26237.796875,0.0
-187500.015625,-187500.015625,-187500.015625,-187500.015625,-187500.015625,-187500.015625,-187500.015625,-26223.2226562,0.0
-187500.015625,-187500.015625,-187500.015625,-187500.015625,-187500.015625,-187500.015625,-187500.015625,-26094.9902344,0.0
-187500.015625,-187500.015625,-187500.015625,-187500.015625,-187500.015625,-187500.015625,-187500.015625,-26095.2597656,0.0
-187500.015625,-187500.015625,-187500.015625,-187500.015625,-187500.015625,-187500.015625,-187500.015625,-26222.4863281,0.0
-187500.015625,-187500.015625,-187500.015625,-187500.015625,-187500.015625,-187500.015625,-187500.015625,-26238.3105469,0.0
-187500.015625,-187500.015625,-187500.015625,-187500.015625,-187500.015625,-187500.015625,-187500.015625,-26116.3808594,0.0
-187500.015625,-187500.015625,-187500.015625,-187500.015625,-187500.015625,-187500.015625,-187500.015625,-26080.6640625,0.0
-187500.015625,-187500.015625,-187500.015625,-187500.015625,-187500.015625,-187500.015625,-187500.015625,-26193.6523438,0.0
-187500.015625,-187500.015625,-187500.015625,-187500.015625,-187500.015625,-187500.015625,-187500.015625,-26245.4863281,0.0
-187500.015625,-187500.015625,-187500.015625,-187500.015625,-187500.015625,-187500.015625,-187500.015625,-26134.21875,0.0
-187500.015625,-187500.015625,-187500.015625,-187500.015625,-187500.015625,-187500.015625,-187500.015625,-26067.2070312,0.0
-187500.015625,-187500.015625,-187500.015625,-187500.015625,-187500.015625,-187500.015625,-187500.015625,-26171.1875,0.0
-187500.015625,-187500.015625,-187500.015625,-187500.015625,-187500.015625,-187500.015625,-187500.015625,-26256.9511719,0.0
-187500.015625,-187500.015625,-187500.015625,-187500.015625,-187500.015625,-187500.015625,-187500.015625,-26164.7070312,0.0
-187500.015625,-187500.015625,-187500.015625,-187500.015625,-187500.015625,-187500.015625,-187500.015625,-26069.6660156,0.0
-187500.015625,-187500.015625,-187500.015625,-187500.015625,-187500.015625,-187500.015625,-187500.015625,-26149.4394531,0.0
-187500.015625,-187500.015625,-187500.015625,-187500.015625,-187500.015625,-187500.015625,-187500.015625,-26250.671875,0.0
-187500.015625,-187500.015625,-187500.015625,-187500.015625,-187500.015625,-187500.015625,-187500.015625,-26181.515625,0.0
-187500.015625,-187500.015625,-187500.015625,-187500.015625,-187500.015625,-187500.015625,-187500.015625,-26074.0253906,0.0
-187500.015625,-187500.015625,-187500.015625,-187500.015625,-187500.015625,-187500.015625,-187500.015625,-26123.4667969,0.0
-187500.015625,-187500.015625,-187500.015625,-187500.015625,-187500.015625,-187500.015625,-187500.015625,-26236.4335938,0.0
-187500.015625,-187500.015625,-187500.015625,-187500.015625,-187500.015625,-187500.015625,-187500.015625,-26198.2558594,0.0
-187500.015625,-187500.015625,-187500.015625,-187500.015625,-187500.015625,-187500.015625,-187500.015625,-26080.9550781,0.0
-187500.015625,-187500.015625,-187500.015625,-187500.015625,-187500.015625,-187500.015625,-187500.015625,-26103.7089844,0.0
-187500.015625,-187500.015625,-187500.015625,-187500.015625,-187500.015625,-187500.015625,-187500.015625,-26225.7714844,0.0
-187500.015625,-187500.015625,-187500.015625,-187500.015625,-187500.015625,-187500.015625,-187500.015625,-26219.5800781,0.0
-187500.015625,-187500.015625,-187500.015625,-187500.015625,-187500.015625,-187500.015625,-187500.015625,-26099.640625,0.0
-187500.015625,-187500.015625,-187500.015625,-187500.015625,-187500.015625,-187500.015625,-187500.015625,-26091.5488281,0.0
-187500.015625,-187500.015625,-187500.015625,-187500.015625,-187500.015625,-187500.015625,-187500.015625,-26213.2773438,0.0
-187500.015625,-187500.015625,-187500.015625,-187500.015625,-187500.015625,-187500.015625,-187500.015625,-26227.3359375,0.0
-187500.015625,-187500.015625,-187500.015625,-187500.015625,-187500.015625,-187500.015625,-187500.015625,-26108.5800781,0.0
-187500.015625,-187500.015625,-187500.015625,-187500.015625,-187500.015625,-187500.015625,-187500.015625,-26068.3261719,0.0
-187500.015625,-187500.015625,-187500.015625,-187500.015625,-187500.015625,-187500.015625,-187500.015625,-26183.2363281,0.0
-187500.015625,-187500.015625,-187500.015625,-187500.015625,-187500.015625,-187500.015625,-187500.015625,-26238.6679688,0.0
-187500.015625,-187500.015625,-187500.015625,-187500.015625,-187500.015625,-187500.015625,-187500.015625,-26133.390625,0.0
-187500.015625,-187500.015625,-187500.015625,-187500.015625,-187500.015625,-187500.015625,-187500.015625,-26061.6875,0.0
-187500.015625,-187500.015625,-187500.015625,-187500.015625,-187500.015625,-187500.015625,-187500.015625,-26166.7402344,0.0
-187500.015625,-187500.015625,-187500.015625,-187500.015625,-187500.015625,-187500.015625,-187500.015625,-26248.8613281,0.0
-187500.015625,-187500.015625,-187500.015625,-187500.015625,-187500.015625,-187500.015625,-187500.015625,-26164.8183594,0.0
-187500.015625,-187500.015625,-187500.015625,-187500.015625,-187500.015625,-187500.015625,-187500.015625,-26059.1835938,0.0
-187500.015625,-187500.015625,-187500.015625,-187500.015625,-187500.015625,-187500.015625,-187500.015625,-26134.9335938,0.0
-187500.015625,-187500.015625,-187500.015625,-187500.015625,-187500.015625,-187500.015625,-187500.015625,-26243.0039062,0.0
-187500.015625,-187500.015625,-187500.015625,-187500.015625,-187500.015625,-187500.015625,-187500.015625,-26181.4707031,0.0
-187500.015625,-187500.015625,-187500.015625,-187500.015625,-187500.015625,-187500.015625,-187500.015625,-26066.3808594,0.0
-187500.015625,-187500.015625,-187500.015625,-187500.015625,-187500.015625,-187500.015625,-187500.015625,-26117.5878906,0.0
-187500.015625,-187500.015625,-187500.015625,-187500.015625,-187500.015625,-187500.015625,-187500.015625,-26229.2578125,0.0
-187500.015625,-187500.015625,-187500.015625,-187500.015625,-187500.015625,-187500.015625,-187500.015625,-26197.2285156,0.0
-187500.015625,-187500.015625,-187500.015625,-187500.015625,-187500.015625,-187500.015625,-187500.015625,-26074.71875,0.0
-187500.015625,-187500.015625,-187500.015625,-187500.015625,-187500.015625,-187500.015625,-187500.015625,-26087.9941406,0.0
-187500.015625,-187500.015625,-187500.015625,-187500.015625,-187500.015625,-187500.015625,-187500.015625,-26214.8417969,0.0
-187500.015625,-187500.015625,-187500.015625,-187500.015625,-187500.015625,-187500.015625,-187500.015625,-26218.484375,0.0
-187500.015625,-187500.015625,-187500.015625,-187500.015625,-187500.015625,-187500.015625,-187500.015625,-26095.0136719,0.0
-187500.015625,-187500.015625,-187500.015625,-187500.015625,-187500.015625,-187500.015625,-187500.015625,-26076.8417969,0.0
-187500.015625,-187500.015625,-187500.015625,-187500.015625,-187500.015625,-187500.015625,-187500.015625,-26201.1386719,0.0
-187500.015625,-187500.015625,-187500.015625,-187500.015625,-187500.015625,-187500.015625,-187500.015625,-26234.0410156,0.0
-187500.015625,-187500.015625,-187500.015625,-187500.015625,-187500.015625,-187500.015625,-187500.015625,-26122.7304688,0.0
-187500.015625,-187500.015625,-187500.015625,-187500.015625,-187500.015625,-187500.015625,-187500.015625,-26078.0253906,0.0
-187500.015625,-187500.015625,-187500.015625,-187500.015625,-187500.015625,-187500.015625,-187500.015625,-26185.828125,0.0
-187500.015625,-187500.015625,-187500.015625,-187500.015625,-187500.015625,-187500.015625,-187500.015625,-26250.5585938,0.0
-187500.015625,-187500.015625,-187500.015625,-187500.015625,-187500.015625,-187500.015625,-187500.015625,-26149.8417969,0.0
-187500.015625,-187500.015625,-187500.015625,-187500.015625,-187500.015625,-187500.015625,-187500.015625,-26072.4609375,0.0
-187500.015625,-187500.015625,-187500.015625,-187500.015625,-187500.015625,-187500.015625,-187500.015625,-26164.3476562,0.0
-187500.015625,-187500.015625,-187500.015625,-187500.015625,-187500.015625,-187500.015625,-187500.015625,-26255.8339844,0.0
-187500.015625,-187500.015625,-187500.015625,-187500.015625,-187500.015625,-187500.015625,-187500.015625,-26171.2773438,0.0
-187500.015625,-187500.015625,-187500.015625,-187500.015625,-187500.015625,-187500.015625,-187500.015625,-26067.6542969,0.0
-187500.015625,-187500.015625,-187500.015625,-187500.015625,-187500.015625,-187500.015625,-187500.015625,-26134.2636719,0.0
-187500.015625,-187500.015625,-187500.015625,-187500.015625,-187500.015625,-187500.015625,-187500.015625,-26237.3710938,0.0
-187500.015625,-187500.015625,-187500.015625,-187500.015625,-187500.015625,-187500.015625,-187500.015625,-26189.875,0.0
-187500.015625,-187500.015625,-187500.015625,-187500.015625,-187500.015625,-187500.015625,-187500.015625,-26075.1425781,0.0
-187500.015625,-187500.015625,-187500.015625,-187500.015625,-187500.015625,-187500.015625,-187500.015625,-26113.765625,0.0
-187500.015625,-187500.015625,-187500.015625,-187500.015625,-187500.015625,-187500.015625,-187500.015625,-26233.3710938,0.0
-187500.015625,-187500.015625,-187500.015625,-187500.015625,-187500.015625,-187500.015625,-187500.015625,-26211.5996094,0.0
-187500.015625,-187500.015625,-187500.015625,-187500.015625,-187500.015625,-187500.015625,-187500.015625,-26084.0839844,0.0
-187500.015625,-187500.015625,-187500.015625,-187500.015625,-187500.015625,-187500.015625,-187500.015625,-26093.4941406,0.0
-187500.015625,-187500.015625,-187500.015625,-187500.015625,-187500.015625,-187500.015625,-187500.015625,-26228.5878906,0.0
-187500.015625,-187500.015625,-187500.015625,-187500.015625,-187500.015625,-187500.015625,-187500.015625,-26235.3378906,0.0
-187500.015625,-187500.015625,-187500.015625,-187500.015625,-187500.015625,-187500.015625,-187500.015625,-26116.7832031,0.0
-187500.015625,-187500.015625,-187500.015625,-187500.015625,-187500.015625,-187500.015625,-187500.015625,-26090.1191406,0.0
-187500.015625,-187500.015625,-187500.015625,-187500.015625,-187500.015625,-187500.015625,-187500.015625,-26212.5839844,0.0
-187500.015625,-187500.015625,-187500.015625,-187500.015625,-187500.015625,-187500.015625,-187500.015625,-26251.453125,0.0
-187500.015625,-187500.015625,-187500.015625,-187500.015625,-187500.015625,-187500.015625,-187500.015625,-26133.7050781,0.0
-187500.015625,-187500.015625,-187500.015625,-187500.015625,-187500.015625,-187500.015625,-187500.015625,-26078.25,0.0
-187500.015625,-187500.015625,-187500.015625,-187500.015625,-187500.015625,-187500.015625,-187500.015625,-26186.4765625,0.0
-187500.015625,-187500.015625,-187500.015625,-187500.015625,-187500.015625,-187500.015625,-187500.015625,-26252.4375,0.0
-187500.015625,-187500.015625,-187500.015625,-187500.015625,-187500.015625,-187500.015625,-187500.015625,-26157.9550781,0.0
-187500.015625,-187500.015625,-187500.015625,-187500.015625,-187500.015625,-187500.015625,-187500.015625,-26073.9355469,0.0
-187500.015625,-187500.015625,-187500.015625,-187500.015625,-187500.015625,-187500.015625,-187500.015625,-26170.4511719,0.0
-187500.015625,-187500.015625,-187500.015625,-187500.015625,-187500.015625,-187500.015625,-187500.015625,-26261.7792969,0.0
-187500.015625,-187500.015625,-187500.015625,-187500.015625,-187500.015625,-187500.015625,-187500.015625,-26179.8613281,0.0
-187500.015625,-187500.015625,-187500.015625,-187500.015625,-187500.015625,-187500.015625,-187500.015625,-26080.640625,0.0
-187500.015625,-187500.015625,-187500.015625,-187500.015625,-187500.015625,-187500.015625,-187500.015625,-26142.2871094,0.0
-187500.015625,-187500.015625,-187500.015625,-187500.015625,-187500.015625,-187500.015625,-187500.015625,-26242.3554688,0.0
-187500.015625,-187500.015625,-187500.015625,-187500.015625,-187500.015625,-187500.015625,-187500.015625,-26190.9023438,0.0
-187500.015625,-187500.015625,-187500.015625,-187500.015625,-187500.015625,-187500.015625,-187500.015625,-26081.1113281,0.0
-187500.015625,-187500.015625,-187500.015625,-187500.015625,-187500.015625,-187500.015625,-187500.015625,-26115.3535156,0.0
-187500.015625,-187500.015625,-187500.015625,-187500.015625,-187500.015625,-187500.015625,-187500.015625,-26230.6894531,0.0
-187500.015625,-187500.015625,-187500.015625,-187500.015625,-187500.015625,-187500.015625,-187500.015625,-26214.0371094,0.0
-187500.015625,-187500.015625,-187500.015625,-187500.015625,-187500.015625,-187500.015625,-187500.015625,-26091.125,0.0
-187500.015625,-187500.015625,-187500.015625,-187500.015625,-187500.015625,-187500.015625,-187500.015625,-26087.9511719,0.0
-187500.015625,-187500.015625,-187500.015625,-187500.015625,-187500.015625,-187500.015625,-187500.015625,-26212.4492188,0.0
-187500.015625,-187500.015625,-187500.015625,-187500.015625,-187500.015625,-187500.015625,-187500.015625,-26229.5039062,0.0
-187500.015625,-187500.015625,-187500.015625,-187500.015625,-187500.015625,-187500.015625,-187500.015625,-26110.5703125,0.0
-187500.015625,-187500.015625,-187500.015625,-187500.015625,-187500.015625,-187500.015625,-187500.015625,-26085.0898438,0.0
-187500.015625,-187500.015625,-187500.015625,-187500.015625,-187500.015625,-187500.015625,-187500.015625,-26203.8222656,0.0
-187500.015625,-187500.015625,-187500.015625,-187500.015625,-187500.015625,-187500.015625,-187500.015625,-26249.9101562,0.0
-187500.015625,-187500.015625,-187500.015625,-187500.015625,-187500.015625,-187500.015625,-187500.015625,-26138.6210938,0.0
-187500.015625,-187500.015625,-187500.015625,-187500.015625,-187500.015625,-187500.015625,-187500.015625,-26081.8476562,0.0
-187500.015625,-187500.015625,-187500.015625,-187500.015625,-187500.015625,-187500.015625,-187500.015625,-26184.7324219,0.0
-187500.015625,-187500.015625,-187500.015625,-187500.015625,-187500.015625,-187500.015625,-187500.015625,-26257.8007812,0.0
-187500.015625,-187500.015625,-187500.015625,-187500.015625,-187500.015625,-187500.015625,-187500.015625,-26158.0,0.0
-187500.015625,-187500.015625,-187500.015625,-187500.015625,-187500.015625,-187500.015625,-187500.015625,-26071.1425781,0.0
-187500.015625,-187500.015625,-187500.015625,-187500.015625,-187500.015625,-187500.015625,-187500.015625,-26151.9648438,0.0
-187500.015625,-187500.015625,-187500.015625,-187500.015625,-187500.015625,-187500.015625,-187500.015625,-26250.2460938,0.0
-187500.015625,-187500.015625,-187500.015625,-187500.015625,-187500.015625,-187500.015625,-187500.015625,-26180.7988281,0.0
-187500.015625,-187500.015625,-187500.015625,-187500.015625,-187500.015625,-187500.015625,-187500.015625,-26072.125,0.0
-187500.015625,-187500.015625,-187500.015625,-187500.015625,-187500.015625,-187500.015625,-187500.015625,-26129.0332031,0.0
-187500.015625,-187500.015625,-187500.015625,-187500.015625,-187500.015625,-187500.015625,-187500.015625,-26241.171875,0.0
-187500.015625,-187500.015625,-187500.015625,-187500.015625,-187500.015625,-187500.015625,-187500.015625,-26198.4355469,0.0
-187500.015625,-187500.015625,-187500.015625,-187500.015625,-187500.015625,-187500.015625,-187500.015625,-26076.7519531,0.0
-187500.015625,-187500.015625,-187500.015625,-187500.015625,-187500.015625,-187500.015625,-187500.015625,-26109.0058594,0.0
-187500.015625,-187500.015625,-187500.015625,-187500.015625,-187500.015625,-187500.015625,-187500.015625,-26226.0175781,0.0
-187500.015625,-187500.015625,-187500.015625,-187500.015625,-187500.015625,-187500.015625,-187500.015625,-26208.9628906,0.0
-187500.015625,-187500.015625,-187500.015625,-187500.015625,-187500.015625,-187500.015625,-187500.015625,-26091.3027344,0.0
-187500.015625,-187500.015625,-187500.015625,-187500.015625,-187500.015625,-187500.015625,-187500.015625,-26085.4472656,0.0
-187500.015625,-187500.015625,-187500.015625,-187500.015625,-187500.015625,-187500.015625,-187500.015625,-26214.5273438,0.0
-187500.015625,-187500.015625,-187500.015625,-187500.015625,-187500.015625,-187500.015625,-187500.015625,-26236.8359375,0.0
-187500.015625,-187500.015625,-187500.015625,-187500.015625,-187500.015625,-187500.015625,-187500.015625,-26113.9667969,0.0
-187500.015625,-187500.015625,-187500.015625,-187500.015625,-187500.015625,-187500.015625,-187500.015625,-26081.9375,0.0
-187500.015625,-187500.015625,-187500.015625,-187500.015625,-187500.015625,-187500.015625,-187500.015625,-26195.2167969,0.0
-187500.015625,-187500.015625,-187500.015625,-187500.015625,-187500.015625,-187500.015625,-187500.015625,-26245.2851562,0.0
-187500.015625,-187500.015625,-187500.015625,-187500.015625,-187500.015625,-187500.015625,-187500.015625,-26135.4472656,0.0
-187500.015625,-187500.015625,-187500.015625,-187500.015625,-187500.015625,-187500.015625,-187500.015625,-26077.0878906,0.0
-187500.015625,-187500.015625,-187500.015625,-187500.015625,-187500.015625,-187500.015625,-187500.015625,-26170.9199219,0.0
-187500.015625,-187500.015625,-187500.015625,-187500.015625,-187500.015625,-187500.015625,-187500.015625,-26249.375,0.0
-187500.015625,-187500.015625,-187500.015625,-187500.015625,-187500.015625,-187500.015625,-187500.015625,-26156.5703125,0.0
-187500.015625,-187500.015625,-187500.015625,-187500.015625,-187500.015625,-187500.015625,-187500.015625,-26067.140625,0.0
-187500.015625,-187500.015625,-187500.015625,-187500.015625,-187500.015625,-187500.015625,-187500.015625,-26151.6074219,0.0
-187500.015625,-187500.015625,-187500.015625,-187500.015625,-187500.015625,-187500.015625,-187500.015625,-26252.1015625,0.0
-187500.015625,-187500.015625,-187500.015625,-187500.015625,-187500.015625,-187500.015625,-187500.015625,-26187.6835938,0.0
-187500.015625,-187500.015625,-187500.015625,-187500.015625,-187500.015625,-187500.015625,-187500.015625,-26075.8359375,0.0
-187500.015625,-187500.015625,-187500.015625,-187500.015625,-187500.015625,-187500.015625,-187500.015625,-26130.3964844,0.0
-187500.015625,-187500.015625,-187500.015625,-187500.015625,-187500.015625,-187500.015625,-187500.015625,-26246.7597656,0.0
-187500.015625,-187500.015625,-187500.015625,-187500.015625,-187500.015625,-187500.015625,-187500.015625,-26205.296875,0.0
-187500.015625,-187500.015625,-187500.015625,-187500.015625,-187500.015625,-187500.015625,-187500.015625,-26086.4746094,0.0
-187500.015625,-187500.015625,-187500.015625,-187500.015625,-187500.015625,-187500.015625,-187500.015625,-26115.375,0.0
-187500.015625,-187500.015625,-187500.015625,-187500.015625,-187500.015625,-187500.015625,-187500.015625,-26243.2949219,0.0
-187500.015625,-187500.015625,-187500.015625,-187500.015625,-187500.015625,-187500.015625,-187500.015625,-26242.1992188,0.0
-187500.015625,-187500.015625,-187500.015625,-187500.015625,-187500.015625,-187500.015625,-187500.015625,-26123.265625,0.0
-187500.015625,-187500.015625,-187500.015625,-187500.015625,-187500.015625,-187500.015625,-187500.015625,-26116.2695312,0.0
-187500.015625,-187500.015625,-187500.015625,-187500.015625,-187500.015625,-187500.015625,-187500.015625,-26239.6972656,0.0
-187500.015625,-187500.015625,-187500.015625,-187500.015625,-187500.015625,-187500.015625,-187500.015625,-26264.7070312,0.0
-187500.015625,-187500.015625,-187500.015625,-187500.015625,-187500.015625,-187500.015625,-187500.015625,-26143.2480469,0.0
-187500.015625,-187500.015625,-187500.015625,-187500.015625,-187500.015625,-187500.015625,-187500.015625,-26106.6367188,0.0
-187500.015625,-187500.015625,-187500.015625,-187500.015625,-187500.015625,-187500.015625,-187500.015625,-26218.1933594,0.0
-187500.015625,-187500.015625,-187500.015625,-187500.015625,-187500.015625,-187500.015625,-187500.015625,-26272.5527344,0.0
-187500.015625,-187500.015625,-187500.015625,-187500.015625,-187500.015625,-187500.015625,-187500.015625,-26164.0351562,0.0
-187500.015625,-187500.015625,-187500.015625,-187500.015625,-187500.015625,-187500.015625,-187500.015625,-26089.6035156,0.0
-187500.015625,-187500.015625,-187500.015625,-187500.015625,-187500.015625,-187500.015625,-187500.015625,-26187.0136719,0.0
-187500.015625,-187500.015625,-187500.015625,-187500.015625,-187500.015625,-187500.015625,-187500.015625,-26263.4570312,0.0
-187500.015625,-187500.015625,-187500.015625,-187500.015625,-187500.015625,-187500.015625,-187500.015625,-26172.9980469,0.0
-187500.015625,-187500.015625,-187500.015625,-187500.015625,-187500.015625,-187500.015625,-187500.015625,-26081.8476562,0.0
-187500.015625,-187500.015625,-187500.015625,-187500.015625,-187500.015625,-187500.015625,-187500.015625,-26161.0859375,0.0
-187500.015625,-187500.015625,-187500.015625,-187500.015625,-187500.015625,-187500.015625,-187500.015625,-26265.9589844,0.0
-187500.015625,-187500.015625,-187500.015625,-187500.015625,-187500.015625,-187500.015625,-187500.015625,-26196.3789062,0.0
-187500.015625,-187500.015625,-187500.015625,-187500.015625,-187500.015625,-187500.015625,-187500.015625,-26088.7558594,0.0
-187500.015625,-187500.015625,-187500.015625,-187500.015625,-187500.015625,-187500.015625,-187500.015625,-26137.5273438,0.0
-187500.015625,-187500.015625,-187500.015625,-187500.015625,-187500.015625,-187500.015625,-187500.015625,-26255.1191406,0.0
-187500.015625,-187500.015625,-187500.015625,-187500.015625,-187500.015625,-187500.015625,-187500.015625,-26226.4863281,0.0
-187500.015625,-187500.015625,-187500.015625,-187500.015625,-187500.015625,-187500.015625,-187500.015625,-26108.3125,0.0
-187500.015625,-187500.015625,-187500.015625,-187500.015625,-187500.015625,-187500.015625,-187500.015625,-26119.5566406,0.0
-187500.015625,-187500.015625,-187500.015625,-187500.015625,-187500.015625,-187500.015625,-187500.015625,-26244.1660156,0.0
-187500.015625,-187500.015625,-187500.015625,-187500.015625,-187500.015625,-187500.015625,-187500.015625,-26241.9765625,0.0
-187500.015625,-187500.015625,-187500.015625,-187500.015625,-187500.015625,-187500.015625,-187500.015625,-26120.1582031,0.0
-187500.015625,-187500.015625,-187500.015625,-187500.015625,-187500.015625,-187500.015625,-187500.015625,-26101.2050781,0.0
-187500.015625,-187500.015625,-187500.015625,-187500.015625,-187500.015625,-187500.015625,-187500.015625,-26218.0605469,0.0
-187500.015625,-187500.015625,-187500.015625,-187500.015625,-187500.015625,-187500.015625,-187500.015625,-26255.9003906,0.0
-187500.015625,-187500.015625,-187500.015625,-187500.015625,-187500.015625,-187500.015625,-187500.015625,-26138.375,0.0
-187500.015625,-187500.015625,-187500.015625,-187500.015625,-187500.015625,-187500.015625,-187500.015625,-26091.5273438,0.0
-187500.015625,-187500.015625,-187500.015625,-187500.015625,-187500.015625,-187500.015625,-187500.015625,-26211.6679688,0.0
-187500.015625,-187500.015625,-187500.015625,-187500.015625,-187500.015625,-187500.015625,-187500.015625,-26269.8261719,0.0
-187500.015625,-187500.015625,-187500.015625,-187500.015625,-187500.015625,-187500.015625,-187500.015625,-26167.7460938,0.0
-187500.015625,-187500.015625,-187500.015625,-187500.015625,-187500.015625,-187500.015625,-187500.015625,-26089.1582031,0.0
-187500.015625,-187500.015625,-187500.015625,-187500.015625,-187500.015625,-187500.015625,-187500.015625,-26186.0292969,0.0
-187500.015625,-187500.015625,-187500.015625,-187500.015625,-187500.015625,-187500.015625,-187500.015625,-26270.8769531,0.0
-187500.015625,-187500.015625,-187500.015625,-187500.015625,-187500.015625,-187500.015625,-187500.015625,-26195.0605469,0.0
-187500.015625,-187500.015625,-187500.015625,-187500.015625,-187500.015625,-187500.015625,-187500.015625,-26095.7070312,0.0
-187500.015625,-187500.015625,-187500.015625,-187500.015625,-187500.015625,-187500.015625,-187500.015625,-26162.8730469,0.0
-187500.015625,-187500.015625,-187500.015625,-187500.015625,-187500.015625,-187500.015625,-187500.015625,-26277.7382812,0.0
-187500.015625,-187500.015625,-187500.015625,-187500.015625,-187500.015625,-187500.015625,-187500.015625,-26226.9101562,0.0
-187500.015625,-187500.015625,-187500.015625,-187500.015625,-187500.015625,-187500.015625,-187500.015625,-26109.9453125,0.0
-187500.015625,-187500.015625,-187500.015625,-187500.015625,-187500.015625,-187500.015625,-187500.015625,-26149.6640625,0.0
-187500.015625,-187500.015625,-187500.015625,-187500.015625,-187500.015625,-187500.015625,-187500.015625,-26262.1152344,0.0
-187500.015625,-187500.015625,-187500.015625,-187500.015625,-187500.015625,-187500.015625,-187500.015625,-26238.5332031,0.0
-187500.015625,-187500.015625,-187500.015625,-187500.015625,-187500.015625,-187500.015625,-187500.015625,-26115.1523438,0.0
-187500.015625,-187500.015625,-187500.015625,-187500.015625,-187500.015625,-187500.015625,-187500.015625,-26119.9355469,0.0
-187500.015625,-187500.015625,-187500.015625,-187500.015625,-187500.015625,-187500.015625,-187500.015625,-26238.5117188,0.0
-187500.015625,-187500.015625,-187500.015625,-187500.015625,-187500.015625,-187500.015625,-187500.015625,-26242.1542969,0.0
-187500.015625,-187500.015625,-187500.015625,-187500.015625,-187500.015625,-187500.015625,-187500.015625,-26116.9179688,0.0
-187500.015625,-187500.015625,-187500.015625,-187500.015625,-187500.015625,-187500.015625,-187500.015625,-26092.7558594,0.0
-187500.015625,-187500.015625,-187500.015625,-187500.015625,-187500.015625,-187500.015625,-187500.015625,-26207.7324219,0.0
-187500.015625,-187500.015625,-187500.015625,-187500.015625,-187500.015625,-187500.015625,-187500.015625,-26236.9921875,0.0
-187500.015625,-187500.015625,-187500.015625,-187500.015625,-187500.015625,-187500.015625,-187500.015625,-26118.5507812,0.0
-187500.015625,-187500.015625,-187500.015625,-187500.015625,-187500.015625,-187500.015625,-187500.015625,-26072.1035156,0.0
-187500.015625,-187500.015625,-187500.015625,-187500.015625,-187500.015625,-187500.015625,-187500.015625,-26183.59375,0.0
-187500.015625,-187500.015625,-187500.015625,-187500.015625,-187500.015625,-187500.015625,-187500.015625,-26245.3515625,0.0
-187500.015625,-187500.015625,-187500.015625,-187500.015625,-187500.015625,-187500.015625,-187500.015625,-26145.0585938,0.0
-187500.015625,-187500.015625,-187500.015625,-187500.015625,-187500.015625,-187500.015625,-187500.015625,-26067.7675781,0.0
-187500.015625,-187500.015625,-187500.015625,-187500.015625,-187500.015625,-187500.015625,-187500.015625,-26162.3808594,0.0
-187500.015625,-187500.015625,-187500.015625,-187500.015625,-187500.015625,-187500.015625,-187500.015625,-26256.9511719,0.0
-187500.015625,-187500.015625,-187500.015625,-187500.015625,-187500.015625,-187500.015625,-187500.015625,-26177.3574219,0.0
-187500.015625,-187500.015625,-187500.015625,-187500.015625,-187500.015625,-187500.015625,-187500.015625,-26078.09375,0.0
-187500.015625,-187500.015625,-187500.015625,-187500.015625,-187500.015625,-187500.015625,-187500.015625,-26146.3554688,0.0
-187500.015625,-187500.015625,-187500.015625,-187500.015625,-187500.015625,-187500.015625,-187500.015625,-26259.4785156,0.0
-187500.015625,-187500.015625,-187500.015625,-187500.015625,-187500.015625,-187500.015625,-187500.015625,-26207.1523438,0.0
-187500.015625,-187500.015625,-187500.015625,-187500.015625,-187500.015625,-187500.015625,-187500.015625,-26094.3867188,0.0
-187500.015625,-187500.015625,-187500.015625,-187500.015625,-187500.015625,-187500.015625,-187500.015625,-26127.5566406,0.0
-187500.015625,-187500.015625,-187500.015625,-187500.015625,-187500.015625,-187500.015625,-187500.015625,-26244.6132812,0.0
-187500.015625,-187500.015625,-187500.015625,-187500.015625,-187500.015625,-187500.015625,-187500.015625,-26230.5761719,0.0
-187500.015625,-187500.015625,-187500.015625,-187500.015625,-187500.015625,-187500.015625,-187500.015625,-26108.2011719,0.0
-187500.015625,-187500.015625,-187500.015625,-187500.015625,-187500.015625,-187500.015625,-187500.015625,-26103.0605469,0.0
-187500.015625,-187500.015625,-187500.015625,-187500.015625,-187500.015625,-187500.015625,-187500.015625,-26229.3476562,0.0
-187500.015625,-187500.015625,-187500.015625,-187500.015625,-187500.015625,-187500.015625,-187500.015625,-26242.8261719,0.0
-187500.015625,-187500.015625,-187500.015625,-187500.015625,-187500.015625,-187500.015625,-187500.015625,-26116.0683594,0.0
-187500.015625,-187500.015625,-187500.015625,-187500.015625,-187500.015625,-187500.015625,-187500.015625,-26083.3691406,0.0
-187500.015625,-187500.015625,-187500.015625,-187500.015625,-187500.015625,-187500.015625,-187500.015625,-26201.6542969,0.0
-187500.015625,-187500.015625,-187500.015625,-187500.015625,-187500.015625,-187500.015625,-187500.015625,-26255.4550781,0.0
-187500.015625,-187500.015625,-187500.015625,-187500.015625,-187500.015625,-187500.015625,-187500.015625,-26145.0136719,0.0
-187500.015625,-187500.015625,-187500.015625,-187500.015625,-187500.015625,-187500.015625,-187500.015625,-26088.375,0.0
-187500.015625,-187500.015625,-187500.015625,-187500.015625,-187500.015625,-187500.015625,-187500.015625,-26190.5449219,0.0
-187500.015625,-187500.015625,-187500.015625,-187500.015625,-187500.015625,-187500.015625,-187500.015625,-26262.875,0.0
-187500.015625,-187500.015625,-187500.015625,-187500.015625,-187500.015625,-187500.015625,-187500.015625,-26169.2207031,0.0
-187500.015625,-187500.015625,-187500.015625,-187500.015625,-187500.015625,-187500.015625,-187500.015625,-26085.5585938,0.0
-187500.015625,-187500.015625,-187500.015625,-187500.015625,-187500.015625,-187500.015625,-187500.015625,-26162.4492188,0.0
-187500.015625,-187500.015625,-187500.015625,-187500.015625,-187500.015625,-187500.015625,-187500.015625,-26261.1542969,0.0
-187500.015625,-187500.015625,-187500.015625,-187500.015625,-187500.015625,-187500.015625,-187500.015625,-26192.0878906,0.0
-187500.015625,-187500.015625,-187500.015625,-187500.015625,-187500.015625,-187500.015625,-187500.015625,-26085.4238281,0.0
-187500.015625,-187500.015625,-187500.015625,-187500.015625,-187500.015625,-187500.015625,-187500.015625,-26137.6601562,0.0
-187500.015625,-187500.015625,-187500.015625,-187500.015625,-187500.015625,-187500.015625,-187500.015625,-26250.6933594,0.0
-187500.015625,-187500.015625,-187500.015625,-187500.015625,-187500.015625,-187500.015625,-187500.015625,-26210.2363281,0.0
-187500.015625,-187500.015625,-187500.015625,-187500.015625,-187500.015625,-187500.015625,-187500.015625,-26091.9511719,0.0
-187500.015625,-187500.015625,-187500.015625,-187500.015625,-187500.015625,-187500.015625,-187500.015625,-26116.9414062,0.0
-187500.015625,-187500.015625,-187500.015625,-187500.015625,-187500.015625,-187500.015625,-187500.015625,-26236.65625,0.0
-187500.015625,-187500.015625,-187500.015625,-187500.015625,-187500.015625,-187500.015625,-187500.015625,-26224.4980469,0.0
-187500.015625,-187500.015625,-187500.015625,-187500.015625,-187500.015625,-187500.015625,-187500.015625,-26099.1484375,0.0
-187500.015625,-187500.015625,-187500.015625,-187500.015625,-187500.015625,-187500.015625,-187500.015625,-26095.8847656,0.0
-187500.015625,-187500.015625,-187500.015625,-187500.015625,-187500.015625,-187500.015625,-187500.015625,-26219.7128906,0.0
-187500.015625,-187500.015625,-187500.015625,-187500.015625,-187500.015625,-187500.015625,-187500.015625,-26242.1992188,0.0
-187500.015625,-187500.015625,-187500.015625,-187500.015625,-187500.015625,-187500.015625,-187500.015625,-26115.7109375,0.0
-187500.015625,-187500.015625,-187500.015625,-187500.015625,-187500.015625,-187500.015625,-187500.015625,-26078.8085938,0.0
-187500.015625,-187500.015625,-187500.015625,-187500.015625,-187500.015625,-187500.015625,-187500.015625,-26201.6542969,0.0
-187500.015625,-187500.015625,-187500.015625,-187500.015625,-187500.015625,-187500.015625,-187500.015625,-26248.9941406,0.0
-187500.015625,-187500.015625,-187500.015625,-187500.015625,-187500.015625,-187500.015625,-187500.015625,-26143.1367188,0.0
-187500.015625,-187500.015625,-187500.015625,-187500.015625,-187500.015625,-187500.015625,-187500.015625,-26073.7792969,0.0
-187500.015625,-187500.015625,-187500.015625,-187500.015625,-187500.015625,-187500.015625,-187500.015625,-26176.9316406,0.0
-187500.015625,-187500.015625,-187500.015625,-187500.015625,-187500.015625,-187500.015625,-187500.015625,-26252.1015625,0.0
-187500.015625,-187500.015625,-187500.015625,-187500.015625,-187500.015625,-187500.015625,-187500.015625,-26163.9902344,0.0
-187500.015625,-187500.015625,-187500.015625,-187500.015625,-187500.015625,-187500.015625,-187500.015625,-26081.0429688,0.0
-187500.015625,-187500.015625,-187500.015625,-187500.015625,-187500.015625,-187500.015625,-187500.015625,-26160.0566406,0.0
-187500.015625,-187500.015625,-187500.015625,-187500.015625,-187500.015625,-187500.015625,-187500.015625,-26260.2148438,0.0
-187500.015625,-187500.015625,-187500.015625,-187500.015625,-187500.015625,-187500.015625,-187500.015625,-26199.4628906,0.0
-187500.015625,-187500.015625,-187500.015625,-187500.015625,-187500.015625,-187500.015625,-187500.015625,-26092.2421875,0.0
-187500.015625,-187500.015625,-187500.015625,-187500.015625,-187500.015625,-187500.015625,-187500.015625,-26137.9960938,0.0
-187500.015625,-187500.015625,-187500.015625,-187500.015625,-187500.015625,-187500.015625,-187500.015625,-26249.1503906,0.0
-187500.015625,-187500.015625,-187500.015625,-187500.015625,-187500.015625,-187500.015625,-187500.015625,-26211.5332031,0.0
-187500.015625,-187500.015625,-187500.015625,-187500.015625,-187500.015625,-187500.015625,-187500.015625,-26093.5390625,0.0
-187500.015625,-187500.015625,-187500.015625,-187500.015625,-187500.015625,-187500.015625,-187500.015625,-26117.65625,0.0
-187500.015625,-187500.015625,-187500.015625,-187500.015625,-187500.015625,-187500.015625,-187500.015625,-26234.7109375,0.0
-187500.015625,-187500.015625,-187500.015625,-187500.015625,-187500.015625,-187500.015625,-187500.015625,-26227.2011719,0.0
-187500.015625,-187500.015625,-187500.015625,-187500.015625,-187500.015625,-187500.015625,-187500.015625,-26103.015625,0.0
-187500.015625,-187500.015625,-187500.015625,-187500.015625,-187500.015625,-187500.015625,-187500.015625,-26092.4433594,0.0
-187500.015625,-187500.015625,-187500.015625,-187500.015625,-187500.015625,-187500.015625,-187500.015625,-26215.9355469,0.0
-187500.015625,-187500.015625,-187500.015625,-187500.015625,-187500.015625,-187500.015625,-187500.015625,-26250.5820312,0.0
-187500.015625,-187500.015625,-187500.015625,-187500.015625,-187500.015625,-187500.015625,-187500.015625,-26130.4863281,0.0
-187500.015625,-187500.015625,-187500.015625,-187500.015625,-187500.015625,-187500.015625,-187500.015625,-26084.2167969,0.0
-187500.015625,-187500.015625,-187500.015625,-187500.015625,-187500.015625,-187500.015625,-187500.015625,-26194.9921875,0.0
-187500.015625,-187500.015625,-187500.015625,-187500.015625,-187500.015625,-187500.015625,-187500.015625,-26250.4257812,0.0
-187500.015625,-187500.015625,-187500.015625,-187500.015625,-187500.015625,-187500.015625,-187500.015625,-26148.9257812,0.0
-187500.015625,-187500.015625,-187500.015625,-187500.015625,-187500.015625,-187500.015625,-187500.015625,-26075.5234375,0.0
-187500.015625,-187500.015625,-187500.015625,-187500.015625,-187500.015625,-187500.015625,-187500.015625,-26169.2441406,0.0
-187500.015625,-187500.015625,-187500.015625,-187500.015625,-187500.015625,-187500.015625,-187500.015625,-26250.1347656,0.0
-187500.015625,-187500.015625,-187500.015625,-187500.015625,-187500.015625,-187500.015625,-187500.015625,-26166.8300781,0.0
-187500.015625,-187500.015625,-187500.015625,-187500.015625,-187500.015625,-187500.015625,-187500.015625,-26076.0136719,0.0
-187500.015625,-187500.015625,-187500.015625,-187500.015625,-187500.015625,-187500.015625,-187500.015625,-26151.8085938,0.0
-187500.015625,-187500.015625,-187500.015625,-187500.015625,-187500.015625,-187500.015625,-187500.015625,-26252.9277344,0.0
-187500.015625,-187500.015625,-187500.015625,-187500.015625,-187500.015625,-187500.015625,-187500.015625,-26185.1132812,0.0
-187500.015625,-187500.015625,-187500.015625,-187500.015625,-187500.015625,-187500.015625,-187500.015625,-26077.1992188,0.0
-187500.015625,-187500.015625,-187500.015625,-187500.015625,-187500.015625,-187500.015625,-187500.015625,-26133.4589844,0.0
-187500.015625,-187500.015625,-187500.015625,-187500.015625,-187500.015625,-187500.015625,-187500.015625,-26246.6035156,0.0
-187500.015625,-187500.015625,-187500.015625,-187500.015625,-187500.015625,-187500.015625,-187500.015625,-26217.4570312,0.0
-187500.015625,-187500.015625,-187500.015625,-187500.015625,-187500.015625,-187500.015625,-187500.015625,-26094.6328125,0.0
-187500.015625,-187500.015625,-187500.015625,-187500.015625,-187500.015625,-187500.015625,-187500.015625,-26109.921875,0.0
-187500.015625,-187500.015625,-187500.015625,-187500.015625,-187500.015625,-187500.015625,-187500.015625,-26236.0078125,0.0
-187500.015625,-187500.015625,-187500.015625,-187500.015625,-187500.015625,-187500.015625,-187500.015625,-26236.0078125,0.0
-187500.015625,-187500.015625,-187500.015625,-187500.015625,-187500.015625,-187500.015625,-187500.015625,-26112.0,0.0
-187500.015625,-187500.015625,-187500.015625,-187500.015625,-187500.015625,-187500.015625,-187500.015625,-26096.8691406,0.0
-187500.015625,-187500.015625,-187500.015625,-187500.015625,-187500.015625,-187500.015625,-187500.015625,-26218.3066406,0.0
-187500.015625,-187500.015625,-187500.015625,-187500.015625,-187500.015625,-187500.015625,-187500.015625,-26253.4648438,0.0
-187500.015625,-187500.015625,-187500.015625,-187500.015625,-187500.015625,-187500.015625,-187500.015625,-26134.9550781,0.0
-187500.015625,-187500.015625,-187500.015625,-187500.015625,-187500.015625,-187500.015625,-187500.015625,-26087.8828125,0.0
-187500.015625,-187500.015625,-187500.015625,-187500.015625,-187500.015625,-187500.015625,-187500.015625,-26196.6699219,0.0
-187500.015625,-187500.015625,-187500.015625,-187500.015625,-187500.015625,-187500.015625,-187500.015625,-26259.7460938,0.0
-187500.015625,-187500.015625,-187500.015625,-187500.015625,-187500.015625,-187500.015625,-187500.015625,-26154.9609375,0.0
-187500.015625,-187500.015625,-187500.015625,-187500.015625,-187500.015625,-187500.015625,-187500.015625,-26082.6308594,0.0
-187500.015625,-187500.015625,-187500.015625,-187500.015625,-187500.015625,-187500.015625,-187500.015625,-26175.7929688,0.0
-187500.015625,-187500.015625,-187500.015625,-187500.015625,-187500.015625,-187500.015625,-187500.015625,-26262.6289062,0.0
-187500.015625,-187500.015625,-187500.015625,-187500.015625,-187500.015625,-187500.015625,-187500.015625,-26184.0859375,0.0
-187500.015625,-187500.015625,-187500.015625,-187500.015625,-187500.015625,-187500.015625,-187500.015625,-26091.2128906,0.0
-187500.015625,-187500.015625,-187500.015625,-187500.015625,-187500.015625,-187500.015625,-187500.015625,-26161.4199219,0.0
-187500.015625,-187500.015625,-187500.015625,-187500.015625,-187500.015625,-187500.015625,-187500.015625,-26267.078125,0.0
-187500.015625,-187500.015625,-187500.015625,-187500.015625,-187500.015625,-187500.015625,-187500.015625,-26210.1914062,0.0
-187500.015625,-187500.015625,-187500.015625,-187500.015625,-187500.015625,-187500.015625,-187500.015625,-26095.5722656,0.0
-187500.015625,-187500.015625,-187500.015625,-187500.015625,-187500.015625,-187500.015625,-187500.015625,-26135.9179688,0.0
-187500.015625,-187500.015625,-187500.015625,-187500.015625,-187500.015625,-187500.015625,-187500.015625,-26256.3925781,0.0
-187500.015625,-187500.015625,-187500.015625,-187500.015625,-187500.015625,-187500.015625,-187500.015625,-26223.4472656,0.0
-187500.015625,-187500.015625,-187500.015625,-187500.015625,-187500.015625,-187500.015625,-187500.015625,-26095.5058594,0.0
-187500.015625,-187500.015625,-187500.015625,-187500.015625,-187500.015625,-187500.015625,-187500.015625,-26109.0957031,0.0
-187500.015625,-187500.015625,-187500.015625,-187500.015625,-187500.015625,-187500.015625,-187500.015625,-26228.8105469,0.0
-187500.015625,-187500.015625,-187500.015625,-187500.015625,-187500.015625,-187500.015625,-187500.015625,-26237.8183594,0.0
-187500.015625,-187500.015625,-187500.015625,-187500.015625,-187500.015625,-187500.015625,-187500.015625,-26118.59375,0.0
-187500.015625,-187500.015625,-187500.015625,-187500.015625,-187500.015625,-187500.015625,-187500.015625,-26097.5839844,0.0
-187500.015625,-187500.015625,-187500.015625,-187500.015625,-187500.015625,-187500.015625,-187500.015625,-26218.5292969,0.0
-187500.015625,-187500.015625,-187500.015625,-187500.015625,-187500.015625,-187500.015625,-187500.015625,-26252.1230469,0.0
-187500.015625,-187500.015625,-187500.015625,-187500.015625,-187500.015625,-187500.015625,-187500.015625,-26139.7402344,0.0
-187500.015625,-187500.015625,-187500.015625,-187500.015625,-187500.015625,-187500.015625,-187500.015625,-26089.515625,0.0
-187500.015625,-187500.015625,-187500.015625,-187500.015625,-187500.015625,-187500.015625,-187500.015625,-26191.0136719,0.0
-187500.015625,-187500.015625,-187500.015625,-187500.015625,-187500.015625,-187500.015625,-187500.015625,-26255.5214844,0.0
-187500.015625,-187500.015625,-187500.015625,-187500.015625,-187500.015625,-187500.015625,-187500.015625,-26163.3867188,0.0
-187500.015625,-187500.015625,-187500.015625,-187500.015625,-187500.015625,-187500.015625,-187500.015625,-26086.609375,0.0
-187500.015625,-187500.015625,-187500.015625,-187500.015625,-187500.015625,-187500.015625,-187500.015625,-26174.4960938,0.0
-187500.015625,-187500.015625,-187500.015625,-187500.015625,-187500.015625,-187500.015625,-187500.015625,-26259.7011719,0.0
-187500.015625,-187500.015625,-187500.015625,-187500.015625,-187500.015625,-187500.015625,-187500.015625,-26182.140625,0.0
-187500.015625,-187500.015625,-187500.015625,-187500.015625,-187500.015625,-187500.015625,-187500.015625,-26088.3085938,0.0
-187500.015625,-187500.015625,-187500.015625,-187500.015625,-187500.015625,-187500.015625,-187500.015625,-26157.0175781,0.0
-187500.015625,-187500.015625,-187500.015625,-187500.015625,-187500.015625,-187500.015625,-187500.015625,-26260.9296875,0.0
-187500.015625,-187500.015625,-187500.015625,-187500.015625,-187500.015625,-187500.015625,-187500.015625,-26208.359375,0.0
-187500.015625,-187500.015625,-187500.015625,-187500.015625,-187500.015625,-187500.015625,-187500.015625,-26091.9960938,0.0
-187500.015625,-187500.015625,-187500.015625,-187500.015625,-187500.015625,-187500.015625,-187500.015625,-26131.4023438,0.0
-187500.015625,-187500.015625,-187500.015625,-187500.015625,-187500.015625,-187500.015625,-187500.015625,-26255.9003906,0.0
-187500.015625,-187500.015625,-187500.015625,-187500.015625,-187500.015625,-187500.015625,-187500.015625,-26231.0234375,0.0
-187500.015625,-187500.015625,-187500.015625,-187500.015625,-187500.015625,-187500.015625,-187500.015625,-26120.1582031,0.0
-187500.015625,-187500.015625,-187500.015625,-187500.015625,-187500.015625,-187500.015625,-187500.015625,-26126.5957031,0.0
-187500.015625,-187500.015625,-187500.015625,-187500.015625,-187500.015625,-187500.015625,-187500.015625,-26247.2070312,0.0
-187500.015625,-187500.015625,-187500.015625,-187500.015625,-187500.015625,-187500.015625,-187500.015625,-26257.8691406,0.0
-187500.015625,-187500.015625,-187500.015625,-187500.015625,-187500.015625,-187500.015625,-187500.015625,-26136.9453125,0.0
-187500.015625,-187500.015625,-187500.015625,-187500.015625,-187500.015625,-187500.015625,-187500.015625,-26113.2070312,0.0
-187500.015625,-187500.015625,-187500.015625,-187500.015625,-187500.015625,-187500.015625,-187500.015625,-26228.7441406,0.0
-187500.015625,-187500.015625,-187500.015625,-187500.015625,-187500.015625,-187500.015625,-187500.015625,-26267.7480469,0.0
-187500.015625,-187500.015625,-187500.015625,-187500.015625,-187500.015625,-187500.015625,-187500.015625,-26155.4296875,0.0
-187500.015625,-187500.015625,-187500.015625,-187500.015625,-187500.015625,-187500.015625,-187500.015625,-26094.9023438,0.0
-187500.015625,-187500.015625,-187500.015625,-187500.015625,-187500.015625,-187500.015625,-187500.015625,-26197.2734375,0.0
-187500.015625,-187500.015625,-187500.015625,-187500.015625,-187500.015625,-187500.015625,-187500.015625,-26272.9101562,0.0
-187500.015625,-187500.015625,-187500.015625,-187500.015625,-187500.015625,-187500.015625,-187500.015625,-26176.1054688,0.0
-187500.015625,-187500.015625,-187500.015625,-187500.015625,-187500.015625,-187500.015625,-187500.015625,-26089.5371094,0.0
-187500.015625,-187500.015625,-187500.015625,-187500.015625,-187500.015625,-187500.015625,-187500.015625,-26175.6367188,0.0
-187500.015625,-187500.015625,-187500.015625,-187500.015625,-187500.015625,-187500.015625,-187500.015625,-26269.6914062,0.0
-187500.015625,-187500.015625,-187500.015625,-187500.015625,-187500.015625,-187500.015625,-187500.015625,-26192.7578125,0.0
-187500.015625,-187500.015625,-187500.015625,-187500.015625,-187500.015625,-187500.015625,-187500.015625,-26091.4589844,0.0
-187500.015625,-187500.015625,-187500.015625,-187500.015625,-187500.015625,-187500.015625,-187500.015625,-26154.0664062,0.0
-187500.015625,-187500.015625,-187500.015625,-187500.015625,-187500.015625,-187500.015625,-187500.015625,-26263.2109375,0.0
-187500.015625,-187500.015625,-187500.015625,-187500.015625,-187500.015625,-187500.015625,-187500.015625,-26217.5683594,0.0
-187500.015625,-187500.015625,-187500.015625,-187500.015625,-187500.015625,-187500.015625,-187500.015625,-26103.8652344,0.0
-187500.015625,-187500.015625,-187500.015625,-187500.015625,-187500.015625,-187500.015625,-187500.015625,-26130.0839844,0.0
-187500.015625,-187500.015625,-187500.015625,-187500.015625,-187500.015625,-187500.015625,-187500.015625,-26248.2578125,0.0
-187500.015625,-187500.015625,-187500.015625,-187500.015625,-187500.015625,-187500.015625,-187500.015625,-26233.9746094,0.0
-187500.015625,-187500.015625,-187500.015625,-187500.015625,-187500.015625,-187500.015625,-187500.015625,-26115.5332031,0.0
-187500.015625,-187500.015625,-187500.015625,-187500.015625,-187500.015625,-187500.015625,-187500.015625,-26118.1914062,0.0
-187500.015625,-187500.015625,-187500.015625,-187500.015625,-187500.015625,-187500.015625,-187500.015625,-26237.2832031,0.0
-187500.015625,-187500.015625,-187500.015625,-187500.015625,-187500.015625,-187500.015625,-187500.015625,-26254.2246094,0.0
-187500.015625,-187500.015625,-187500.015625,-187500.015625,-187500.015625,-187500.015625,-187500.015625,-26138.4433594,0.0
-187500.015625,-187500.015625,-187500.015625,-187500.015625,-187500.015625,-187500.015625,-187500.015625,-26105.0488281,0.0
-187500.015625,-187500.015625,-187500.015625,-187500.015625,-187500.015625,-187500.015625,-187500.015625,-26221.1894531,0.0
-187500.015625,-187500.015625,-187500.015625,-187500.015625,-187500.015625,-187500.015625,-187500.015625,-26268.1503906,0.0
-187500.015625,-187500.015625,-187500.015625,-187500.015625,-187500.015625,-187500.015625,-187500.015625,-26161.375,0.0
-187500.015625,-187500.015625,-187500.015625,-187500.015625,-187500.015625,-187500.015625,-187500.015625,-26099.0371094,0.0
-187500.015625,-187500.015625,-187500.015625,-187500.015625,-187500.015625,-187500.015625,-187500.015625,-26203.3300781,0.0
-187500.015625,-187500.015625,-187500.015625,-187500.015625,-187500.015625,-187500.015625,-187500.015625,-26279.9746094,0.0
-187500.015625,-187500.015625,-187500.015625,-187500.015625,-187500.015625,-187500.015625,-187500.015625,-26183.59375,0.0
-187500.015625,-187500.015625,-187500.015625,-187500.015625,-187500.015625,-187500.015625,-187500.015625,-26099.0585938,0.0
-187500.015625,-187500.015625,-187500.015625,-187500.015625,-187500.015625,-187500.015625,-187500.015625,-26186.0527344,0.0
-187500.015625,-187500.015625,-187500.015625,-187500.015625,-187500.015625,-187500.015625,-187500.015625,-26282.9023438,0.0
-187500.015625,-187500.015625,-187500.015625,-187500.015625,-187500.015625,-187500.015625,-187500.015625,-26214.6855469,0.0
-187500.015625,-187500.015625,-187500.015625,-187500.015625,-187500.015625,-187500.015625,-187500.015625,-26110.5917969,0.0
-187500.015625,-187500.015625,-187500.015625,-187500.015625,-187500.015625,-187500.015625,-187500.015625,-26162.359375,0.0
-187500.015625,-187500.015625,-187500.015625,-187500.015625,-187500.015625,-187500.015625,-187500.015625,-26278.296875,0.0
-187500.015625,-187500.015625,-187500.015625,-187500.015625,-187500.015625,-187500.015625,-187500.015625,-26234.734375,0.0
-187500.015625,-187500.015625,-187500.015625,-187500.015625,-187500.015625,-187500.015625,-187500.015625,-26114.0566406,0.0
-187500.015625,-187500.015625,-187500.015625,-187500.015625,-187500.015625,-187500.015625,-187500.015625,-26130.5742188,0.0
-187500.015625,-187500.015625,-187500.015625,-187500.015625,-187500.015625,-187500.015625,-187500.015625,-26259.9472656,0.0
-187500.015625,-187500.015625,-187500.015625,-187500.015625,-187500.015625,-187500.015625,-187500.015625,-26251.6542969,0.0
-187500.015625,-187500.015625,-187500.015625,-187500.015625,-187500.015625,-187500.015625,-187500.015625,-26131.5585938,0.0
-187500.015625,-187500.015625,-187500.015625,-187500.015625,-187500.015625,-187500.015625,-187500.015625,-26122.7519531,0.0
-187500.015625,-187500.015625,-187500.015625,-187500.015625,-187500.015625,-187500.015625,-187500.015625,-26239.0039062,0.0
-187500.015625,-187500.015625,-187500.015625,-187500.015625,-187500.015625,-187500.015625,-187500.015625,-26263.859375,0.0
-187500.015625,-187500.015625,-187500.015625,-187500.015625,-187500.015625,-187500.015625,-187500.015625,-26144.0078125,0.0
-187500.015625,-187500.015625,-187500.015625,-187500.015625,-187500.015625,-187500.015625,-187500.015625,-26098.03125,0.0
-187500.015625,-187500.015625,-187500.015625,-187500.015625,-187500.015625,-187500.015625,-187500.015625,-26213.6113281,0.0
-187500.015625,-187500.015625,-187500.015625,-187500.015625,-187500.015625,-187500.015625,-187500.015625,-26275.6152344,0.0
-187500.015625,-187500.015625,-187500.015625,-187500.015625,-187500.015625,-187500.015625,-187500.015625,-26169.6015625,0.0
-187500.015625,-187500.015625,-187500.015625,-187500.015625,-187500.015625,-187500.015625,-187500.015625,-26098.0976562,0.0
-187500.015625,-187500.015625,-187500.015625,-187500.015625,-187500.015625,-187500.015625,-187500.015625,-26199.6191406,0.0
-187500.015625,-187500.015625,-187500.015625,-187500.015625,-187500.015625,-187500.015625,-187500.015625,-26279.8183594,0.0
-187500.015625,-187500.015625,-187500.015625,-187500.015625,-187500.015625,-187500.015625,-187500.015625,-26187.125,0.0
-187500.015625,-187500.015625,-187500.015625,-187500.015625,-187500.015625,-187500.015625,-187500.015625,-26096.1308594,0.0
-187500.015625,-187500.015625,-187500.015625,-187500.015625,-187500.015625,-187500.015625,-187500.015625,-26173.4238281,0.0
-187500.015625,-187500.015625,-187500.015625,-187500.015625,-187500.015625,-187500.015625,-187500.015625,-26271.5253906,0.0
-187500.015625,-187500.015625,-187500.015625,-187500.015625,-187500.015625,-187500.015625,-187500.015625,-26204.3808594,0.0
-187500.015625,-187500.015625,-187500.015625,-187500.015625,-187500.015625,-187500.015625,-187500.015625,-26091.90625,0.0
-187500.015625,-187500.015625,-187500.015625,-187500.015625,-187500.015625,-187500.015625,-187500.015625,-26144.2773438,0.0
-187500.015625,-187500.015625,-187500.015625,-187500.015625,-187500.015625,-187500.015625,-187500.015625,-26258.4042969,0.0
-187500.015625,-187500.015625,-187500.015625,-187500.015625,-187500.015625,-187500.015625,-187500.015625,-26221.1445312,0.0
-187500.015625,-187500.015625,-187500.015625,-187500.015625,-187500.015625,-187500.015625,-187500.015625,-26101.2949219,0.0
-187500.015625,-187500.015625,-187500.015625,-187500.015625,-187500.015625,-187500.015625,-187500.015625,-26130.171875,0.0
-187500.015625,-187500.015625,-187500.015625,-187500.015625,-187500.015625,-187500.015625,-187500.015625,-26258.8515625,0.0
-187500.015625,-187500.015625,-187500.015625,-187500.015625,-187500.015625,-187500.015625,-187500.015625,-26257.890625,0.0
-187500.015625,-187500.015625,-187500.015625,-187500.015625,-187500.015625,-187500.015625,-187500.015625,-26145.9746094,0.0
-187500.015625,-187500.015625,-187500.015625,-187500.015625,-187500.015625,-187500.015625,-187500.015625,-26139.3378906,0.0
-187500.015625,-187500.015625,-187500.015625,-187500.015625,-187500.015625,-187500.015625,-187500.015625,-26264.953125,0.0
-187500.015625,-187500.015625,-187500.015625,-187500.015625,-187500.015625,-187500.015625,-187500.015625,-26292.5136719,0.0
-187500.015625,-187500.015625,-187500.015625,-187500.015625,-187500.015625,-187500.015625,-187500.015625,-26174.0488281,0.0
-187500.015625,-187500.015625,-187500.015625,-187500.015625,-187500.015625,-187500.015625,-187500.015625,-26132.4082031,0.0
-187500.015625,-187500.015625,-187500.015625,-187500.015625,-187500.015625,-187500.015625,-187500.015625,-26244.9257812,0.0
-187500.015625,-187500.015625,-187500.015625,-187500.015625,-187500.015625,-187500.015625,-187500.015625,-26298.9726562,0.0
-187500.015625,-187500.015625,-187500.015625,-187500.015625,-187500.015625,-187500.015625,-187500.015625,-26183.6835938,0.0
-187500.015625,-187500.015625,-187500.015625,-187500.015625,-187500.015625,-187500.015625,-187500.015625,-26104.7597656,0.0
-187500.015625,-187500.015625,-187500.015625,-187500.015625,-187500.015625,-187500.015625,-187500.015625,-26204.3359375,0.0
-187500.015625,-187500.015625,-187500.015625,-187500.015625,-187500.015625,-187500.015625,-187500.015625,-26287.6855469,0.0
-187500.015625,-187500.015625,-187500.015625,-187500.015625,-187500.015625,-187500.015625,-187500.015625,-26198.2792969,0.0
-187500.015625,-187500.015625,-187500.015625,-187500.015625,-187500.015625,-187500.015625,-187500.015625,-26104.1777344,0.0
-187500.015625,-187500.015625,-187500.015625,-187500.015625,-187500.015625,-187500.015625,-187500.015625,-26178.7207031,0.0
-187500.015625,-187500.015625,-187500.015625,-187500.015625,-187500.015625,-187500.015625,-187500.015625,-26283.4824219,0.0
-187500.015625,-187500.015625,-187500.015625,-187500.015625,-187500.015625,-187500.015625,-187500.015625,-26226.6210938,0.0
-187500.015625,-187500.015625,-187500.015625,-187500.015625,-187500.015625,-187500.015625,-187500.015625,-26111.3964844,0.0
-187500.015625,-187500.015625,-187500.015625,-187500.015625,-187500.015625,-187500.015625,-187500.015625,-26148.5898438,0.0
-187500.015625,-187500.015625,-187500.015625,-187500.015625,-187500.015625,-187500.015625,-187500.015625,-26267.2109375,0.0
-187500.015625,-187500.015625,-187500.015625,-187500.015625,-187500.015625,-187500.015625,-187500.015625,-26236.0761719,0.0
-187500.015625,-187500.015625,-187500.015625,-187500.015625,-187500.015625,-187500.015625,-187500.015625,-26119.5996094,0.0
-187500.015625,-187500.015625,-187500.015625,-187500.015625,-187500.015625,-187500.015625,-187500.015625,-26140.1855469,0.0
-187500.015625,-187500.015625,-187500.015625,-187500.015625,-187500.015625,-187500.015625,-187500.015625,-26264.4394531,0.0
-187500.015625,-187500.015625,-187500.015625,-187500.015625,-187500.015625,-187500.015625,-187500.015625,-26265.78125,0.0
-187500.015625,-187500.015625,-187500.015625,-187500.015625,-187500.015625,-187500.015625,-187500.015625,-26141.5722656,0.0
-187500.015625,-187500.015625,-187500.015625,-187500.015625,-187500.015625,-187500.015625,-187500.015625,-26121.96875,0.0
-187500.015625,-187500.015625,-187500.015625,-187500.015625,-187500.015625,-187500.015625,-187500.015625,-26240.6132812,0.0
-187500.015625,-187500.015625,-187500.015625,-187500.015625,-187500.015625,-187500.015625,-187500.015625,-26273.6269531,0.0
-187500.015625,-187500.015625,-187500.015625,-187500.015625,-187500.015625,-187500.015625,-187500.015625,-26159.2304688,0.0
-187500.015625,-187500.015625,-187500.015625,-187500.015625,-187500.015625,-187500.015625,-187500.015625,-26107.7539062,0.0
-187500.015625,-187500.015625,-187500.015625,-187500.015625,-187500.015625,-187500.015625,-187500.015625,-26212.1816406,0.0
-187500.015625,-187500.015625,-187500.015625,-187500.015625,-187500.015625,-187500.015625,-187500.015625,-26282.5,0.0
-187500.015625,-187500.015625,-187500.015625,-187500.015625,-187500.015625,-187500.015625,-187500.015625,-26188.2871094,0.0
-187500.015625,-187500.015625,-187500.015625,-187500.015625,-187500.015625,-187500.015625,-187500.015625,-26109.609375,0.0
-187500.015625,-187500.015625,-187500.015625,-187500.015625,-187500.015625,-187500.015625,-187500.015625,-26198.1660156,0.0
-187500.015625,-187500.015625,-187500.015625,-187500.015625,-187500.015625,-187500.015625,-187500.015625,-26292.9824219,0.0
-187500.015625,-187500.015625,-187500.015625,-187500.015625,-187500.015625,-187500.015625,-187500.015625,-26221.390625,0.0
-187500.015625,-187500.015625,-187500.015625,-187500.015625,-187500.015625,-187500.015625,-187500.015625,-26116.3808594,0.0
-187500.015625,-187500.015625,-187500.015625,-187500.015625,-187500.015625,-187500.015625,-187500.015625,-26178.8769531,0.0
-187500.015625,-187500.015625,-187500.015625,-187500.015625,-187500.015625,-187500.015625,-187500.015625,-26290.8144531,0.0
-187500.015625,-187500.015625,-187500.015625,-187500.015625,-187500.015625,-187500.015625,-187500.015625,-26240.2558594,0.0
-187500.015625,-187500.015625,-187500.015625,-187500.015625,-187500.015625,-187500.015625,-187500.015625,-26123.5117188,0.0
-187500.015625,-187500.015625,-187500.015625,-187500.015625,-187500.015625,-187500.015625,-187500.015625,-26158.1132812,0.0
-187500.015625,-187500.015625,-187500.015625,-187500.015625,-187500.015625,-187500.015625,-187500.015625,-26273.6035156,0.0
-187500.015625,-187500.015625,-187500.015625,-187500.015625,-187500.015625,-187500.015625,-187500.015625,-26256.6386719,0.0
-187500.015625,-187500.015625,-187500.015625,-187500.015625,-187500.015625,-187500.015625,-187500.015625,-26130.4628906,0.0
-187500.015625,-187500.015625,-187500.015625,-187500.015625,-187500.015625,-187500.015625,-187500.015625,-26134.5761719,0.0
-187500.015625,-187500.015625,-187500.015625,-187500.015625,-187500.015625,-187500.015625,-187500.015625,-26255.6328125,0.0
-187500.015625,-187500.015625,-187500.015625,-187500.015625,-187500.015625,-187500.015625,-187500.015625,-26263.6796875,0.0
-187500.015625,-187500.015625,-187500.015625,-187500.015625,-187500.015625,-187500.015625,-187500.015625,-26150.4453125,0.0
-187500.015625,-187500.015625,-187500.015625,-187500.015625,-187500.015625,-187500.015625,-187500.015625,-26125.3671875,0.0
-187500.015625,-187500.015625,-187500.015625,-187500.015625,-187500.015625,-187500.015625,-187500.015625,-26235.6503906,0.0
-187500.015625,-187500.015625,-187500.015625,-187500.015625,-187500.015625,-187500.015625,-187500.015625,-26276.2851562,0.0
-187500.015625,-187500.015625,-187500.015625,-187500.015625,-187500.015625,-187500.015625,-187500.015625,-26163.6328125,0.0
-187500.015625,-187500.015625,-187500.015625,-187500.015625,-187500.015625,-187500.015625,-187500.015625,-26102.703125,0.0
-187500.015625,-187500.015625,-187500.015625,-187500.015625,-187500.015625,-187500.015625,-187500.015625,-26209.4550781,0.0
-187500.015625,-187500.015625,-187500.015625,-187500.015625,-187500.015625,-187500.015625,-187500.015625,-26286.1210938,0.0
-187500.015625,-187500.015625,-187500.015625,-187500.015625,-187500.015625,-187500.015625,-187500.015625,-26188.3984375,0.0
-187500.015625,-187500.015625,-187500.015625,-187500.015625,-187500.015625,-187500.015625,-187500.015625,-26108.9394531,0.0
-187500.015625,-187500.015625,-187500.015625,-187500.015625,-187500.015625,-187500.015625,-187500.015625,-26200.1113281,0.0
-187500.015625,-187500.015625,-187500.015625,-187500.015625,-187500.015625,-187500.015625,-187500.015625,-26291.5742188,0.0
-187500.015625,-187500.015625,-187500.015625,-187500.015625,-187500.015625,-187500.015625,-187500.015625,-26217.7910156,0.0
-187500.015625,-187500.015625,-187500.015625,-187500.015625,-187500.015625,-187500.015625,-187500.015625,-26118.9296875,0.0
-187500.015625,-187500.015625,-187500.015625,-187500.015625,-187500.015625,-187500.015625,-187500.015625,-26181.4707031,0.0
-187500.015625,-187500.015625,-187500.015625,-187500.015625,-187500.015625,-187500.015625,-187500.015625,-26285.1601562,0.0
-187500.015625,-187500.015625,-187500.015625,-187500.015625,-187500.015625,-187500.015625,-187500.015625,-26237.9746094,0.0
-187500.015625,-187500.015625,-187500.015625,-187500.015625,-187500.015625,-187500.015625,-187500.015625,-26127.9824219,0.0
-187500.015625,-187500.015625,-187500.015625,-187500.015625,-187500.015625,-187500.015625,-187500.015625,-26157.5527344,0.0
-187500.015625,-187500.015625,-187500.015625,-187500.015625,-187500.015625,-187500.015625,-187500.015625,-26276.1289062,0.0
-187500.015625,-187500.015625,-187500.015625,-187500.015625,-187500.015625,-187500.015625,-187500.015625,-26255.0078125,0.0
-187500.015625,-187500.015625,-187500.015625,-187500.015625,-187500.015625,-187500.015625,-187500.015625,-26132.7207031,0.0
-187500.015625,-187500.015625,-187500.015625,-187500.015625,-187500.015625,-187500.015625,-187500.015625,-26130.7324219,0.0
-187500.015625,-187500.015625,-187500.015625,-187500.015625,-187500.015625,-187500.015625,-187500.015625,-26251.4980469,0.0
-187500.015625,-187500.015625,-187500.015625,-187500.015625,-187500.015625,-187500.015625,-187500.015625,-26263.9257812,0.0
-187500.015625,-187500.015625,-187500.015625,-187500.015625,-187500.015625,-187500.015625,-187500.015625,-26148.0546875,0.0
-187500.015625,-187500.015625,-187500.015625,-187500.015625,-187500.015625,-187500.015625,-187500.015625,-26122.5292969,0.0
-187500.015625,-187500.015625,-187500.015625,-187500.015625,-187500.015625,-187500.015625,-187500.015625,-26237.4160156,0.0
-187500.015625,-187500.015625,-187500.015625,-187500.015625,-187500.015625,-187500.015625,-187500.015625,-26282.7226562,0.0
-187500.015625,-187500.015625,-187500.015625,-187500.015625,-187500.015625,-187500.015625,-187500.015625,-26167.4550781,0.0
-187500.015625,-187500.015625,-187500.015625,-187500.015625,-187500.015625,-187500.015625,-187500.015625,-26111.9121094,0.0
-187500.015625,-187500.015625,-187500.015625,-187500.015625,-187500.015625,-187500.015625,-187500.015625,-26213.03125,0.0
-187500.015625,-187500.015625,-187500.015625,-187500.015625,-187500.015625,-187500.015625,-187500.015625,-26286.5898438,0.0
-187500.015625,-187500.015625,-187500.015625,-187500.015625,-187500.015625,-187500.015625,-187500.015625,-26196.4902344,0.0
-187500.015625,-187500.015625,-187500.015625,-187500.015625,-187500.015625,-187500.015625,-187500.015625,-26111.8222656,0.0
-187500.015625,-187500.015625,-187500.015625,-187500.015625,-187500.015625,-187500.015625,-187500.015625,-26191.4609375,0.0
-187500.015625,-187500.015625,-187500.015625,-187500.015625,-187500.015625,-187500.015625,-187500.015625,-26290.390625,0.0
-187500.015625,-187500.015625,-187500.015625,-187500.015625,-187500.015625,-187500.015625,-187500.015625,-26214.5507812,0.0
-187500.015625,-187500.015625,-187500.015625,-187500.015625,-187500.015625,-187500.015625,-187500.015625,-26107.6875,0.0
-187500.015625,-187500.015625,-187500.015625,-187500.015625,-187500.015625,-187500.015625,-187500.015625,-26163.6777344,0.0
-187500.015625,-187500.015625,-187500.015625,-187500.015625,-187500.015625,-187500.015625,-187500.015625,-26273.4257812,0.0
-187500.015625,-187500.015625,-187500.015625,-187500.015625,-187500.015625,-187500.015625,-187500.015625,-26230.375,0.0
-187500.015625,-187500.015625,-187500.015625,-187500.015625,-187500.015625,-187500.015625,-187500.015625,-26111.4414062,0.0
-187500.015625,-187500.015625,-187500.015625,-187500.015625,-187500.015625,-187500.015625,-187500.015625,-26143.3378906,0.0
-187500.015625,-187500.015625,-187500.015625,-187500.015625,-187500.015625,-187500.015625,-187500.015625,-26260.0136719,0.0
-187500.015625,-187500.015625,-187500.015625,-187500.015625,-187500.015625,-187500.015625,-187500.015625,-26249.0390625,0.0
-187500.015625,-187500.015625,-187500.015625,-187500.015625,-187500.015625,-187500.015625,-187500.015625,-26126.3515625,0.0
-187500.015625,-187500.015625,-187500.015625,-187500.015625,-187500.015625,-187500.015625,-187500.015625,-26125.7695312,0.0
-187500.015625,-187500.015625,-187500.015625,-187500.015625,-187500.015625,-187500.015625,-187500.015625,-26247.9667969,0.0
-187500.015625,-187500.015625,-187500.015625,-187500.015625,-187500.015625,-187500.015625,-187500.015625,-26262.9414062,0.0
-187500.015625,-187500.015625,-187500.015625,-187500.015625,-187500.015625,-187500.015625,-187500.015625,-26146.5351562,0.0
-187500.015625,-187500.015625,-187500.015625,-187500.015625,-187500.015625,-187500.015625,-187500.015625,-26112.2246094,0.0
-187500.015625,-187500.015625,-187500.015625,-187500.015625,-187500.015625,-187500.015625,-187500.015625,-26229.75,0.0
-187500.015625,-187500.015625,-187500.015625,-187500.015625,-187500.015625,-187500.015625,-187500.015625,-26276.4199219,0.0
-187500.015625,-187500.015625,-187500.015625,-187500.015625,-187500.015625,-187500.015625,-187500.015625,-26167.1210938,0.0
-187500.015625,-187500.015625,-187500.015625,-187500.015625,-187500.015625,-187500.015625,-187500.015625,-26110.5703125,0.0
-187500.015625,-187500.015625,-187500.015625,-187500.015625,-187500.015625,-187500.015625,-187500.015625,-26212.6503906,0.0
-187500.015625,-187500.015625,-187500.015625,-187500.015625,-187500.015625,-187500.015625,-187500.015625,-26288.5351562,0.0
-187500.015625,-187500.015625,-187500.015625,-187500.015625,-187500.015625,-187500.015625,-187500.015625,-26201.1835938,0.0
-187500.015625,-187500.015625,-187500.015625,-187500.015625,-187500.015625,-187500.015625,-187500.015625,-26114.4140625,0.0
-187500.015625,-187500.015625,-187500.015625,-187500.015625,-187500.015625,-187500.015625,-187500.015625,-26194.5449219,0.0
-187500.015625,-187500.015625,-187500.015625,-187500.015625,-187500.015625,-187500.015625,-187500.015625,-26291.7089844,0.0
-187500.015625,-187500.015625,-187500.015625,-187500.015625,-187500.015625,-187500.015625,-187500.015625,-26227.9160156,0.0
-187500.015625,-187500.015625,-187500.015625,-187500.015625,-187500.015625,-187500.015625,-187500.015625,-26122.1484375,0.0
-187500.015625,-187500.015625,-187500.015625,-187500.015625,-187500.015625,-187500.015625,-187500.015625,-26175.9941406,0.0
-187500.015625,-187500.015625,-187500.015625,-187500.015625,-187500.015625,-187500.015625,-187500.015625,-26289.71875,0.0
-187500.015625,-187500.015625,-187500.015625,-187500.015625,-187500.015625,-187500.015625,-187500.015625,-26250.2695312,0.0
-187500.015625,-187500.015625,-187500.015625,-187500.015625,-187500.015625,-187500.015625,-187500.015625,-26133.3027344,0.0
-187500.015625,-187500.015625,-187500.015625,-187500.015625,-187500.015625,-187500.015625,-187500.015625,-26162.1347656,0.0
-187500.015625,-187500.015625,-187500.015625,-187500.015625,-187500.015625,-187500.015625,-187500.015625,-26282.8125,0.0
-187500.015625,-187500.015625,-187500.015625,-187500.015625,-187500.015625,-187500.015625,-187500.015625,-26278.3867188,0.0
-187500.015625,-187500.015625,-187500.015625,-187500.015625,-187500.015625,-187500.015625,-187500.015625,-26156.9492188,0.0
-187500.015625,-187500.015625,-187500.015625,-187500.015625,-187500.015625,-187500.015625,-187500.015625,-26142.9804688,0.0
-187500.015625,-187500.015625,-187500.015625,-187500.015625,-187500.015625,-187500.015625,-187500.015625,-26270.0722656,0.0
-187500.015625,-187500.015625,-187500.015625,-187500.015625,-187500.015625,-187500.015625,-187500.015625,-26290.3671875,0.0
-187500.015625,-187500.015625,-187500.015625,-187500.015625,-187500.015625,-187500.015625,-187500.015625,-26171.7246094,0.0
-187500.015625,-187500.015625,-187500.015625,-187500.015625,-187500.015625,-187500.015625,-187500.015625,-26127.0878906,0.0
-187500.015625,-187500.015625,-187500.015625,-187500.015625,-187500.015625,-187500.015625,-187500.015625,-26238.1308594,0.0
-187500.015625,-187500.015625,-187500.015625,-187500.015625,-187500.015625,-187500.015625,-187500.015625,-26290.6132812,0.0
-187500.015625,-187500.015625,-187500.015625,-187500.015625,-187500.015625,-187500.015625,-187500.015625,-26182.7226562,0.0
-187500.015625,-187500.015625,-187500.015625,-187500.015625,-187500.015625,-187500.015625,-187500.015625,-26106.7265625,0.0
-187500.015625,-187500.015625,-187500.015625,-187500.015625,-187500.015625,-187500.015625,-187500.015625,-26198.9492188,0.0
-187500.015625,-187500.015625,-187500.015625,-187500.015625,-187500.015625,-187500.015625,-187500.015625,-26278.0742188,0.0
-187500.015625,-187500.015625,-187500.015625,-187500.015625,-187500.015625,-187500.015625,-187500.015625,-26194.7695312,0.0
-187500.015625,-187500.015625,-187500.015625,-187500.015625,-187500.015625,-187500.015625,-187500.015625,-26097.3164062,0.0
-187500.015625,-187500.015625,-187500.015625,-187500.015625,-187500.015625,-187500.015625,-187500.015625,-26173.1542969,0.0
-187500.015625,-187500.015625,-187500.015625,-187500.015625,-187500.015625,-187500.015625,-187500.015625,-26279.7949219,0.0
-187500.015625,-187500.015625,-187500.015625,-187500.015625,-187500.015625,-187500.015625,-187500.015625,-26219.0214844,0.0
-187500.015625,-187500.015625,-187500.015625,-187500.015625,-187500.015625,-187500.015625,-187500.015625,-26106.1230469,0.0
-187500.015625,-187500.015625,-187500.015625,-187500.015625,-187500.015625,-187500.015625,-187500.015625,-26159.8105469,0.0
-187500.015625,-187500.015625,-187500.015625,-187500.015625,-187500.015625,-187500.015625,-187500.015625,-26279.9746094,0.0
-187500.015625,-187500.015625,-187500.015625,-187500.015625,-187500.015625,-187500.015625,-187500.015625,-26256.9511719,0.0
-187500.015625,-187500.015625,-187500.015625,-187500.015625,-187500.015625,-187500.015625,-187500.015625,-26139.2246094,0.0
-187500.015625,-187500.015625,-187500.015625,-187500.015625,-187500.015625,-187500.015625,-187500.015625,-26152.078125,0.0
-187500.015625,-187500.015625,-187500.015625,-187500.015625,-187500.015625,-187500.015625,-187500.015625,-26271.9277344,0.0
-187500.015625,-187500.015625,-187500.015625,-187500.015625,-187500.015625,-187500.015625,-187500.015625,-26264.171875,0.0
-187500.015625,-187500.015625,-187500.015625,-187500.015625,-187500.015625,-187500.015625,-187500.015625,-26137.9296875,0.0
-187500.015625,-187500.015625,-187500.015625,-187500.015625,-187500.015625,-187500.015625,-187500.015625,-26122.2597656,0.0
-187500.015625,-187500.015625,-187500.015625,-187500.015625,-187500.015625,-187500.015625,-187500.015625,-26241.1484375,0.0
-187500.015625,-187500.015625,-187500.015625,-187500.015625,-187500.015625,-187500.015625,-187500.015625,-26271.6152344,0.0
-187500.015625,-187500.015625,-187500.015625,-187500.015625,-187500.015625,-187500.015625,-187500.015625,-26155.3632812,0.0
-187500.015625,-187500.015625,-187500.015625,-187500.015625,-187500.015625,-187500.015625,-187500.015625,-26109.8769531,0.0
-187500.015625,-187500.015625,-187500.015625,-187500.015625,-187500.015625,-187500.015625,-187500.015625,-26223.1113281,0.0
-187500.015625,-187500.015625,-187500.015625,-187500.015625,-187500.015625,-187500.015625,-187500.015625,-26285.0488281,0.0
-187500.015625,-187500.015625,-187500.015625,-187500.015625,-187500.015625,-187500.015625,-187500.015625,-26184.7109375,0.0
-187500.015625,-187500.015625,-187500.015625,-187500.015625,-187500.015625,-187500.015625,-187500.015625,-26106.3007812,0.0
-187500.015625,-187500.015625,-187500.015625,-187500.015625,-187500.015625,-187500.015625,-187500.015625,-26201.1621094,0.0
-187500.015625,-187500.015625,-187500.015625,-187500.015625,-187500.015625,-187500.015625,-187500.015625,-26289.5410156,0.0
-187500.015625,-187500.015625,-187500.015625,-187500.015625,-187500.015625,-187500.015625,-187500.015625,-26207.2636719,0.0
-187500.015625,-187500.015625,-187500.015625,-187500.015625,-187500.015625,-187500.015625,-187500.015625,-26110.2128906,0.0
-187500.015625,-187500.015625,-187500.015625,-187500.015625,-187500.015625,-187500.015625,-187500.015625,-26177.7363281,0.0
-187500.015625,-187500.015625,-187500.015625,-187500.015625,-187500.015625,-187500.015625,-187500.015625,-26288.0214844,0.0
-187500.015625,-187500.015625,-187500.015625,-187500.015625,-187500.015625,-187500.015625,-187500.015625,-26240.4121094,0.0
-187500.015625,-187500.015625,-187500.015625,-187500.015625,-187500.015625,-187500.015625,-187500.015625,-26128.1601562,0.0
-187500.015625,-187500.015625,-187500.015625,-187500.015625,-187500.015625,-187500.015625,-187500.015625,-26169.4453125,0.0
-187500.015625,-187500.015625,-187500.015625,-187500.015625,-187500.015625,-187500.015625,-187500.015625,-26286.7910156,0.0
-187500.015625,-187500.015625,-187500.015625,-187500.015625,-187500.015625,-187500.015625,-187500.015625,-26254.7167969,0.0
-187500.015625,-187500.015625,-187500.015625,-187500.015625,-187500.015625,-187500.015625,-187500.015625,-26129.546875,0.0
-187500.015625,-187500.015625,-187500.015625,-187500.015625,-187500.015625,-187500.015625,-187500.015625,-26138.4199219,0.0
-187500.015625,-187500.015625,-187500.015625,-187500.015625,-187500.015625,-187500.015625,-187500.015625,-26253.6210938,0.0
-187500.015625,-187500.015625,-187500.015625,-187500.015625,-187500.015625,-187500.015625,-187500.015625,-26267.3222656,0.0
-187500.015625,-187500.015625,-187500.015625,-187500.015625,-187500.015625,-187500.015625,-187500.015625,-26153.4628906,0.0
-187500.015625,-187500.015625,-187500.015625,-187500.015625,-187500.015625,-187500.015625,-187500.015625,-26123.1757812,0.0
-187500.015625,-187500.015625,-187500.015625,-187500.015625,-187500.015625,-187500.015625,-187500.015625,-26241.5292969,0.0
-187500.015625,-187500.015625,-187500.015625,-187500.015625,-187500.015625,-187500.015625,-187500.015625,-26283.9980469,0.0
-187500.015625,-187500.015625,-187500.015625,-187500.015625,-187500.015625,-187500.015625,-187500.015625,-26174.7207031,0.0
-187500.015625,-187500.015625,-187500.015625,-187500.015625,-187500.015625,-187500.015625,-187500.015625,-26126.0820312,0.0
-187500.015625,-187500.015625,-187500.015625,-187500.015625,-187500.015625,-187500.015625,-187500.015625,-26233.2363281,0.0
-187500.015625,-187500.015625,-187500.015625,-187500.015625,-187500.015625,-187500.015625,-187500.015625,-26301.8789062,0.0
-187500.015625,-187500.015625,-187500.015625,-187500.015625,-187500.015625,-187500.015625,-187500.015625,-26199.9765625,0.0
-187500.015625,-187500.015625,-187500.015625,-187500.015625,-187500.015625,-187500.015625,-187500.015625,-26121.7910156,0.0
-187500.015625,-187500.015625,-187500.015625,-187500.015625,-187500.015625,-187500.015625,-187500.015625,-26219.1328125,0.0
-187500.015625,-187500.015625,-187500.015625,-187500.015625,-187500.015625,-187500.015625,-187500.015625,-26311.8476562,0.0
-187500.015625,-187500.015625,-187500.015625,-187500.015625,-187500.015625,-187500.015625,-187500.015625,-26233.7285156,0.0
-187500.015625,-187500.015625,-187500.015625,-187500.015625,-187500.015625,-187500.015625,-187500.015625,-26126.4628906,0.0
-187500.015625,-187500.015625,-187500.015625,-187500.015625,-187500.015625,-187500.015625,-187500.015625,-26189.8066406,0.0
-187500.015625,-187500.015625,-187500.015625,-187500.015625,-187500.015625,-187500.015625,-187500.015625,-26296.1113281,0.0
-187500.015625,-187500.015625,-187500.015625,-187500.015625,-187500.015625,-187500.015625,-187500.015625,-26240.7011719,0.0
-187500.015625,-187500.015625,-187500.015625,-187500.015625,-187500.015625,-187500.015625,-187500.015625,-26126.5742188,0.0
-187500.015625,-187500.015625,-187500.015625,-187500.015625,-187500.015625,-187500.015625,-187500.015625,-26165.9355469,0.0
-187500.015625,-187500.015625,-187500.015625,-187500.015625,-187500.015625,-187500.015625,-187500.015625,-26283.3046875,0.0
-187500.015625,-187500.015625,-187500.015625,-187500.015625,-187500.015625,-187500.015625,-187500.015625,-26261.2207031,0.0
-187500.015625,-187500.015625,-187500.015625,-187500.015625,-187500.015625,-187500.015625,-187500.015625,-26138.6445312,0.0
-187500.015625,-187500.015625,-187500.015625,-187500.015625,-187500.015625,-187500.015625,-187500.015625,-26152.8828125,0.0
-187500.015625,-187500.015625,-187500.015625,-187500.015625,-187500.015625,-187500.015625,-187500.015625,-26272.375,0.0
-187500.015625,-187500.015625,-187500.015625,-187500.015625,-187500.015625,-187500.015625,-187500.015625,-26287.9980469,0.0
-187500.015625,-187500.015625,-187500.015625,-187500.015625,-187500.015625,-187500.015625,-187500.015625,-26171.6132812,0.0
-187500.015625,-187500.015625,-187500.015625,-187500.015625,-187500.015625,-187500.015625,-187500.015625,-26147.5410156,0.0
-187500.015625,-187500.015625,-187500.015625,-187500.015625,-187500.015625,-187500.015625,-187500.015625,-26261.9140625,0.0
-187500.015625,-187500.015625,-187500.015625,-187500.015625,-187500.015625,-187500.015625,-187500.015625,-26308.3378906,0.0
-187500.015625,-187500.015625,-187500.015625,-187500.015625,-187500.015625,-187500.015625,-187500.015625,-26199.4628906,0.0
-187500.015625,-187500.015625,-187500.015625,-187500.015625,-187500.015625,-187500.015625,-187500.015625,-26137.7050781,0.0
-187500.015625,-187500.015625,-187500.015625,-187500.015625,-187500.015625,-187500.015625,-187500.015625,-26239.9414062,0.0
-187500.015625,-187500.015625,-187500.015625,-187500.015625,-187500.015625,-187500.015625,-187500.015625,-26317.7480469,0.0
-187500.015625,-187500.015625,-187500.015625,-187500.015625,-187500.015625,-187500.015625,-187500.015625,-26223.4023438,0.0
-187500.015625,-187500.015625,-187500.015625,-187500.015625,-187500.015625,-187500.015625,-187500.015625,-26135.1347656,0.0
-187500.015625,-187500.015625,-187500.015625,-187500.015625,-187500.015625,-187500.015625,-187500.015625,-26216.0703125,0.0
-187500.015625,-187500.015625,-187500.015625,-187500.015625,-187500.015625,-187500.015625,-187500.015625,-26312.25,0.0
-187500.015625,-187500.015625,-187500.015625,-187500.015625,-187500.015625,-187500.015625,-187500.015625,-26237.0820312,0.0
-187500.015625,-187500.015625,-187500.015625,-187500.015625,-187500.015625,-187500.015625,-187500.015625,-26125.1660156,0.0
-187500.015625,-187500.015625,-187500.015625,-187500.015625,-187500.015625,-187500.015625,-187500.015625,-26182.3632812,0.0
-187500.015625,-187500.015625,-187500.015625,-187500.015625,-187500.015625,-187500.015625,-187500.015625,-26289.9648438,0.0
-187500.015625,-187500.015625,-187500.015625,-187500.015625,-187500.015625,-187500.015625,-187500.015625,-26246.8261719,0.0
-187500.015625,-187500.015625,-187500.015625,-187500.015625,-187500.015625,-187500.015625,-187500.015625,-26127.6464844,0.0
-187500.015625,-187500.015625,-187500.015625,-187500.015625,-187500.015625,-187500.015625,-187500.015625,-26152.4804688,0.0
-187500.015625,-187500.015625,-187500.015625,-187500.015625,-187500.015625,-187500.015625,-187500.015625,-26274.0957031,0.0
-187500.015625,-187500.015625,-187500.015625,-187500.015625,-187500.015625,-187500.015625,-187500.015625,-26256.6835938,0.0
-187500.015625,-187500.015625,-187500.015625,-187500.015625,-187500.015625,-187500.015625,-187500.015625,-26142.7558594,0.0
-187500.015625,-187500.015625,-187500.015625,-187500.015625,-187500.015625,-187500.015625,-187500.015625,-26144.5449219,0.0
-187500.015625,-187500.015625,-187500.015625,-187500.015625,-187500.015625,-187500.015625,-187500.015625,-26266.9199219,0.0
-187500.015625,-187500.015625,-187500.015625,-187500.015625,-187500.015625,-187500.015625,-187500.015625,-26286.2773438,0.0
-187500.015625,-187500.015625,-187500.015625,-187500.015625,-187500.015625,-187500.015625,-187500.015625,-26161.4648438,0.0
-187500.015625,-187500.015625,-187500.015625,-187500.015625,-187500.015625,-187500.015625,-187500.015625,-26126.9316406,0.0
-187500.015625,-187500.015625,-187500.015625,-187500.015625,-187500.015625,-187500.015625,-187500.015625,-26242.625,0.0
-187500.015625,-187500.015625,-187500.015625,-187500.015625,-187500.015625,-187500.015625,-187500.015625,-26290.390625,0.0
-187500.015625,-187500.015625,-187500.015625,-187500.015625,-187500.015625,-187500.015625,-187500.015625,-26183.75,0.0
-187500.015625,-187500.015625,-187500.015625,-187500.015625,-187500.015625,-187500.015625,-187500.015625,-26119.5117188,0.0
-187500.015625,-187500.015625,-187500.015625,-187500.015625,-187500.015625,-187500.015625,-187500.015625,-26226.5078125,0.0
-187500.015625,-187500.015625,-187500.015625,-187500.015625,-187500.015625,-187500.015625,-187500.015625,-26308.1152344,0.0
-187500.015625,-187500.015625,-187500.015625,-187500.015625,-187500.015625,-187500.015625,-187500.015625,-26219.9140625,0.0
-187500.015625,-187500.015625,-187500.015625,-187500.015625,-187500.015625,-187500.015625,-187500.015625,-26140.0292969,0.0
-187500.015625,-187500.015625,-187500.015625,-187500.015625,-187500.015625,-187500.015625,-187500.015625,-26222.5527344,0.0
-187500.015625,-187500.015625,-187500.015625,-187500.015625,-187500.015625,-187500.015625,-187500.015625,-26320.453125,0.0
-187500.015625,-187500.015625,-187500.015625,-187500.015625,-187500.015625,-187500.015625,-187500.015625,-26248.8828125,0.0
-187500.015625,-187500.015625,-187500.015625,-187500.015625,-187500.015625,-187500.015625,-187500.015625,-26146.9375,0.0
-187500.015625,-187500.015625,-187500.015625,-187500.015625,-187500.015625,-187500.015625,-187500.015625,-26202.1894531,0.0
-187500.015625,-187500.015625,-187500.015625,-187500.015625,-187500.015625,-187500.015625,-187500.015625,-26312.4296875,0.0
-187500.015625,-187500.015625,-187500.015625,-187500.015625,-187500.015625,-187500.015625,-187500.015625,-26274.765625,0.0
-187500.015625,-187500.015625,-187500.015625,-187500.015625,-187500.015625,-187500.015625,-187500.015625,-26148.5683594,0.0
-187500.015625,-187500.015625,-187500.015625,-187500.015625,-187500.015625,-187500.015625,-187500.015625,-26170.3378906,0.0
-187500.015625,-187500.015625,-187500.015625,-187500.015625,-187500.015625,-187500.015625,-187500.015625,-26287.5058594,0.0
-187500.015625,-187500.015625,-187500.015625,-187500.015625,-187500.015625,-187500.015625,-187500.015625,-26275.8828125,0.0
-187500.015625,-187500.015625,-187500.015625,-187500.015625,-187500.015625,-187500.015625,-187500.015625,-26155.2734375,0.0
-187500.015625,-187500.015625,-187500.015625,-187500.015625,-187500.015625,-187500.015625,-187500.015625,-26138.4882812,0.0
-187500.015625,-187500.015625,-187500.015625,-187500.015625,-187500.015625,-187500.015625,-187500.015625,-26257.9570312,0.0
-187500.015625,-187500.015625,-187500.015625,-187500.015625,-187500.015625,-187500.015625,-187500.015625,-26275.9726562,0.0
-187500.015625,-187500.015625,-187500.015625,-187500.015625,-187500.015625,-187500.015625,-187500.015625,-26161.7558594,0.0
-187500.015625,-187500.015625,-187500.015625,-187500.015625,-187500.015625,-187500.015625,-187500.015625,-26122.7734375,0.0
-187500.015625,-187500.015625,-187500.015625,-187500.015625,-187500.015625,-187500.015625,-187500.015625,-26236.2089844,0.0
-187500.015625,-187500.015625,-187500.015625,-187500.015625,-187500.015625,-187500.015625,-187500.015625,-26291.328125,0.0
-187500.015625,-187500.015625,-187500.015625,-187500.015625,-187500.015625,-187500.015625,-187500.015625,-26179.390625,0.0
-187500.015625,-187500.015625,-187500.015625,-187500.015625,-187500.015625,-187500.015625,-187500.015625,-26117.8125,0.0
-187500.015625,-187500.015625,-187500.015625,-187500.015625,-187500.015625,-187500.015625,-187500.015625,-26218.8417969,0.0
-187500.015625,-187500.015625,-187500.015625,-187500.015625,-187500.015625,-187500.015625,-187500.015625,-26295.6210938,0.0
-187500.015625,-187500.015625,-187500.015625,-187500.015625,-187500.015625,-187500.015625,-187500.015625,-26207.7773438,0.0
-187500.015625,-187500.015625,-187500.015625,-187500.015625,-187500.015625,-187500.015625,-187500.015625,-26126.5957031,0.0
-187500.015625,-187500.015625,-187500.015625,-187500.015625,-187500.015625,-187500.015625,-187500.015625,-26203.9335938,0.0
-187500.015625,-187500.015625,-187500.015625,-187500.015625,-187500.015625,-187500.015625,-187500.015625,-26304.515625,0.0
-187500.015625,-187500.015625,-187500.015625,-187500.015625,-187500.015625,-187500.015625,-187500.015625,-26245.3964844,0.0
-187500.015625,-187500.015625,-187500.015625,-187500.015625,-187500.015625,-187500.015625,-187500.015625,-26138.1523438,0.0
-187500.015625,-187500.015625,-187500.015625,-187500.015625,-187500.015625,-187500.015625,-187500.015625,-26185.2246094,0.0
-187500.015625,-187500.015625,-187500.015625,-187500.015625,-187500.015625,-187500.015625,-187500.015625,-26303.2871094,0.0
-187500.015625,-187500.015625,-187500.015625,-187500.015625,-187500.015625,-187500.015625,-187500.015625,-26258.0253906,0.0
-187500.015625,-187500.015625,-187500.015625,-187500.015625,-187500.015625,-187500.015625,-187500.015625,-26139.2695312,0.0
-187500.015625,-187500.015625,-187500.015625,-187500.015625,-187500.015625,-187500.015625,-187500.015625,-26156.5703125,0.0
-187500.015625,-187500.015625,-187500.015625,-187500.015625,-187500.015625,-187500.015625,-187500.015625,-26280.5332031,0.0
-187500.015625,-187500.015625,-187500.015625,-187500.015625,-187500.015625,-187500.015625,-187500.015625,-26279.0136719,0.0
-187500.015625,-187500.015625,-187500.015625,-187500.015625,-187500.015625,-187500.015625,-187500.015625,-26153.8886719,0.0
-187500.015625,-187500.015625,-187500.015625,-187500.015625,-187500.015625,-187500.015625,-187500.015625,-26138.2421875,0.0
-187500.015625,-187500.015625,-187500.015625,-187500.015625,-187500.015625,-187500.015625,-187500.015625,-26259.4335938,0.0
-187500.015625,-187500.015625,-187500.015625,-187500.015625,-187500.015625,-187500.015625,-187500.015625,-26292.5136719,0.0
-187500.015625,-187500.015625,-187500.015625,-187500.015625,-187500.015625,-187500.015625,-187500.015625,-26175.546875,0.0
-187500.015625,-187500.015625,-187500.015625,-187500.015625,-187500.015625,-187500.015625,-187500.015625,-26138.8457031,0.0
-187500.015625,-187500.015625,-187500.015625,-187500.015625,-187500.015625,-187500.015625,-187500.015625,-26251.140625,0.0
-187500.015625,-187500.015625,-187500.015625,-187500.015625,-187500.015625,-187500.015625,-187500.015625,-26301.8789062,0.0
-187500.015625,-187500.015625,-187500.015625,-187500.015625,-187500.015625,-187500.015625,-187500.015625,-26200.6484375,0.0
-187500.015625,-187500.015625,-187500.015625,-187500.015625,-187500.015625,-187500.015625,-187500.015625,-26125.9921875,0.0
-187500.015625,-187500.015625,-187500.015625,-187500.015625,-187500.015625,-187500.015625,-187500.015625,-26227.2460938,0.0
-187500.015625,-187500.015625,-187500.015625,-187500.015625,-187500.015625,-187500.015625,-187500.015625,-26308.4726562,0.0
-187500.015625,-187500.015625,-187500.015625,-187500.015625,-187500.015625,-187500.015625,-187500.015625,-26221.6816406,0.0
-187500.015625,-187500.015625,-187500.015625,-187500.015625,-187500.015625,-187500.015625,-187500.015625,-26128.0488281,0.0
-187500.015625,-187500.015625,-187500.015625,-187500.015625,-187500.015625,-187500.015625,-187500.015625,-26198.546875,0.0
-187500.015625,-187500.015625,-187500.015625,-187500.015625,-187500.015625,-187500.015625,-187500.015625,-26300.4492188,0.0
-187500.015625,-187500.015625,-187500.015625,-187500.015625,-187500.015625,-187500.015625,-187500.015625,-26241.6640625,0.0
-187500.015625,-187500.015625,-187500.015625,-187500.015625,-187500.015625,-187500.015625,-187500.015625,-26129.4570312,0.0
-187500.015625,-187500.015625,-187500.015625,-187500.015625,-187500.015625,-187500.015625,-187500.015625,-26177.7148438,0.0
-187500.015625,-187500.015625,-187500.015625,-187500.015625,-187500.015625,-187500.015625,-187500.015625,-26298.5253906,0.0
-187500.015625,-187500.015625,-187500.015625,-187500.015625,-187500.015625,-187500.015625,-187500.015625,-26266.0722656,0.0
-187500.015625,-187500.015625,-187500.015625,-187500.015625,-187500.015625,-187500.015625,-187500.015625,-26141.9960938,0.0
-187500.015625,-187500.015625,-187500.015625,-187500.015625,-187500.015625,-187500.015625,-187500.015625,-26152.5917969,0.0
-187500.015625,-187500.015625,-187500.015625,-187500.015625,-187500.015625,-187500.015625,-187500.015625,-26272.1054688,0.0
-187500.015625,-187500.015625,-187500.015625,-187500.015625,-187500.015625,-187500.015625,-187500.015625,-26276.2851562,0.0
-187500.015625,-187500.015625,-187500.015625,-187500.015625,-187500.015625,-187500.015625,-187500.015625,-26154.0449219,0.0
-187500.015625,-187500.015625,-187500.015625,-187500.015625,-187500.015625,-187500.015625,-187500.015625,-26130.5078125,0.0
-187500.015625,-187500.015625,-187500.015625,-187500.015625,-187500.015625,-187500.015625,-187500.015625,-26251.765625,0.0
-187500.015625,-187500.015625,-187500.015625,-187500.015625,-187500.015625,-187500.015625,-187500.015625,-26288.0214844,0.0
-187500.015625,-187500.015625,-187500.015625,-187500.015625,-187500.015625,-187500.015625,-187500.015625,-26171.0546875,0.0
-187500.015625,-187500.015625,-187500.015625,-187500.015625,-187500.015625,-187500.015625,-187500.015625,-26119.9804688,0.0
-187500.015625,-187500.015625,-187500.015625,-187500.015625,-187500.015625,-187500.015625,-187500.015625,-26232.5878906,0.0
-187500.015625,-187500.015625,-187500.015625,-187500.015625,-187500.015625,-187500.015625,-187500.015625,-26294.4804688,0.0
-187500.015625,-187500.015625,-187500.015625,-187500.015625,-187500.015625,-187500.015625,-187500.015625,-26198.9707031,0.0
-187500.015625,-187500.015625,-187500.015625,-187500.015625,-187500.015625,-187500.015625,-187500.015625,-26120.2929688,0.0
-187500.015625,-187500.015625,-187500.015625,-187500.015625,-187500.015625,-187500.015625,-187500.015625,-26210.4160156,0.0
-187500.015625,-187500.015625,-187500.015625,-187500.015625,-187500.015625,-187500.015625,-187500.015625,-26306.2382812,0.0
-187500.015625,-187500.015625,-187500.015625,-187500.015625,-187500.015625,-187500.015625,-187500.015625,-26224.765625,0.0
-187500.015625,-187500.015625,-187500.015625,-187500.015625,-187500.015625,-187500.015625,-187500.015625,-26126.9101562,0.0
-187500.015625,-187500.015625,-187500.015625,-187500.015625,-187500.015625,-187500.015625,-187500.015625,-26192.8027344,0.0
-187500.015625,-187500.015625,-187500.015625,-187500.015625,-187500.015625,-187500.015625,-187500.015625,-26303.5332031,0.0
-187500.015625,-187500.015625,-187500.015625,-187500.015625,-187500.015625,-187500.015625,-187500.015625,-26251.5878906,0.0
-187500.015625,-187500.015625,-187500.015625,-187500.015625,-187500.015625,-187500.015625,-187500.015625,-26137.125,0.0
-187500.015625,-187500.015625,-187500.015625,-187500.015625,-187500.015625,-187500.015625,-187500.015625,-26178.9433594,0.0
-187500.015625,-187500.015625,-187500.015625,-187500.015625,-187500.015625,-187500.015625,-187500.015625,-26299.7109375,0.0
-187500.015625,-187500.015625,-187500.015625,-187500.015625,-187500.015625,-187500.015625,-187500.015625,-26272.1953125,0.0
-187500.015625,-187500.015625,-187500.015625,-187500.015625,-187500.015625,-187500.015625,-187500.015625,-26150.3554688,0.0
-187500.015625,-187500.015625,-187500.015625,-187500.015625,-187500.015625,-187500.015625,-187500.015625,-26163.5429688,0.0
-187500.015625,-187500.015625,-187500.015625,-187500.015625,-187500.015625,-187500.015625,-187500.015625,-26286.5234375,0.0
-187500.015625,-187500.015625,-187500.015625,-187500.015625,-187500.015625,-187500.015625,-187500.015625,-26293.8769531,0.0
-187500.015625,-187500.015625,-187500.015625,-187500.015625,-187500.015625,-187500.015625,-187500.015625,-26169.6230469,0.0
-187500.015625,-187500.015625,-187500.015625,-187500.015625,-187500.015625,-187500.015625,-187500.015625,-26146.0195312,0.0
-187500.015625,-187500.015625,-187500.015625,-187500.015625,-187500.015625,-187500.015625,-187500.015625,-26258.9628906,0.0
-187500.015625,-187500.015625,-187500.015625,-187500.015625,-187500.015625,-187500.015625,-187500.015625,-26285.3378906,0.0
-187500.015625,-187500.015625,-187500.015625,-187500.015625,-187500.015625,-187500.015625,-187500.015625,-26175.1660156,0.0
-187500.015625,-187500.015625,-187500.015625,-187500.015625,-187500.015625,-187500.015625,-187500.015625,-26120.1152344,0.0
-187500.015625,-187500.015625,-187500.015625,-187500.015625,-187500.015625,-187500.015625,-187500.015625,-26225.4804688,0.0
-187500.015625,-187500.015625,-187500.015625,-187500.015625,-187500.015625,-187500.015625,-187500.015625,-26289.1601562,0.0
-187500.015625,-187500.015625,-187500.015625,-187500.015625,-187500.015625,-187500.015625,-187500.015625,-26197.0273438,0.0
-187500.015625,-187500.015625,-187500.015625,-187500.015625,-187500.015625,-187500.015625,-187500.015625,-26115.4433594,0.0
-187500.015625,-187500.015625,-187500.015625,-187500.015625,-187500.015625,-187500.015625,-187500.015625,-26200.6699219,0.0
-187500.015625,-187500.015625,-187500.015625,-187500.015625,-187500.015625,-187500.015625,-187500.015625,-26288.4003906,0.0
-187500.015625,-187500.015625,-187500.015625,-187500.015625,-187500.015625,-187500.015625,-187500.015625,-26212.3828125,0.0
-187500.015625,-187500.015625,-187500.015625,-187500.015625,-187500.015625,-187500.015625,-187500.015625,-26117.5449219,0.0
-187500.015625,-187500.015625,-187500.015625,-187500.015625,-187500.015625,-187500.015625,-187500.015625,-26176.6191406,0.0
-187500.015625,-187500.015625,-187500.015625,-187500.015625,-187500.015625,-187500.015625,-187500.015625,-26287.9980469,0.0
-187500.015625,-187500.015625,-187500.015625,-187500.015625,-187500.015625,-187500.015625,-187500.015625,-26240.7910156,0.0
-187500.015625,-187500.015625,-187500.015625,-187500.015625,-187500.015625,-187500.015625,-187500.015625,-26124.1386719,0.0
-187500.015625,-187500.015625,-187500.015625,-187500.015625,-187500.015625,-187500.015625,-187500.015625,-26158.515625,0.0
-187500.015625,-187500.015625,-187500.015625,-187500.015625,-187500.015625,-187500.015625,-187500.015625,-26284.578125,0.0
-187500.015625,-187500.015625,-187500.015625,-187500.015625,-187500.015625,-187500.015625,-187500.015625,-26267.0546875,0.0
-187500.015625,-187500.015625,-187500.015625,-187500.015625,-187500.015625,-187500.015625,-187500.015625,-26146.1992188,0.0
-187500.015625,-187500.015625,-187500.015625,-187500.015625,-187500.015625,-187500.015625,-187500.015625,-26151.0039062,0.0
-187500.015625,-187500.015625,-187500.015625,-187500.015625,-187500.015625,-187500.015625,-187500.015625,-26271.5917969,0.0
-187500.015625,-187500.015625,-187500.015625,-187500.015625,-187500.015625,-187500.015625,-187500.015625,-26287.171875,0.0
-187500.015625,-187500.015625,-187500.015625,-187500.015625,-187500.015625,-187500.015625,-187500.015625,-26172.5078125,0.0
-187500.015625,-187500.015625,-187500.015625,-187500.015625,-187500.015625,-187500.015625,-187500.015625,-26144.2324219,0.0
-187500.015625,-187500.015625,-187500.015625,-187500.015625,-187500.015625,-187500.015625,-187500.015625,-26258.6289062,0.0
-187500.015625,-187500.015625,-187500.015625,-187500.015625,-187500.015625,-187500.015625,-187500.015625,-26308.0703125,0.0
-187500.015625,-187500.015625,-187500.015625,-187500.015625,-187500.015625,-187500.015625,-187500.015625,-26196.8710938,0.0
-187500.015625,-187500.015625,-187500.015625,-187500.015625,-187500.015625,-187500.015625,-187500.015625,-26134.9785156,0.0
-187500.015625,-187500.015625,-187500.015625,-187500.015625,-187500.015625,-187500.015625,-187500.015625,-26231.3808594,0.0
-187500.015625,-187500.015625,-187500.015625,-187500.015625,-187500.015625,-187500.015625,-187500.015625,-26305.7910156,0.0
-187500.015625,-187500.015625,-187500.015625,-187500.015625,-187500.015625,-187500.015625,-187500.015625,-26203.5761719,0.0
-187500.015625,-187500.015625,-187500.015625,-187500.015625,-187500.015625,-187500.015625,-187500.015625,-26117.2089844,0.0
-187500.015625,-187500.015625,-187500.015625,-187500.015625,-187500.015625,-187500.015625,-187500.015625,-26207.1523438,0.0
-187500.015625,-187500.015625,-187500.015625,-187500.015625,-187500.015625,-187500.015625,-187500.015625,-26300.0234375,0.0
-187500.015625,-187500.015625,-187500.015625,-187500.015625,-187500.015625,-187500.015625,-187500.015625,-26220.9199219,0.0
-187500.015625,-187500.015625,-187500.015625,-187500.015625,-187500.015625,-187500.015625,-187500.015625,-26125.1445312,0.0
-187500.015625,-187500.015625,-187500.015625,-187500.015625,-187500.015625,-187500.015625,-187500.015625,-26182.4765625,0.0
-187500.015625,-187500.015625,-187500.015625,-187500.015625,-187500.015625,-187500.015625,-187500.015625,-26288.7128906,0.0
-187500.015625,-187500.015625,-187500.015625,-187500.015625,-187500.015625,-187500.015625,-187500.015625,-26246.8046875,0.0
-187500.015625,-187500.015625,-187500.015625,-187500.015625,-187500.015625,-187500.015625,-187500.015625,-26129.0996094,0.0
-187500.015625,-187500.015625,-187500.015625,-187500.015625,-187500.015625,-187500.015625,-187500.015625,-26156.390625,0.0
-187500.015625,-187500.015625,-187500.015625,-187500.015625,-187500.015625,-187500.015625,-187500.015625,-26283.6835938,0.0
-187500.015625,-187500.015625,-187500.015625,-187500.015625,-187500.015625,-187500.015625,-187500.015625,-26276.0175781,0.0
-187500.015625,-187500.015625,-187500.015625,-187500.015625,-187500.015625,-187500.015625,-187500.015625,-26150.5566406,0.0
-187500.015625,-187500.015625,-187500.015625,-187500.015625,-187500.015625,-187500.015625,-187500.015625,-26148.6347656,0.0
-187500.015625,-187500.015625,-187500.015625,-187500.015625,-187500.015625,-187500.015625,-187500.015625,-26271.6152344,0.0
-187500.015625,-187500.015625,-187500.015625,-187500.015625,-187500.015625,-187500.015625,-187500.015625,-26294.7714844,0.0
-187500.015625,-187500.015625,-187500.015625,-187500.015625,-187500.015625,-187500.015625,-187500.015625,-26177.2910156,0.0
-187500.015625,-187500.015625,-187500.015625,-187500.015625,-187500.015625,-187500.015625,-187500.015625,-26143.9628906,0.0
-187500.015625,-187500.015625,-187500.015625,-187500.015625,-187500.015625,-187500.015625,-187500.015625,-26258.4277344,0.0
-187500.015625,-187500.015625,-187500.015625,-187500.015625,-187500.015625,-187500.015625,-187500.015625,-26304.1367188,0.0
-187500.015625,-187500.015625,-187500.015625,-187500.015625,-187500.015625,-187500.015625,-187500.015625,-26194.1425781,0.0
-187500.015625,-187500.015625,-187500.015625,-187500.015625,-187500.015625,-187500.015625,-187500.015625,-26132.3632812,0.0
-187500.015625,-187500.015625,-187500.015625,-187500.015625,-187500.015625,-187500.015625,-187500.015625,-26234.6230469,0.0
-187500.015625,-187500.015625,-187500.015625,-187500.015625,-187500.015625,-187500.015625,-187500.015625,-26308.6953125,0.0
-187500.015625,-187500.015625,-187500.015625,-187500.015625,-187500.015625,-187500.015625,-187500.015625,-26222.1054688,0.0
-187500.015625,-187500.015625,-187500.015625,-187500.015625,-187500.015625,-187500.015625,-187500.015625,-26134.53125,0.0
-187500.015625,-187500.015625,-187500.015625,-187500.015625,-187500.015625,-187500.015625,-187500.015625,-26211.7558594,0.0
-187500.015625,-187500.015625,-187500.015625,-187500.015625,-187500.015625,-187500.015625,-187500.015625,-26306.5957031,0.0
-187500.015625,-187500.015625,-187500.015625,-187500.015625,-187500.015625,-187500.015625,-187500.015625,-26236.1425781,0.0
-187500.015625,-187500.015625,-187500.015625,-187500.015625,-187500.015625,-187500.015625,-187500.015625,-26128.2949219,0.0
-187500.015625,-187500.015625,-187500.015625,-187500.015625,-187500.015625,-187500.015625,-187500.015625,-26180.8222656,0.0
-187500.015625,-187500.015625,-187500.015625,-187500.015625,-187500.015625,-187500.015625,-187500.015625,-26291.1503906,0.0
-187500.015625,-187500.015625,-187500.015625,-187500.015625,-187500.015625,-187500.015625,-187500.015625,-26254.0019531,0.0
-187500.015625,-187500.015625,-187500.015625,-187500.015625,-187500.015625,-187500.015625,-187500.015625,-26143.8066406,0.0
-187500.015625,-187500.015625,-187500.015625,-187500.015625,-187500.015625,-187500.015625,-187500.015625,-26168.328125,0.0
-187500.015625,-187500.015625,-187500.015625,-187500.015625,-187500.015625,-187500.015625,-187500.015625,-26294.7929688,0.0
-187500.015625,-187500.015625,-187500.015625,-187500.015625,-187500.015625,-187500.015625,-187500.015625,-26288.3105469,0.0
-187500.015625,-187500.015625,-187500.015625,-187500.015625,-187500.015625,-187500.015625,-187500.015625,-26162.2929688,0.0
-187500.015625,-187500.015625,-187500.015625,-187500.015625,-187500.015625,-187500.015625,-187500.015625,-26155.6992188,0.0
-187500.015625,-187500.015625,-187500.015625,-187500.015625,-187500.015625,-187500.015625,-187500.015625,-26280.3320312,0.0
-187500.015625,-187500.015625,-187500.015625,-187500.015625,-187500.015625,-187500.015625,-187500.015625,-26305.5214844,0.0
-187500.015625,-187500.015625,-187500.015625,-187500.015625,-187500.015625,-187500.015625,-187500.015625,-26188.3320312,0.0
-187500.015625,-187500.015625,-187500.015625,-187500.015625,-187500.015625,-187500.015625,-187500.015625,-26148.8359375,0.0
-187500.015625,-187500.015625,-187500.015625,-187500.015625,-187500.015625,-187500.015625,-187500.015625,-26263.7910156,0.0
-187500.015625,-187500.015625,-187500.015625,-187500.015625,-187500.015625,-187500.015625,-187500.015625,-26308.9863281,0.0
-187500.015625,-187500.015625,-187500.015625,-187500.015625,-187500.015625,-187500.015625,-187500.015625,-26202.9277344,0.0
-187500.015625,-187500.015625,-187500.015625,-187500.015625,-187500.015625,-187500.015625,-187500.015625,-26135.0898438,0.0
-187500.015625,-187500.015625,-187500.015625,-187500.015625,-187500.015625,-187500.015625,-187500.015625,-26225.546875,0.0
-187500.015625,-187500.015625,-187500.015625,-187500.015625,-187500.015625,-187500.015625,-187500.015625,-26308.1367188,0.0
-187500.015625,-187500.015625,-187500.015625,-187500.015625,-187500.015625,-187500.015625,-187500.015625,-26220.9199219,0.0
-187500.015625,-187500.015625,-187500.015625,-187500.015625,-187500.015625,-187500.015625,-187500.015625,-26123.3769531,0.0
-187500.015625,-187500.015625,-187500.015625,-187500.015625,-187500.015625,-187500.015625,-187500.015625,-26199.5527344,0.0
-187500.015625,-187500.015625,-187500.015625,-187500.015625,-187500.015625,-187500.015625,-187500.015625,-26304.9628906,0.0
-187500.015625,-187500.015625,-187500.015625,-187500.015625,-187500.015625,-187500.015625,-187500.015625,-26239.3613281,0.0
-187500.015625,-187500.015625,-187500.015625,-187500.015625,-187500.015625,-187500.015625,-187500.015625,-26134.0175781,0.0
-187500.015625,-187500.015625,-187500.015625,-187500.015625,-187500.015625,-187500.015625,-187500.015625,-26179.4589844,0.0
-187500.015625,-187500.015625,-187500.015625,-187500.015625,-187500.015625,-187500.015625,-187500.015625,-26290.0996094,0.0
-187500.015625,-187500.015625,-187500.015625,-187500.015625,-187500.015625,-187500.015625,-187500.015625,-26259.6347656,0.0
-187500.015625,-187500.015625,-187500.015625,-187500.015625,-187500.015625,-187500.015625,-187500.015625,-26136.609375,0.0
-187500.015625,-187500.015625,-187500.015625,-187500.015625,-187500.015625,-187500.015625,-187500.015625,-26155.5410156,0.0
-187500.015625,-187500.015625,-187500.015625,-187500.015625,-187500.015625,-187500.015625,-187500.015625,-26280.3535156,0.0
-187500.015625,-187500.015625,-187500.015625,-187500.015625,-187500.015625,-187500.015625,-187500.015625,-26280.8691406,0.0
-187500.015625,-187500.015625,-187500.015625,-187500.015625,-187500.015625,-187500.015625,-187500.015625,-26154.7382812,0.0
-187500.015625,-187500.015625,-187500.015625,-187500.015625,-187500.015625,-187500.015625,-187500.015625,-26144.5449219,0.0
-187500.015625,-187500.015625,-187500.015625,-187500.015625,-187500.015625,-187500.015625,-187500.015625,-26269.46875,0.0
-187500.015625,-187500.015625,-187500.015625,-187500.015625,-187500.015625,-187500.015625,-187500.015625,-26301.4316406,0.0
-187500.015625,-187500.015625,-187500.015625,-187500.015625,-187500.015625,-187500.015625,-187500.015625,-26183.1464844,0.0
-187500.015625,-187500.015625,-187500.015625,-187500.015625,-187500.015625,-187500.015625,-187500.015625,-26140.7460938,0.0
-187500.015625,-187500.015625,-187500.015625,-187500.015625,-187500.015625,-187500.015625,-187500.015625,-26254.359375,0.0
-187500.015625,-187500.015625,-187500.015625,-187500.015625,-187500.015625,-187500.015625,-187500.015625,-26317.703125,0.0
-187500.015625,-187500.015625,-187500.015625,-187500.015625,-187500.015625,-187500.015625,-187500.015625,-26213.0527344,0.0
-187500.015625,-187500.015625,-187500.015625,-187500.015625,-187500.015625,-187500.015625,-187500.015625,-26141.59375,0.0
-187500.015625,-187500.015625,-187500.015625,-187500.015625,-187500.015625,-187500.015625,-187500.015625,-26237.3496094,0.0
-187500.015625,-187500.015625,-187500.015625,-187500.015625,-187500.015625,-187500.015625,-187500.015625,-26323.2910156,0.0
-187500.015625,-187500.015625,-187500.015625,-187500.015625,-187500.015625,-187500.015625,-187500.015625,-26237.7519531,0.0
-187500.015625,-187500.015625,-187500.015625,-187500.015625,-187500.015625,-187500.015625,-187500.015625,-26138.8222656,0.0
-187500.015625,-187500.015625,-187500.015625,-187500.015625,-187500.015625,-187500.015625,-187500.015625,-26213.8359375,0.0
-187500.015625,-187500.015625,-187500.015625,-187500.015625,-187500.015625,-187500.015625,-187500.015625,-26319.6269531,0.0
-187500.015625,-187500.015625,-187500.015625,-187500.015625,-187500.015625,-187500.015625,-187500.015625,-26263.2324219,0.0
-187500.015625,-187500.015625,-187500.015625,-187500.015625,-187500.015625,-187500.015625,-187500.015625,-26149.7753906,0.0
-187500.015625,-187500.015625,-187500.015625,-187500.015625,-187500.015625,-187500.015625,-187500.015625,-26188.2421875,0.0
-187500.015625,-187500.015625,-187500.015625,-187500.015625,-187500.015625,-187500.015625,-187500.015625,-26300.5820312,0.0
-187500.015625,-187500.015625,-187500.015625,-187500.015625,-187500.015625,-187500.015625,-187500.015625,-26271.4355469,0.0
-187500.015625,-187500.015625,-187500.015625,-187500.015625,-187500.015625,-187500.015625,-187500.015625,-26152.1445312,0.0
-187500.015625,-187500.015625,-187500.015625,-187500.015625,-187500.015625,-187500.015625,-187500.015625,-26168.0585938,0.0
-187500.015625,-187500.015625,-187500.015625,-187500.015625,-187500.015625,-187500.015625,-187500.015625,-26283.6171875,0.0
-187500.015625,-187500.015625,-187500.015625,-187500.015625,-187500.015625,-187500.015625,-187500.015625,-26287.3046875,0.0
-187500.015625,-187500.015625,-187500.015625,-187500.015625,-187500.015625,-187500.015625,-187500.015625,-26165.421875,0.0
-187500.015625,-187500.015625,-187500.015625,-187500.015625,-187500.015625,-187500.015625,-187500.015625,-26142.0195312,0.0
-187500.015625,-187500.015625,-187500.015625,-187500.015625,-187500.015625,-187500.015625,-187500.015625,-26263.6582031,0.0
-187500.015625,-187500.015625,-187500.015625,-187500.015625,-187500.015625,-187500.015625,-187500.015625,-26299.1074219,0.0
-187500.015625,-187500.015625,-187500.015625,-187500.015625,-187500.015625,-187500.015625,-187500.015625,-26189.0703125,0.0
-187500.015625,-187500.015625,-187500.015625,-187500.015625,-187500.015625,-187500.015625,-187500.015625,-26137.28125,0.0
-187500.015625,-187500.015625,-187500.015625,-187500.015625,-187500.015625,-187500.015625,-187500.015625,-26246.0898438,0.0
-187500.015625,-187500.015625,-187500.015625,-187500.015625,-187500.015625,-187500.015625,-187500.015625,-26309.0097656,0.0
-187500.015625,-187500.015625,-187500.015625,-187500.015625,-187500.015625,-187500.015625,-187500.015625,-26212.2265625,0.0
-187500.015625,-187500.015625,-187500.015625,-187500.015625,-187500.015625,-187500.015625,-187500.015625,-26138.5761719,0.0
-187500.015625,-187500.015625,-187500.015625,-187500.015625,-187500.015625,-187500.015625,-187500.015625,-26230.8222656,0.0
-187500.015625,-187500.015625,-187500.015625,-187500.015625,-187500.015625,-187500.015625,-187500.015625,-26321.8828125,0.0
-187500.015625,-187500.015625,-187500.015625,-187500.015625,-187500.015625,-187500.015625,-187500.015625,-26237.953125,0.0
-187500.015625,-187500.015625,-187500.015625,-187500.015625,-187500.015625,-187500.015625,-187500.015625,-26144.6796875,0.0
-187500.015625,-187500.015625,-187500.015625,-187500.015625,-187500.015625,-187500.015625,-187500.015625,-26209.1855469,0.0
-187500.015625,-187500.015625,-187500.015625,-187500.015625,-187500.015625,-187500.015625,-187500.015625,-26314.7988281,0.0
-187500.015625,-187500.015625,-187500.015625,-187500.015625,-187500.015625,-187500.015625,-187500.015625,-26262.0917969,0.0
-187500.015625,-187500.015625,-187500.015625,-187500.015625,-187500.015625,-187500.015625,-187500.015625,-26148.0761719,0.0
-187500.015625,-187500.015625,-187500.015625,-187500.015625,-187500.015625,-187500.015625,-187500.015625,-26187.1914062,0.0
-187500.015625,-187500.015625,-187500.015625,-187500.015625,-187500.015625,-187500.015625,-187500.015625,-26305.4550781,0.0
-187500.015625,-187500.015625,-187500.015625,-187500.015625,-187500.015625,-187500.015625,-187500.015625,-26286.4785156,0.0
-187500.015625,-187500.015625,-187500.015625,-187500.015625,-187500.015625,-187500.015625,-187500.015625,-26169.0195312,0.0
-187500.015625,-187500.015625,-187500.015625,-187500.015625,-187500.015625,-187500.015625,-187500.015625,-26176.0390625,0.0
-187500.015625,-187500.015625,-187500.015625,-187500.015625,-187500.015625,-187500.015625,-187500.015625,-26297.609375,0.0
-187500.015625,-187500.015625,-187500.015625,-187500.015625,-187500.015625,-187500.015625,-187500.015625,-26308.8300781,0.0
-187500.015625,-187500.015625,-187500.015625,-187500.015625,-187500.015625,-187500.015625,-187500.015625,-26187.0585938,0.0
-187500.015625,-187500.015625,-187500.015625,-187500.015625,-187500.015625,-187500.015625,-187500.015625,-26157.6660156,0.0
-187500.015625,-187500.015625,-187500.015625,-187500.015625,-187500.015625,-187500.015625,-187500.015625,-26274.3867188,0.0
-187500.015625,-187500.015625,-187500.015625,-187500.015625,-187500.015625,-187500.015625,-187500.015625,-26319.8496094,0.0
-187500.015625,-187500.015625,-187500.015625,-187500.015625,-187500.015625,-187500.015625,-187500.015625,-26200.9160156,0.0
-187500.015625,-187500.015625,-187500.015625,-187500.015625,-187500.015625,-187500.015625,-187500.015625,-26142.5117188,0.0
-187500.015625,-187500.015625,-187500.015625,-187500.015625,-187500.015625,-187500.015625,-187500.015625,-26250.8945312,0.0
-187500.015625,-187500.015625,-187500.015625,-187500.015625,-187500.015625,-187500.015625,-187500.015625,-26323.6269531,0.0
-187500.015625,-187500.015625,-187500.015625,-187500.015625,-187500.015625,-187500.015625,-187500.015625,-26229.90625,0.0
-187500.015625,-187500.015625,-187500.015625,-187500.015625,-187500.015625,-187500.015625,-187500.015625,-26152.4570312,0.0
-187500.015625,-187500.015625,-187500.015625,-187500.015625,-187500.015625,-187500.015625,-187500.015625,-26243.6757812,0.0
-187500.015625,-187500.015625,-187500.015625,-187500.015625,-187500.015625,-187500.015625,-187500.015625,-26336.8378906,0.0
-187500.015625,-187500.015625,-187500.015625,-187500.015625,-187500.015625,-187500.015625,-187500.015625,-26264.796875,0.0
-187500.015625,-187500.015625,-187500.015625,-187500.015625,-187500.015625,-187500.015625,-187500.015625,-26160.0117188,0.0
-187500.015625,-187500.015625,-187500.015625,-187500.015625,-187500.015625,-187500.015625,-187500.015625,-26219.109375,0.0
-187500.015625,-187500.015625,-187500.015625,-187500.015625,-187500.015625,-187500.015625,-187500.015625,-26331.1816406,0.0
-187500.015625,-187500.015625,-187500.015625,-187500.015625,-187500.015625,-187500.015625,-187500.015625,-26281.6054688,0.0
-187500.015625,-187500.015625,-187500.015625,-187500.015625,-187500.015625,-187500.015625,-187500.015625,-26167.6796875,0.0
-187500.015625,-187500.015625,-187500.015625,-187500.015625,-187500.015625,-187500.015625,-187500.015625,-26191.6171875,0.0
-187500.015625,-187500.015625,-187500.015625,-187500.015625,-187500.015625,-187500.015625,-187500.015625,-26308.6953125,0.0
-187500.015625,-187500.015625,-187500.015625,-187500.015625,-187500.015625,-187500.015625,-187500.015625,-26288.7128906,0.0
-187500.015625,-187500.015625,-187500.015625,-187500.015625,-187500.015625,-187500.015625,-187500.015625,-26165.3769531,0.0
-187500.015625,-187500.015625,-187500.015625,-187500.015625,-187500.015625,-187500.015625,-187500.015625,-26162.0683594,0.0
-187500.015625,-187500.015625,-187500.015625,-187500.015625,-187500.015625,-187500.015625,-187500.015625,-26281.6953125,0.0
-187500.015625,-187500.015625,-187500.015625,-187500.015625,-187500.015625,-187500.015625,-187500.015625,-26296.8710938,0.0
-187500.015625,-187500.015625,-187500.015625,-187500.015625,-187500.015625,-187500.015625,-187500.015625,-26175.3671875,0.0
-187500.015625,-187500.015625,-187500.015625,-187500.015625,-187500.015625,-187500.015625,-187500.015625,-26146.7578125,0.0
-187500.015625,-187500.015625,-187500.015625,-187500.015625,-187500.015625,-187500.015625,-187500.015625,-26264.9082031,0.0
-187500.015625,-187500.015625,-187500.015625,-187500.015625,-187500.015625,-187500.015625,-187500.015625,-26316.3632812,0.0
-187500.015625,-187500.015625,-187500.015625,-187500.015625,-187500.015625,-187500.015625,-187500.015625,-26206.6835938,0.0
-187500.015625,-187500.015625,-187500.015625,-187500.015625,-187500.015625,-187500.015625,-187500.015625,-26148.9042969,0.0
-187500.015625,-187500.015625,-187500.015625,-187500.015625,-187500.015625,-187500.015625,-187500.015625,-26254.0683594,0.0
-187500.015625,-187500.015625,-187500.015625,-187500.015625,-187500.015625,-187500.015625,-187500.015625,-26329.0136719,0.0
-187500.015625,-187500.015625,-187500.015625,-187500.015625,-187500.015625,-187500.015625,-187500.015625,-26229.59375,0.0
-187500.015625,-187500.015625,-187500.015625,-187500.015625,-187500.015625,-187500.015625,-187500.015625,-26144.6347656,0.0
-187500.015625,-187500.015625,-187500.015625,-187500.015625,-187500.015625,-187500.015625,-187500.015625,-26231.2246094,0.0
-187500.015625,-187500.015625,-187500.015625,-187500.015625,-187500.015625,-187500.015625,-187500.015625,-26325.1464844,0.0
-187500.015625,-187500.015625,-187500.015625,-187500.015625,-187500.015625,-187500.015625,-187500.015625,-26260.796875,0.0
-187500.015625,-187500.015625,-187500.015625,-187500.015625,-187500.015625,-187500.015625,-187500.015625,-26158.0683594,0.0
-187500.015625,-187500.015625,-187500.015625,-187500.015625,-187500.015625,-187500.015625,-187500.015625,-26214.125,0.0
-187500.015625,-187500.015625,-187500.015625,-187500.015625,-187500.015625,-187500.015625,-187500.015625,-26327.6503906,0.0
-187500.015625,-187500.015625,-187500.015625,-187500.015625,-187500.015625,-187500.015625,-187500.015625,-26280.8691406,0.0
-187500.015625,-187500.015625,-187500.015625,-187500.015625,-187500.015625,-187500.015625,-187500.015625,-26162.359375,0.0
-187500.015625,-187500.015625,-187500.015625,-187500.015625,-187500.015625,-187500.015625,-187500.015625,-26200.5136719,0.0
-187500.015625,-187500.015625,-187500.015625,-187500.015625,-187500.015625,-187500.015625,-187500.015625,-26319.0449219,0.0
-187500.015625,-187500.015625,-187500.015625,-187500.015625,-187500.015625,-187500.015625,-187500.015625,-26296.8945312,0.0
-187500.015625,-187500.015625,-187500.015625,-187500.015625,-187500.015625,-187500.015625,-187500.015625,-26171.0546875,0.0
-187500.015625,-187500.015625,-187500.015625,-187500.015625,-187500.015625,-187500.015625,-187500.015625,-26165.4882812,0.0
-187500.015625,-187500.015625,-187500.015625,-187500.015625,-187500.015625,-187500.015625,-187500.015625,-26288.46875,0.0
-187500.015625,-187500.015625,-187500.015625,-187500.015625,-187500.015625,-187500.015625,-187500.015625,-26303.5332031,0.0
-187500.015625,-187500.015625,-187500.015625,-187500.015625,-187500.015625,-187500.015625,-187500.015625,-26182.5644531,0.0
-187500.015625,-187500.015625,-187500.015625,-187500.015625,-187500.015625,-187500.015625,-187500.015625,-26141.28125,0.0
-187500.015625,-187500.015625,-187500.015625,-187500.015625,-187500.015625,-187500.015625,-187500.015625,-26259.2539062,0.0
-187500.015625,-187500.015625,-187500.015625,-187500.015625,-187500.015625,-187500.015625,-187500.015625,-26317.4355469,0.0
-187500.015625,-187500.015625,-187500.015625,-187500.015625,-187500.015625,-187500.015625,-187500.015625,-26205.5878906,0.0
-187500.015625,-187500.015625,-187500.015625,-187500.015625,-187500.015625,-187500.015625,-187500.015625,-26137.9960938,0.0
-187500.015625,-187500.015625,-187500.015625,-187500.015625,-187500.015625,-187500.015625,-187500.015625,-26242.6699219,0.0
-187500.015625,-187500.015625,-187500.015625,-187500.015625,-187500.015625,-187500.015625,-187500.015625,-26318.84375,0.0
-187500.015625,-187500.015625,-187500.015625,-187500.015625,-187500.015625,-187500.015625,-187500.015625,-26223.5351562,0.0
-187500.015625,-187500.015625,-187500.015625,-187500.015625,-187500.015625,-187500.015625,-187500.015625,-26132.3632812,0.0
-187500.015625,-187500.015625,-187500.015625,-187500.015625,-187500.015625,-187500.015625,-187500.015625,-26213.9238281,0.0
-187500.015625,-187500.015625,-187500.015625,-187500.015625,-187500.015625,-187500.015625,-187500.015625,-26315.0214844,0.0
-187500.015625,-187500.015625,-187500.015625,-187500.015625,-187500.015625,-187500.015625,-187500.015625,-26252.0566406,0.0
-187500.015625,-187500.015625,-187500.015625,-187500.015625,-187500.015625,-187500.015625,-187500.015625,-26142.7128906,0.0
-187500.015625,-187500.015625,-187500.015625,-187500.015625,-187500.015625,-187500.015625,-187500.015625,-26201.9882812,0.0
-187500.015625,-187500.015625,-187500.015625,-187500.015625,-187500.015625,-187500.015625,-187500.015625,-26320.6757812,0.0
-187500.015625,-187500.015625,-187500.015625,-187500.015625,-187500.015625,-187500.015625,-187500.015625,-26284.9140625,0.0
-187500.015625,-187500.015625,-187500.015625,-187500.015625,-187500.015625,-187500.015625,-187500.015625,-26169.6464844,0.0
-187500.015625,-187500.015625,-187500.015625,-187500.015625,-187500.015625,-187500.015625,-187500.015625,-26193.1601562,0.0
-187500.015625,-187500.015625,-187500.015625,-187500.015625,-187500.015625,-187500.015625,-187500.015625,-26310.8203125,0.0
-187500.015625,-187500.015625,-187500.015625,-187500.015625,-187500.015625,-187500.015625,-187500.015625,-26308.2714844,0.0
-187500.015625,-187500.015625,-187500.015625,-187500.015625,-187500.015625,-187500.015625,-187500.015625,-26187.1035156,0.0
-187500.015625,-187500.015625,-187500.015625,-187500.015625,-187500.015625,-187500.015625,-187500.015625,-26172.640625,0.0
-187500.015625,-187500.015625,-187500.015625,-187500.015625,-187500.015625,-187500.015625,-187500.015625,-26294.6601562,0.0
-187500.015625,-187500.015625,-187500.015625,-187500.015625,-187500.015625,-187500.015625,-187500.015625,-26322.8007812,0.0
-187500.015625,-187500.015625,-187500.015625,-187500.015625,-187500.015625,-187500.015625,-187500.015625,-26202.1679688,0.0
-187500.015625,-187500.015625,-187500.015625,-187500.015625,-187500.015625,-187500.015625,-187500.015625,-26163.6328125,0.0
-187500.015625,-187500.015625,-187500.015625,-187500.015625,-187500.015625,-187500.015625,-187500.015625,-26282.2089844,0.0
-187500.015625,-187500.015625,-187500.015625,-187500.015625,-187500.015625,-187500.015625,-187500.015625,-26329.9980469,0.0
-187500.015625,-187500.015625,-187500.015625,-187500.015625,-187500.015625,-187500.015625,-187500.015625,-26224.0722656,0.0
-187500.015625,-187500.015625,-187500.015625,-187500.015625,-187500.015625,-187500.015625,-187500.015625,-26156.4804688,0.0
-187500.015625,-187500.015625,-187500.015625,-187500.015625,-187500.015625,-187500.015625,-187500.015625,-26254.6054688,0.0
-187500.015625,-187500.015625,-187500.015625,-187500.015625,-187500.015625,-187500.015625,-187500.015625,-26332.1210938,0.0
-187500.015625,-187500.015625,-187500.015625,-187500.015625,-187500.015625,-187500.015625,-187500.015625,-26238.4667969,0.0
-187500.015625,-187500.015625,-187500.015625,-187500.015625,-187500.015625,-187500.015625,-187500.015625,-26146.9375,0.0
-187500.015625,-187500.015625,-187500.015625,-187500.015625,-187500.015625,-187500.015625,-187500.015625,-26219.1777344,0.0
-187500.015625,-187500.015625,-187500.015625,-187500.015625,-187500.015625,-187500.015625,-187500.015625,-26315.8046875,0.0
-187500.015625,-187500.015625,-187500.015625,-187500.015625,-187500.015625,-187500.015625,-187500.015625,-26255.3203125,0.0
-187500.015625,-187500.015625,-187500.015625,-187500.015625,-187500.015625,-187500.015625,-187500.015625,-26140.5878906,0.0
-187500.015625,-187500.015625,-187500.015625,-187500.015625,-187500.015625,-187500.015625,-187500.015625,-26190.5449219,0.0
-187500.015625,-187500.015625,-187500.015625,-187500.015625,-187500.015625,-187500.015625,-187500.015625,-26308.0253906,0.0
-187500.015625,-187500.015625,-187500.015625,-187500.015625,-187500.015625,-187500.015625,-187500.015625,-26275.6152344,0.0
-187500.015625,-187500.015625,-187500.015625,-187500.015625,-187500.015625,-187500.015625,-187500.015625,-26160.2363281,0.0
-187500.015625,-187500.015625,-187500.015625,-187500.015625,-187500.015625,-187500.015625,-187500.015625,-26169.578125,0.0
-187500.015625,-187500.015625,-187500.015625,-187500.015625,-187500.015625,-187500.015625,-187500.015625,-26293.9667969,0.0
-187500.015625,-187500.015625,-187500.015625,-187500.015625,-187500.015625,-187500.015625,-187500.015625,-26295.7539062,0.0
-187500.015625,-187500.015625,-187500.015625,-187500.015625,-187500.015625,-187500.015625,-187500.015625,-26174.921875,0.0
-187500.015625,-187500.015625,-187500.015625,-187500.015625,-187500.015625,-187500.015625,-187500.015625,-26166.3828125,0.0
-187500.015625,-187500.015625,-187500.015625,-187500.015625,-187500.015625,-187500.015625,-187500.015625,-26288.6914062,0.0
-187500.015625,-187500.015625,-187500.015625,-187500.015625,-187500.015625,-187500.015625,-187500.015625,-26315.8046875,0.0
-187500.015625,-187500.015625,-187500.015625,-187500.015625,-187500.015625,-187500.015625,-187500.015625,-26199.6640625,0.0
-187500.015625,-187500.015625,-187500.015625,-187500.015625,-187500.015625,-187500.015625,-187500.015625,-26151.5410156,0.0
-187500.015625,-187500.015625,-187500.015625,-187500.015625,-187500.015625,-187500.015625,-187500.015625,-26268.6640625,0.0
-187500.015625,-187500.015625,-187500.015625,-187500.015625,-187500.015625,-187500.015625,-187500.015625,-26318.6425781,0.0
-187500.015625,-187500.015625,-187500.015625,-187500.015625,-187500.015625,-187500.015625,-187500.015625,-26209.1855469,0.0
-187500.015625,-187500.015625,-187500.015625,-187500.015625,-187500.015625,-187500.015625,-187500.015625,-26142.7128906,0.0
-187500.015625,-187500.015625,-187500.015625,-187500.015625,-187500.015625,-187500.015625,-187500.015625,-26236.3886719,0.0
-187500.015625,-187500.015625,-187500.015625,-187500.015625,-187500.015625,-187500.015625,-187500.015625,-26316.4082031,0.0
-187500.015625,-187500.015625,-187500.015625,-187500.015625,-187500.015625,-187500.015625,-187500.015625,-26232.0527344,0.0
-187500.015625,-187500.015625,-187500.015625,-187500.015625,-187500.015625,-187500.015625,-187500.015625,-26135.9179688,0.0
-187500.015625,-187500.015625,-187500.015625,-187500.015625,-187500.015625,-187500.015625,-187500.015625,-26209.0527344,0.0
-187500.015625,-187500.015625,-187500.015625,-187500.015625,-187500.015625,-187500.015625,-187500.015625,-26310.5957031,0.0
-187500.015625,-187500.015625,-187500.015625,-187500.015625,-187500.015625,-187500.015625,-187500.015625,-26251.765625,0.0
-187500.015625,-187500.015625,-187500.015625,-187500.015625,-187500.015625,-187500.015625,-187500.015625,-26144.0761719,0.0
-187500.015625,-187500.015625,-187500.015625,-187500.015625,-187500.015625,-187500.015625,-187500.015625,-26188.4433594,0.0
-187500.015625,-187500.015625,-187500.015625,-187500.015625,-187500.015625,-187500.015625,-187500.015625,-26308.5839844,0.0
-187500.015625,-187500.015625,-187500.015625,-187500.015625,-187500.015625,-187500.015625,-187500.015625,-26275.3691406,0.0
-187500.015625,-187500.015625,-187500.015625,-187500.015625,-187500.015625,-187500.015625,-187500.015625,-26158.1132812,0.0
-187500.015625,-187500.015625,-187500.015625,-187500.015625,-187500.015625,-187500.015625,-187500.015625,-26175.1660156,0.0
-187500.015625,-187500.015625,-187500.015625,-187500.015625,-187500.015625,-187500.015625,-187500.015625,-26293.8105469,0.0
-187500.015625,-187500.015625,-187500.015625,-187500.015625,-187500.015625,-187500.015625,-187500.015625,-26297.0722656,0.0
-187500.015625,-187500.015625,-187500.015625,-187500.015625,-187500.015625,-187500.015625,-187500.015625,-26176.84375,0.0
-187500.015625,-187500.015625,-187500.015625,-187500.015625,-187500.015625,-187500.015625,-187500.015625,-26154.5371094,0.0
-187500.015625,-187500.015625,-187500.015625,-187500.015625,-187500.015625,-187500.015625,-187500.015625,-26281.1582031,0.0
-187500.015625,-187500.015625,-187500.015625,-187500.015625,-187500.015625,-187500.015625,-187500.015625,-26314.5078125,0.0
-187500.015625,-187500.015625,-187500.015625,-187500.015625,-187500.015625,-187500.015625,-187500.015625,-26191.9746094,0.0
-187500.015625,-187500.015625,-187500.015625,-187500.015625,-187500.015625,-187500.015625,-187500.015625,-26144.7460938,0.0
-187500.015625,-187500.015625,-187500.015625,-187500.015625,-187500.015625,-187500.015625,-187500.015625,-26253.7109375,0.0
-187500.015625,-187500.015625,-187500.015625,-187500.015625,-187500.015625,-187500.015625,-187500.015625,-26323.8945312,0.0
-187500.015625,-187500.015625,-187500.015625,-187500.015625,-187500.015625,-187500.015625,-187500.015625,-26221.1894531,0.0
-187500.015625,-187500.015625,-187500.015625,-187500.015625,-187500.015625,-187500.015625,-187500.015625,-26141.0585938,0.0
-187500.015625,-187500.015625,-187500.015625,-187500.015625,-187500.015625,-187500.015625,-187500.015625,-26233.9511719,0.0
-187500.015625,-187500.015625,-187500.015625,-187500.015625,-187500.015625,-187500.015625,-187500.015625,-26322.0625,0.0
-187500.015625,-187500.015625,-187500.015625,-187500.015625,-187500.015625,-187500.015625,-187500.015625,-26236.96875,0.0
-187500.015625,-187500.015625,-187500.015625,-187500.015625,-187500.015625,-187500.015625,-187500.015625,-26129.3457031,0.0
-187500.015625,-187500.015625,-187500.015625,-187500.015625,-187500.015625,-187500.015625,-187500.015625,-26201.296875,0.0
-187500.015625,-187500.015625,-187500.015625,-187500.015625,-187500.015625,-187500.015625,-187500.015625,-26310.6621094,0.0
-187500.015625,-187500.015625,-187500.015625,-187500.015625,-187500.015625,-187500.015625,-187500.015625,-26256.9511719,0.0
-187500.015625,-187500.015625,-187500.015625,-187500.015625,-187500.015625,-187500.015625,-187500.015625,-26147.8535156,0.0
-187500.015625,-187500.015625,-187500.015625,-187500.015625,-187500.015625,-187500.015625,-187500.015625,-26190.6347656,0.0
-187500.015625,-187500.015625,-187500.015625,-187500.015625,-187500.015625,-187500.015625,-187500.015625,-26308.6523438,0.0
-187500.015625,-187500.015625,-187500.015625,-187500.015625,-187500.015625,-187500.015625,-187500.015625,-26283.1035156,0.0
-187500.015625,-187500.015625,-187500.015625,-187500.015625,-187500.015625,-187500.015625,-187500.015625,-26159.0058594,0.0
-187500.015625,-187500.015625,-187500.015625,-187500.015625,-187500.015625,-187500.015625,-187500.015625,-26170.4726562,0.0
-187500.015625,-187500.015625,-187500.015625,-187500.015625,-187500.015625,-187500.015625,-187500.015625,-26298.5253906,0.0
-187500.015625,-187500.015625,-187500.015625,-187500.015625,-187500.015625,-187500.015625,-187500.015625,-26311.5566406,0.0
-187500.015625,-187500.015625,-187500.015625,-187500.015625,-187500.015625,-187500.015625,-187500.015625,-26186.4550781,0.0
-187500.015625,-187500.015625,-187500.015625,-187500.015625,-187500.015625,-187500.015625,-187500.015625,-26162.5820312,0.0
-187500.015625,-187500.015625,-187500.015625,-187500.015625,-187500.015625,-187500.015625,-187500.015625,-26284.3320312,0.0
-187500.015625,-187500.015625,-187500.015625,-187500.015625,-187500.015625,-187500.015625,-187500.015625,-26323.5605469,0.0
-187500.015625,-187500.015625,-187500.015625,-187500.015625,-187500.015625,-187500.015625,-187500.015625,-26205.7207031,0.0
-187500.015625,-187500.015625,-187500.015625,-187500.015625,-187500.015625,-187500.015625,-187500.015625,-26150.6914062,0.0
-187500.015625,-187500.015625,-187500.015625,-187500.015625,-187500.015625,-187500.015625,-187500.015625,-26263.9921875,0.0
-187500.015625,-187500.015625,-187500.015625,-187500.015625,-187500.015625,-187500.015625,-187500.015625,-26335.6972656,0.0
-187500.015625,-187500.015625,-187500.015625,-187500.015625,-187500.015625,-187500.015625,-187500.015625,-26236.6113281,0.0
-187500.015625,-187500.015625,-187500.015625,-187500.015625,-187500.015625,-187500.015625,-187500.015625,-26157.2636719,0.0
-187500.015625,-187500.015625,-187500.015625,-187500.015625,-187500.015625,-187500.015625,-187500.015625,-26241.1484375,0.0
-187500.015625,-187500.015625,-187500.015625,-187500.015625,-187500.015625,-187500.015625,-187500.015625,-26334.8027344,0.0
-187500.015625,-187500.015625,-187500.015625,-187500.015625,-187500.015625,-187500.015625,-187500.015625,-26263.2324219,0.0
-187500.015625,-187500.015625,-187500.015625,-187500.015625,-187500.015625,-187500.015625,-187500.015625,-26158.828125,0.0
-187500.015625,-187500.015625,-187500.015625,-187500.015625,-187500.015625,-187500.015625,-187500.015625,-26218.1269531,0.0
-187500.015625,-187500.015625,-187500.015625,-187500.015625,-187500.015625,-187500.015625,-187500.015625,-26321.1914062,0.0
-187500.015625,-187500.015625,-187500.015625,-187500.015625,-187500.015625,-187500.015625,-187500.015625,-26261.8476562,0.0
-187500.015625,-187500.015625,-187500.015625,-187500.015625,-187500.015625,-187500.015625,-187500.015625,-26144.9257812,0.0
-187500.015625,-187500.015625,-187500.015625,-187500.015625,-187500.015625,-187500.015625,-187500.015625,-26178.1386719,0.0
-187500.015625,-187500.015625,-187500.015625,-187500.015625,-187500.015625,-187500.015625,-187500.015625,-26295.5078125,0.0
-187500.015625,-187500.015625,-187500.015625,-187500.015625,-187500.015625,-187500.015625,-187500.015625,-26287.2617188,0.0
-187500.015625,-187500.015625,-187500.015625,-187500.015625,-187500.015625,-187500.015625,-187500.015625,-26169.8476562,0.0
-187500.015625,-187500.015625,-187500.015625,-187500.015625,-187500.015625,-187500.015625,-187500.015625,-26164.3261719,0.0
-187500.015625,-187500.015625,-187500.015625,-187500.015625,-187500.015625,-187500.015625,-187500.015625,-26287.5507812,0.0
-187500.015625,-187500.015625,-187500.015625,-187500.015625,-187500.015625,-187500.015625,-187500.015625,-26306.3046875,0.0
-187500.015625,-187500.015625,-187500.015625,-187500.015625,-187500.015625,-187500.015625,-187500.015625,-26185.0019531,0.0
-187500.015625,-187500.015625,-187500.015625,-187500.015625,-187500.015625,-187500.015625,-187500.015625,-26156.0332031,0.0
-187500.015625,-187500.015625,-187500.015625,-187500.015625,-187500.015625,-187500.015625,-187500.015625,-26277.4921875,0.0
-187500.015625,-187500.015625,-187500.015625,-187500.015625,-187500.015625,-187500.015625,-187500.015625,-26316.2734375,0.0
-187500.015625,-187500.015625,-187500.015625,-187500.015625,-187500.015625,-187500.015625,-187500.015625,-26207.8457031,0.0
-187500.015625,-187500.015625,-187500.015625,-187500.015625,-187500.015625,-187500.015625,-187500.015625,-26150.9375,0.0
-187500.015625,-187500.015625,-187500.015625,-187500.015625,-187500.015625,-187500.015625,-187500.015625,-26255.8125,0.0
-187500.015625,-187500.015625,-187500.015625,-187500.015625,-187500.015625,-187500.015625,-187500.015625,-26327.1367188,0.0
-187500.015625,-187500.015625,-187500.015625,-187500.015625,-187500.015625,-187500.015625,-187500.015625,-26228.8554688,0.0
-187500.015625,-187500.015625,-187500.015625,-187500.015625,-187500.015625,-187500.015625,-187500.015625,-26139.9179688,0.0
-187500.015625,-187500.015625,-187500.015625,-187500.015625,-187500.015625,-187500.015625,-187500.015625,-26228.0292969,0.0
-187500.015625,-187500.015625,-187500.015625,-187500.015625,-187500.015625,-187500.015625,-187500.015625,-26326.0195312,0.0
-187500.015625,-187500.015625,-187500.015625,-187500.015625,-187500.015625,-187500.015625,-187500.015625,-26253.2636719,0.0
-187500.015625,-187500.015625,-187500.015625,-187500.015625,-187500.015625,-187500.015625,-187500.015625,-26149.015625,0.0
-187500.015625,-187500.015625,-187500.015625,-187500.015625,-187500.015625,-187500.015625,-187500.015625,-26204.3144531,0.0
-187500.015625,-187500.015625,-187500.015625,-187500.015625,-187500.015625,-187500.015625,-187500.015625,-26316.3632812,0.0
-187500.015625,-187500.015625,-187500.015625,-187500.015625,-187500.015625,-187500.015625,-187500.015625,-26272.9785156,0.0
-187500.015625,-187500.015625,-187500.015625,-187500.015625,-187500.015625,-187500.015625,-187500.015625,-26160.1464844,0.0
-187500.015625,-187500.015625,-187500.015625,-187500.015625,-187500.015625,-187500.015625,-187500.015625,-26191.9746094,0.0
-187500.015625,-187500.015625,-187500.015625,-187500.015625,-187500.015625,-187500.015625,-187500.015625,-26310.8867188,0.0
-187500.015625,-187500.015625,-187500.015625,-187500.015625,-187500.015625,-187500.015625,-187500.015625,-26295.5761719,0.0
-187500.015625,-187500.015625,-187500.015625,-187500.015625,-187500.015625,-187500.015625,-187500.015625,-26165.3320312,0.0
-187500.015625,-187500.015625,-187500.015625,-187500.015625,-187500.015625,-187500.015625,-187500.015625,-26160.5039062,0.0
-187500.015625,-187500.015625,-187500.015625,-187500.015625,-187500.015625,-187500.015625,-187500.015625,-26286.2558594,0.0
-187500.015625,-187500.015625,-187500.015625,-187500.015625,-187500.015625,-187500.015625,-187500.015625,-26311.2226562,0.0
-187500.015625,-187500.015625,-187500.015625,-187500.015625,-187500.015625,-187500.015625,-187500.015625,-26195.0371094,0.0
-187500.015625,-187500.015625,-187500.015625,-187500.015625,-187500.015625,-187500.015625,-187500.015625,-26158.4472656,0.0
-187500.015625,-187500.015625,-187500.015625,-187500.015625,-187500.015625,-187500.015625,-187500.015625,-26275.6386719,0.0
-187500.015625,-187500.015625,-187500.015625,-187500.015625,-187500.015625,-187500.015625,-187500.015625,-26323.7617188,0.0
-187500.015625,-187500.015625,-187500.015625,-187500.015625,-187500.015625,-187500.015625,-187500.015625,-26215.4453125,0.0
-187500.015625,-187500.015625,-187500.015625,-187500.015625,-187500.015625,-187500.015625,-187500.015625,-26152.3242188,0.0
-187500.015625,-187500.015625,-187500.015625,-187500.015625,-187500.015625,-187500.015625,-187500.015625,-26253.1074219,0.0
-187500.015625,-187500.015625,-187500.015625,-187500.015625,-187500.015625,-187500.015625,-187500.015625,-26329.5058594,0.0
-187500.015625,-187500.015625,-187500.015625,-187500.015625,-187500.015625,-187500.015625,-187500.015625,-26234.9804688,0.0
-187500.015625,-187500.015625,-187500.015625,-187500.015625,-187500.015625,-187500.015625,-187500.015625,-26148.2773438,0.0
-187500.015625,-187500.015625,-187500.015625,-187500.015625,-187500.015625,-187500.015625,-187500.015625,-26228.4082031,0.0
-187500.015625,-187500.015625,-187500.015625,-187500.015625,-187500.015625,-187500.015625,-187500.015625,-26329.28125,0.0
-187500.015625,-187500.015625,-187500.015625,-187500.015625,-187500.015625,-187500.015625,-187500.015625,-26253.6210938,0.0
-187500.015625,-187500.015625,-187500.015625,-187500.015625,-187500.015625,-187500.015625,-187500.015625,-26149.8867188,0.0
-187500.015625,-187500.015625,-187500.015625,-187500.015625,-187500.015625,-187500.015625,-187500.015625,-26202.1679688,0.0
-187500.015625,-187500.015625,-187500.015625,-187500.015625,-187500.015625,-187500.015625,-187500.015625,-26312.7421875,0.0
-187500.015625,-187500.015625,-187500.015625,-187500.015625,-187500.015625,-187500.015625,-187500.015625,-26276.375,0.0
-187500.015625,-187500.015625,-187500.015625,-187500.015625,-187500.015625,-187500.015625,-187500.015625,-26158.6269531,0.0
-187500.015625,-187500.015625,-187500.015625,-187500.015625,-187500.015625,-187500.015625,-187500.015625,-26180.4648438,0.0
-187500.015625,-187500.015625,-187500.015625,-187500.015625,-187500.015625,-187500.015625,-187500.015625,-26303.8457031,0.0
-187500.015625,-187500.015625,-187500.015625,-187500.015625,-187500.015625,-187500.015625,-187500.015625,-26294.2578125,0.0
-187500.015625,-187500.015625,-187500.015625,-187500.015625,-187500.015625,-187500.015625,-187500.015625,-26178.296875,0.0
-187500.015625,-187500.015625,-187500.015625,-187500.015625,-187500.015625,-187500.015625,-187500.015625,-26168.5507812,0.0
-187500.015625,-187500.015625,-187500.015625,-187500.015625,-187500.015625,-187500.015625,-187500.015625,-26293.5195312,0.0
-187500.015625,-187500.015625,-187500.015625,-187500.015625,-187500.015625,-187500.015625,-187500.015625,-26312.5625,0.0
-187500.015625,-187500.015625,-187500.015625,-187500.015625,-187500.015625,-187500.015625,-187500.015625,-26188.6230469,0.0
-187500.015625,-187500.015625,-187500.015625,-187500.015625,-187500.015625,-187500.015625,-187500.015625,-26148.8808594,0.0
-187500.015625,-187500.015625,-187500.015625,-187500.015625,-187500.015625,-187500.015625,-187500.015625,-26266.9648438,0.0
-187500.015625,-187500.015625,-187500.015625,-187500.015625,-187500.015625,-187500.015625,-187500.015625,-26323.2480469,0.0
-187500.015625,-187500.015625,-187500.015625,-187500.015625,-187500.015625,-187500.015625,-187500.015625,-26219.625,0.0
-187500.015625,-187500.015625,-187500.015625,-187500.015625,-187500.015625,-187500.015625,-187500.015625,-26150.3554688,0.0
-187500.015625,-187500.015625,-187500.015625,-187500.015625,-187500.015625,-187500.015625,-187500.015625,-26255.8125,0.0
-187500.015625,-187500.015625,-187500.015625,-187500.015625,-187500.015625,-187500.015625,-187500.015625,-26339.9882812,0.0
-187500.015625,-187500.015625,-187500.015625,-187500.015625,-187500.015625,-187500.015625,-187500.015625,-26246.7597656,0.0
-187500.015625,-187500.015625,-187500.015625,-187500.015625,-187500.015625,-187500.015625,-187500.015625,-26160.1914062,0.0
-187500.015625,-187500.015625,-187500.015625,-187500.015625,-187500.015625,-187500.015625,-187500.015625,-26239.2949219,0.0
-187500.015625,-187500.015625,-187500.015625,-187500.015625,-187500.015625,-187500.015625,-187500.015625,-26345.8222656,0.0
-187500.015625,-187500.015625,-187500.015625,-187500.015625,-187500.015625,-187500.015625,-187500.015625,-26284.1757812,0.0
-187500.015625,-187500.015625,-187500.015625,-187500.015625,-187500.015625,-187500.015625,-187500.015625,-26175.1660156,0.0
-187500.015625,-187500.015625,-187500.015625,-187500.015625,-187500.015625,-187500.015625,-187500.015625,-26220.6757812,0.0
-187500.015625,-187500.015625,-187500.015625,-187500.015625,-187500.015625,-187500.015625,-187500.015625,-26333.9082031,0.0
-187500.015625,-187500.015625,-187500.015625,-187500.015625,-187500.015625,-187500.015625,-187500.015625,-26299.7324219,0.0
-187500.015625,-187500.015625,-187500.015625,-187500.015625,-187500.015625,-187500.015625,-187500.015625,-26174.25,0.0
-187500.015625,-187500.015625,-187500.015625,-187500.015625,-187500.015625,-187500.015625,-187500.015625,-26193.0703125,0.0
-187500.015625,-187500.015625,-187500.015625,-187500.015625,-187500.015625,-187500.015625,-187500.015625,-26307.4667969,0.0
-187500.015625,-187500.015625,-187500.015625,-187500.015625,-187500.015625,-187500.015625,-187500.015625,-26306.1484375,0.0
-187500.015625,-187500.015625,-187500.015625,-187500.015625,-187500.015625,-187500.015625,-187500.015625,-26183.3242188,0.0
-187500.015625,-187500.015625,-187500.015625,-187500.015625,-187500.015625,-187500.015625,-187500.015625,-26172.7519531,0.0
-187500.015625,-187500.015625,-187500.015625,-187500.015625,-187500.015625,-187500.015625,-187500.015625,-26292.6699219,0.0
-187500.015625,-187500.015625,-187500.015625,-187500.015625,-187500.015625,-187500.015625,-187500.015625,-26321.0117188,0.0
-187500.015625,-187500.015625,-187500.015625,-187500.015625,-187500.015625,-187500.015625,-187500.015625,-26203.1953125,0.0
-187500.015625,-187500.015625,-187500.015625,-187500.015625,-187500.015625,-187500.015625,-187500.015625,-26159.0058594,0.0
-187500.015625,-187500.015625,-187500.015625,-187500.015625,-187500.015625,-187500.015625,-187500.015625,-26271.5703125,0.0
-187500.015625,-187500.015625,-187500.015625,-187500.015625,-187500.015625,-187500.015625,-187500.015625,-26335.3164062,0.0
-187500.015625,-187500.015625,-187500.015625,-187500.015625,-187500.015625,-187500.015625,-187500.015625,-26231.6953125,0.0
-187500.015625,-187500.015625,-187500.015625,-187500.015625,-187500.015625,-187500.015625,-187500.015625,-26150.7363281,0.0
-187500.015625,-187500.015625,-187500.015625,-187500.015625,-187500.015625,-187500.015625,-187500.015625,-26252.0351562,0.0
-187500.015625,-187500.015625,-187500.015625,-187500.015625,-187500.015625,-187500.015625,-187500.015625,-26343.5195312,0.0
-187500.015625,-187500.015625,-187500.015625,-187500.015625,-187500.015625,-187500.015625,-187500.015625,-26258.3828125,0.0
-187500.015625,-187500.015625,-187500.015625,-187500.015625,-187500.015625,-187500.015625,-187500.015625,-26162.359375,0.0
-187500.015625,-187500.015625,-187500.015625,-187500.015625,-187500.015625,-187500.015625,-187500.015625,-26241.640625,0.0
-187500.015625,-187500.015625,-187500.015625,-187500.015625,-187500.015625,-187500.015625,-187500.015625,-26346.4707031,0.0
-187500.015625,-187500.015625,-187500.015625,-187500.015625,-187500.015625,-187500.015625,-187500.015625,-26285.25,0.0
-187500.015625,-187500.015625,-187500.015625,-187500.015625,-187500.015625,-187500.015625,-187500.015625,-26175.4355469,0.0
-187500.015625,-187500.015625,-187500.015625,-187500.015625,-187500.015625,-187500.015625,-187500.015625,-26223.15625,0.0
-187500.015625,-187500.015625,-187500.015625,-187500.015625,-187500.015625,-187500.015625,-187500.015625,-26340.1679688,0.0
-187500.015625,-187500.015625,-187500.015625,-187500.015625,-187500.015625,-187500.015625,-187500.015625,-26313.7480469,0.0
-187500.015625,-187500.015625,-187500.015625,-187500.015625,-187500.015625,-187500.015625,-187500.015625,-26194.0097656,0.0
-187500.015625,-187500.015625,-187500.015625,-187500.015625,-187500.015625,-187500.015625,-187500.015625,-26208.4707031,0.0
-187500.015625,-187500.015625,-187500.015625,-187500.015625,-187500.015625,-187500.015625,-187500.015625,-26329.7285156,0.0
-187500.015625,-187500.015625,-187500.015625,-187500.015625,-187500.015625,-187500.015625,-187500.015625,-26329.5058594,0.0
-187500.015625,-187500.015625,-187500.015625,-187500.015625,-187500.015625,-187500.015625,-187500.015625,-26204.0234375,0.0
-187500.015625,-187500.015625,-187500.015625,-187500.015625,-187500.015625,-187500.015625,-187500.015625,-26183.6601562,0.0
-187500.015625,-187500.015625,-187500.015625,-187500.015625,-187500.015625,-187500.015625,-187500.015625,-26296.8945312,0.0
-187500.015625,-187500.015625,-187500.015625,-187500.015625,-187500.015625,-187500.015625,-187500.015625,-26331.3378906,0.0
-187500.015625,-187500.015625,-187500.015625,-187500.015625,-187500.015625,-187500.015625,-187500.015625,-26216.4960938,0.0
-187500.015625,-187500.015625,-187500.015625,-187500.015625,-187500.015625,-187500.015625,-187500.015625,-26165.4882812,0.0
-187500.015625,-187500.015625,-187500.015625,-187500.015625,-187500.015625,-187500.015625,-187500.015625,-26271.4355469,0.0
-187500.015625,-187500.015625,-187500.015625,-187500.015625,-187500.015625,-187500.015625,-187500.015625,-26331.1601562,0.0
-187500.015625,-187500.015625,-187500.015625,-187500.015625,-187500.015625,-187500.015625,-187500.015625,-26235.6738281,0.0
-187500.015625,-187500.015625,-187500.015625,-187500.015625,-187500.015625,-187500.015625,-187500.015625,-26158.2695312,0.0
-187500.015625,-187500.015625,-187500.015625,-187500.015625,-187500.015625,-187500.015625,-187500.015625,-26245.4414062,0.0
-187500.015625,-187500.015625,-187500.015625,-187500.015625,-187500.015625,-187500.015625,-187500.015625,-26333.7519531,0.0
-187500.015625,-187500.015625,-187500.015625,-187500.015625,-187500.015625,-187500.015625,-187500.015625,-26256.5722656,0.0
-187500.015625,-187500.015625,-187500.015625,-187500.015625,-187500.015625,-187500.015625,-187500.015625,-26156.5703125,0.0
-187500.015625,-187500.015625,-187500.015625,-187500.015625,-187500.015625,-187500.015625,-187500.015625,-26224.765625,0.0
-187500.015625,-187500.015625,-187500.015625,-187500.015625,-187500.015625,-187500.015625,-187500.015625,-26332.7460938,0.0
-187500.015625,-187500.015625,-187500.015625,-187500.015625,-187500.015625,-187500.015625,-187500.015625,-26276.8457031,0.0
-187500.015625,-187500.015625,-187500.015625,-187500.015625,-187500.015625,-187500.015625,-187500.015625,-26164.8847656,0.0
-187500.015625,-187500.015625,-187500.015625,-187500.015625,-187500.015625,-187500.015625,-187500.015625,-26204.1796875,0.0
-187500.015625,-187500.015625,-187500.015625,-187500.015625,-187500.015625,-187500.015625,-187500.015625,-26322.0410156,0.0
-187500.015625,-187500.015625,-187500.015625,-187500.015625,-187500.015625,-187500.015625,-187500.015625,-26302.3027344,0.0
-187500.015625,-187500.015625,-187500.015625,-187500.015625,-187500.015625,-187500.015625,-187500.015625,-26183.59375,0.0
-187500.015625,-187500.015625,-187500.015625,-187500.015625,-187500.015625,-187500.015625,-187500.015625,-26191.4609375,0.0
-187500.015625,-187500.015625,-187500.015625,-187500.015625,-187500.015625,-187500.015625,-187500.015625,-26328.3203125,0.0
-187500.015625,-187500.015625,-187500.015625,-187500.015625,-187500.015625,-187500.015625,-187500.015625,-26341.1953125,0.0
-187500.015625,-187500.015625,-187500.015625,-187500.015625,-187500.015625,-187500.015625,-187500.015625,-26214.7519531,0.0
-187500.015625,-187500.015625,-187500.015625,-187500.015625,-187500.015625,-187500.015625,-187500.015625,-26188.5546875,0.0
-187500.015625,-187500.015625,-187500.015625,-187500.015625,-187500.015625,-187500.015625,-187500.015625,-26306.3945312,0.0
-187500.015625,-187500.015625,-187500.015625,-187500.015625,-187500.015625,-187500.015625,-187500.015625,-26347.6328125,0.0
-187500.015625,-187500.015625,-187500.015625,-187500.015625,-187500.015625,-187500.015625,-187500.015625,-26236.8808594,0.0
-187500.015625,-187500.015625,-187500.015625,-187500.015625,-187500.015625,-187500.015625,-187500.015625,-26185.1582031,0.0
-187500.015625,-187500.015625,-187500.015625,-187500.015625,-187500.015625,-187500.015625,-187500.015625,-26276.0625,0.0
-187500.015625,-187500.015625,-187500.015625,-187500.015625,-187500.015625,-187500.015625,-187500.015625,-26338.4902344,0.0
-187500.015625,-187500.015625,-187500.015625,-187500.015625,-187500.015625,-187500.015625,-187500.015625,-26241.0820312,0.0
-187500.015625,-187500.015625,-187500.015625,-187500.015625,-187500.015625,-187500.015625,-187500.015625,-26164.9296875,0.0
-187500.015625,-187500.015625,-187500.015625,-187500.015625,-187500.015625,-187500.015625,-187500.015625,-26251.1621094,0.0
-187500.015625,-187500.015625,-187500.015625,-187500.015625,-187500.015625,-187500.015625,-187500.015625,-26343.9003906,0.0
-187500.015625,-187500.015625,-187500.015625,-187500.015625,-187500.015625,-187500.015625,-187500.015625,-26282.1425781,0.0
-187500.015625,-187500.015625,-187500.015625,-187500.015625,-187500.015625,-187500.015625,-187500.015625,-26177.2910156,0.0
-187500.015625,-187500.015625,-187500.015625,-187500.015625,-187500.015625,-187500.015625,-187500.015625,-26236.8574219,0.0
-187500.015625,-187500.015625,-187500.015625,-187500.015625,-187500.015625,-187500.015625,-187500.015625,-26344.078125,0.0
-187500.015625,-187500.015625,-187500.015625,-187500.015625,-187500.015625,-187500.015625,-187500.015625,-26296.0683594,0.0
-187500.015625,-187500.015625,-187500.015625,-187500.015625,-187500.015625,-187500.015625,-187500.015625,-26176.015625,0.0
-187500.015625,-187500.015625,-187500.015625,-187500.015625,-187500.015625,-187500.015625,-187500.015625,-26210.9296875,0.0
-187500.015625,-187500.015625,-187500.015625,-187500.015625,-187500.015625,-187500.015625,-187500.015625,-26330.0195312,0.0
-187500.015625,-187500.015625,-187500.015625,-187500.015625,-187500.015625,-187500.015625,-187500.015625,-26313.7246094,0.0
-187500.015625,-187500.015625,-187500.015625,-187500.015625,-187500.015625,-187500.015625,-187500.015625,-26185.6269531,0.0
-187500.015625,-187500.015625,-187500.015625,-187500.015625,-187500.015625,-187500.015625,-187500.015625,-26193.5175781,0.0
-187500.015625,-187500.015625,-187500.015625,-187500.015625,-187500.015625,-187500.015625,-187500.015625,-26315.1113281,0.0
-187500.015625,-187500.015625,-187500.015625,-187500.015625,-187500.015625,-187500.015625,-187500.015625,-26324.3203125,0.0
-187500.015625,-187500.015625,-187500.015625,-187500.015625,-187500.015625,-187500.015625,-187500.015625,-26199.3515625,0.0
-187500.015625,-187500.015625,-187500.015625,-187500.015625,-187500.015625,-187500.015625,-187500.015625,-26170.5625,0.0
-187500.015625,-187500.015625,-187500.015625,-187500.015625,-187500.015625,-187500.015625,-187500.015625,-26290.1445312,0.0
-187500.015625,-187500.015625,-187500.015625,-187500.015625,-187500.015625,-187500.015625,-187500.015625,-26339.0273438,0.0
-187500.015625,-187500.015625,-187500.015625,-187500.015625,-187500.015625,-187500.015625,-187500.015625,-26221.9042969,0.0
-187500.015625,-187500.015625,-187500.015625,-187500.015625,-187500.015625,-187500.015625,-187500.015625,-26155.6992188,0.0
-187500.015625,-187500.015625,-187500.015625,-187500.015625,-187500.015625,-187500.015625,-187500.015625,-26260.8632812,0.0
-187500.015625,-187500.015625,-187500.015625,-187500.015625,-187500.015625,-187500.015625,-187500.015625,-26336.6796875,0.0
-187500.015625,-187500.015625,-187500.015625,-187500.015625,-187500.015625,-187500.015625,-187500.015625,-26247.2949219,0.0
-187500.015625,-187500.015625,-187500.015625,-187500.015625,-187500.015625,-187500.015625,-187500.015625,-26166.0917969,0.0
-187500.015625,-187500.015625,-187500.015625,-187500.015625,-187500.015625,-187500.015625,-187500.015625,-26247.4082031,0.0
-187500.015625,-187500.015625,-187500.015625,-187500.015625,-187500.015625,-187500.015625,-187500.015625,-26340.390625,0.0
-187500.015625,-187500.015625,-187500.015625,-187500.015625,-187500.015625,-187500.015625,-187500.015625,-26267.234375,0.0
-187500.015625,-187500.015625,-187500.015625,-187500.015625,-187500.015625,-187500.015625,-187500.015625,-26165.4882812,0.0
-187500.015625,-187500.015625,-187500.015625,-187500.015625,-187500.015625,-187500.015625,-187500.015625,-26222.0390625,0.0
-187500.015625,-187500.015625,-187500.015625,-187500.015625,-187500.015625,-187500.015625,-187500.015625,-26335.9199219,0.0
-187500.015625,-187500.015625,-187500.015625,-187500.015625,-187500.015625,-187500.015625,-187500.015625,-26294.3242188,0.0
-187500.015625,-187500.015625,-187500.015625,-187500.015625,-187500.015625,-187500.015625,-187500.015625,-26173.4238281,0.0
-187500.015625,-187500.015625,-187500.015625,-187500.015625,-187500.015625,-187500.015625,-187500.015625,-26205.3183594,0.0
-187500.015625,-187500.015625,-187500.015625,-187500.015625,-187500.015625,-187500.015625,-187500.015625,-26328.6347656,0.0
-187500.015625,-187500.015625,-187500.015625,-187500.015625,-187500.015625,-187500.015625,-187500.015625,-26319.3125,0.0
-187500.015625,-187500.015625,-187500.015625,-187500.015625,-187500.015625,-187500.015625,-187500.015625,-26193.7851562,0.0
-187500.015625,-187500.015625,-187500.015625,-187500.015625,-187500.015625,-187500.015625,-187500.015625,-26182.0507812,0.0
-187500.015625,-187500.015625,-187500.015625,-187500.015625,-187500.015625,-187500.015625,-187500.015625,-26306.0371094,0.0
-187500.015625,-187500.015625,-187500.015625,-187500.015625,-187500.015625,-187500.015625,-187500.015625,-26334.7128906,0.0
-187500.015625,-187500.015625,-187500.015625,-187500.015625,-187500.015625,-187500.015625,-187500.015625,-26216.9648438,0.0
-187500.015625,-187500.015625,-187500.015625,-187500.015625,-187500.015625,-187500.015625,-187500.015625,-26178.6757812,0.0
-187500.015625,-187500.015625,-187500.015625,-187500.015625,-187500.015625,-187500.015625,-187500.015625,-26297.765625,0.0
-187500.015625,-187500.015625,-187500.015625,-187500.015625,-187500.015625,-187500.015625,-187500.015625,-26354.3828125,0.0
-187500.015625,-187500.015625,-187500.015625,-187500.015625,-187500.015625,-187500.015625,-187500.015625,-26242.0429688,0.0
-187500.015625,-187500.015625,-187500.015625,-187500.015625,-187500.015625,-187500.015625,-187500.015625,-26168.6171875,0.0
-187500.015625,-187500.015625,-187500.015625,-187500.015625,-187500.015625,-187500.015625,-187500.015625,-26274.7207031,0.0
-187500.015625,-187500.015625,-187500.015625,-187500.015625,-187500.015625,-187500.015625,-187500.015625,-26349.0625,0.0
-187500.015625,-187500.015625,-187500.015625,-187500.015625,-187500.015625,-187500.015625,-187500.015625,-26257.890625,0.0
-187500.015625,-187500.015625,-187500.015625,-187500.015625,-187500.015625,-187500.015625,-187500.015625,-26163.5878906,0.0
-187500.015625,-187500.015625,-187500.015625,-187500.015625,-187500.015625,-187500.015625,-187500.015625,-26242.3339844,0.0
-187500.015625,-187500.015625,-187500.015625,-187500.015625,-187500.015625,-187500.015625,-187500.015625,-26344.7714844,0.0
-187500.015625,-187500.015625,-187500.015625,-187500.015625,-187500.015625,-187500.015625,-187500.015625,-26275.1015625,0.0
-187500.015625,-187500.015625,-187500.015625,-187500.015625,-187500.015625,-187500.015625,-187500.015625,-26164.5488281,0.0
-187500.015625,-187500.015625,-187500.015625,-187500.015625,-187500.015625,-187500.015625,-187500.015625,-26218.5292969,0.0
-187500.015625,-187500.015625,-187500.015625,-187500.015625,-187500.015625,-187500.015625,-187500.015625,-26330.4453125,0.0
-187500.015625,-187500.015625,-187500.015625,-187500.015625,-187500.015625,-187500.015625,-187500.015625,-26294.7714844,0.0
-187500.015625,-187500.015625,-187500.015625,-187500.015625,-187500.015625,-187500.015625,-187500.015625,-26175.8828125,0.0
-187500.015625,-187500.015625,-187500.015625,-187500.015625,-187500.015625,-187500.015625,-187500.015625,-26200.0449219,0.0
-187500.015625,-187500.015625,-187500.015625,-187500.015625,-187500.015625,-187500.015625,-187500.015625,-26321.3476562,0.0
-187500.015625,-187500.015625,-187500.015625,-187500.015625,-187500.015625,-187500.015625,-187500.015625,-26318.1738281,0.0
-187500.015625,-187500.015625,-187500.015625,-187500.015625,-187500.015625,-187500.015625,-187500.015625,-26198.9707031,0.0
-187500.015625,-187500.015625,-187500.015625,-187500.015625,-187500.015625,-187500.015625,-187500.015625,-26186.6328125,0.0
-187500.015625,-187500.015625,-187500.015625,-187500.015625,-187500.015625,-187500.015625,-187500.015625,-26306.5722656,0.0
-187500.015625,-187500.015625,-187500.015625,-187500.015625,-187500.015625,-187500.015625,-187500.015625,-26332.2773438,0.0
-187500.015625,-187500.015625,-187500.015625,-187500.015625,-187500.015625,-187500.015625,-187500.015625,-26217.1660156,0.0
-187500.015625,-187500.015625,-187500.015625,-187500.015625,-187500.015625,-187500.015625,-187500.015625,-26171.6582031,0.0
-187500.015625,-187500.015625,-187500.015625,-187500.015625,-187500.015625,-187500.015625,-187500.015625,-26281.0253906,0.0
-187500.015625,-187500.015625,-187500.015625,-187500.015625,-187500.015625,-187500.015625,-187500.015625,-26341.4414062,0.0
-187500.015625,-187500.015625,-187500.015625,-187500.015625,-187500.015625,-187500.015625,-187500.015625,-26233.90625,0.0
-187500.015625,-187500.015625,-187500.015625,-187500.015625,-187500.015625,-187500.015625,-187500.015625,-26161.4648438,0.0
-187500.015625,-187500.015625,-187500.015625,-187500.015625,-187500.015625,-187500.015625,-187500.015625,-26257.2871094,0.0
-187500.015625,-187500.015625,-187500.015625,-187500.015625,-187500.015625,-187500.015625,-187500.015625,-26338.625,0.0
-187500.015625,-187500.015625,-187500.015625,-187500.015625,-187500.015625,-187500.015625,-187500.015625,-26256.3476562,0.0
-187500.015625,-187500.015625,-187500.015625,-187500.015625,-187500.015625,-187500.015625,-187500.015625,-26161.0859375,0.0
-187500.015625,-187500.015625,-187500.015625,-187500.015625,-187500.015625,-187500.015625,-187500.015625,-26232.3652344,0.0
-187500.015625,-187500.015625,-187500.015625,-187500.015625,-187500.015625,-187500.015625,-187500.015625,-26335.4960938,0.0
-187500.015625,-187500.015625,-187500.015625,-187500.015625,-187500.015625,-187500.015625,-187500.015625,-26277.6503906,0.0
-187500.015625,-187500.015625,-187500.015625,-187500.015625,-187500.015625,-187500.015625,-187500.015625,-26169.4003906,0.0
-187500.015625,-187500.015625,-187500.015625,-187500.015625,-187500.015625,-187500.015625,-187500.015625,-26219.4453125,0.0
-187500.015625,-187500.015625,-187500.015625,-187500.015625,-187500.015625,-187500.015625,-187500.015625,-26340.2128906,0.0
-187500.015625,-187500.015625,-187500.015625,-187500.015625,-187500.015625,-187500.015625,-187500.015625,-26305.03125,0.0
-187500.015625,-187500.015625,-187500.015625,-187500.015625,-187500.015625,-187500.015625,-187500.015625,-26184.7109375,0.0
-187500.015625,-187500.015625,-187500.015625,-187500.015625,-187500.015625,-187500.015625,-187500.015625,-26200.5585938,0.0
-187500.015625,-187500.015625,-187500.015625,-187500.015625,-187500.015625,-187500.015625,-187500.015625,-26317.9277344,0.0
-187500.015625,-187500.015625,-187500.015625,-187500.015625,-187500.015625,-187500.015625,-187500.015625,-26314.2402344,0.0
-187500.015625,-187500.015625,-187500.015625,-187500.015625,-187500.015625,-187500.015625,-187500.015625,-26197.2949219,0.0
-187500.015625,-187500.015625,-187500.015625,-187500.015625,-187500.015625,-187500.015625,-187500.015625,-26179.9726562,0.0
-187500.015625,-187500.015625,-187500.015625,-187500.015625,-187500.015625,-187500.015625,-187500.015625,-26299.375,0.0
-187500.015625,-187500.015625,-187500.015625,-187500.015625,-187500.015625,-187500.015625,-187500.015625,-26327.6503906,0.0
-187500.015625,-187500.015625,-187500.015625,-187500.015625,-187500.015625,-187500.015625,-187500.015625,-26210.6835938,0.0
-187500.015625,-187500.015625,-187500.015625,-187500.015625,-187500.015625,-187500.015625,-187500.015625,-26168.2597656,0.0
-187500.015625,-187500.015625,-187500.015625,-187500.015625,-187500.015625,-187500.015625,-187500.015625,-26268.2832031,0.0
-187500.015625,-187500.015625,-187500.015625,-187500.015625,-187500.015625,-187500.015625,-187500.015625,-26328.5214844,0.0
-187500.015625,-187500.015625,-187500.015625,-187500.015625,-187500.015625,-187500.015625,-187500.015625,-26227.0,0.0
-187500.015625,-187500.015625,-187500.015625,-187500.015625,-187500.015625,-187500.015625,-187500.015625,-26156.1445312,0.0
-187500.015625,-187500.015625,-187500.015625,-187500.015625,-187500.015625,-187500.015625,-187500.015625,-26255.6113281,0.0
-187500.015625,-187500.015625,-187500.015625,-187500.015625,-187500.015625,-187500.015625,-187500.015625,-26338.1328125,0.0
-187500.015625,-187500.015625,-187500.015625,-187500.015625,-187500.015625,-187500.015625,-187500.015625,-26256.5722656,0.0
-187500.015625,-187500.015625,-187500.015625,-187500.015625,-187500.015625,-187500.015625,-187500.015625,-26166.8300781,0.0
-187500.015625,-187500.015625,-187500.015625,-187500.015625,-187500.015625,-187500.015625,-187500.015625,-26233.2597656,0.0
-187500.015625,-187500.015625,-187500.015625,-187500.015625,-187500.015625,-187500.015625,-187500.015625,-26329.0371094,0.0
-187500.015625,-187500.015625,-187500.015625,-187500.015625,-187500.015625,-187500.015625,-187500.015625,-26281.0019531,0.0
-187500.015625,-187500.015625,-187500.015625,-187500.015625,-187500.015625,-187500.015625,-187500.015625,-26166.2265625,0.0
-187500.015625,-187500.015625,-187500.015625,-187500.015625,-187500.015625,-187500.015625,-187500.015625,-26207.2636719,0.0
-187500.015625,-187500.015625,-187500.015625,-187500.015625,-187500.015625,-187500.015625,-187500.015625,-26318.9335938,0.0
-187500.015625,-187500.015625,-187500.015625,-187500.015625,-187500.015625,-187500.015625,-187500.015625,-26291.4628906,0.0
-187500.015625,-187500.015625,-187500.015625,-187500.015625,-187500.015625,-187500.015625,-187500.015625,-26178.5195312,0.0
-187500.015625,-187500.015625,-187500.015625,-187500.015625,-187500.015625,-187500.015625,-187500.015625,-26188.6894531,0.0
-187500.015625,-187500.015625,-187500.015625,-187500.015625,-187500.015625,-187500.015625,-187500.015625,-26314.3964844,0.0
-187500.015625,-187500.015625,-187500.015625,-187500.015625,-187500.015625,-187500.015625,-187500.015625,-26316.8320312,0.0
-187500.015625,-187500.015625,-187500.015625,-187500.015625,-187500.015625,-187500.015625,-187500.015625,-26191.9082031,0.0
-187500.015625,-187500.015625,-187500.015625,-187500.015625,-187500.015625,-187500.015625,-187500.015625,-26175.8828125,0.0
-187500.015625,-187500.015625,-187500.015625,-187500.015625,-187500.015625,-187500.015625,-187500.015625,-26293.0507812,0.0
-187500.015625,-187500.015625,-187500.015625,-187500.015625,-187500.015625,-187500.015625,-187500.015625,-26330.421875,0.0
-187500.015625,-187500.015625,-187500.015625,-187500.015625,-187500.015625,-187500.015625,-187500.015625,-26218.3496094,0.0
-187500.015625,-187500.015625,-187500.015625,-187500.015625,-187500.015625,-187500.015625,-187500.015625,-26171.3886719,0.0
-187500.015625,-187500.015625,-187500.015625,-187500.015625,-187500.015625,-187500.015625,-187500.015625,-26274.609375,0.0
-187500.015625,-187500.015625,-187500.015625,-187500.015625,-187500.015625,-187500.015625,-187500.015625,-26345.8457031,0.0
-187500.015625,-187500.015625,-187500.015625,-187500.015625,-187500.015625,-187500.015625,-187500.015625,-26250.7382812,0.0
-187500.015625,-187500.015625,-187500.015625,-187500.015625,-187500.015625,-187500.015625,-187500.015625,-26168.953125,0.0
-187500.015625,-187500.015625,-187500.015625,-187500.015625,-187500.015625,-187500.015625,-187500.015625,-26263.4570312,0.0
-187500.015625,-187500.015625,-187500.015625,-187500.015625,-187500.015625,-187500.015625,-187500.015625,-26353.5566406,0.0
-187500.015625,-187500.015625,-187500.015625,-187500.015625,-187500.015625,-187500.015625,-187500.015625,-26270.09375,0.0
-187500.015625,-187500.015625,-187500.015625,-187500.015625,-187500.015625,-187500.015625,-187500.015625,-26166.4941406,0.0
-187500.015625,-187500.015625,-187500.015625,-187500.015625,-187500.015625,-187500.015625,-187500.015625,-26229.9511719,0.0
-187500.015625,-187500.015625,-187500.015625,-187500.015625,-187500.015625,-187500.015625,-187500.015625,-26340.8828125,0.0
-187500.015625,-187500.015625,-187500.015625,-187500.015625,-187500.015625,-187500.015625,-187500.015625,-26289.5859375,0.0
-187500.015625,-187500.015625,-187500.015625,-187500.015625,-187500.015625,-187500.015625,-187500.015625,-26173.2226562,0.0
-187500.015625,-187500.015625,-187500.015625,-187500.015625,-187500.015625,-187500.015625,-187500.015625,-26211.8242188,0.0
-187500.015625,-187500.015625,-187500.015625,-187500.015625,-187500.015625,-187500.015625,-187500.015625,-26330.890625,0.0
-187500.015625,-187500.015625,-187500.015625,-187500.015625,-187500.015625,-187500.015625,-187500.015625,-26304.5605469,0.0
-187500.015625,-187500.015625,-187500.015625,-187500.015625,-187500.015625,-187500.015625,-187500.015625,-26182.2070312,0.0
-187500.015625,-187500.015625,-187500.015625,-187500.015625,-187500.015625,-187500.015625,-187500.015625,-26190.6796875,0.0
-187500.015625,-187500.015625,-187500.015625,-187500.015625,-187500.015625,-187500.015625,-187500.015625,-26314.4628906,0.0
-187500.015625,-187500.015625,-187500.015625,-187500.015625,-187500.015625,-187500.015625,-187500.015625,-26326.8242188,0.0
-187500.015625,-187500.015625,-187500.015625,-187500.015625,-187500.015625,-187500.015625,-187500.015625,-26209.65625,0.0
-187500.015625,-187500.015625,-187500.015625,-187500.015625,-187500.015625,-187500.015625,-187500.015625,-26184.9121094,0.0
-187500.015625,-187500.015625,-187500.015625,-187500.015625,-187500.015625,-187500.015625,-187500.015625,-26300.7167969,0.0
-187500.015625,-187500.015625,-187500.015625,-187500.015625,-187500.015625,-187500.015625,-187500.015625,-26342.4257812,0.0
-187500.015625,-187500.015625,-187500.015625,-187500.015625,-187500.015625,-187500.015625,-187500.015625,-26228.7890625,0.0
-187500.015625,-187500.015625,-187500.015625,-187500.015625,-187500.015625,-187500.015625,-187500.015625,-26171.9042969,0.0
-187500.015625,-187500.015625,-187500.015625,-187500.015625,-187500.015625,-187500.015625,-187500.015625,-26286.9023438,0.0
-187500.015625,-187500.015625,-187500.015625,-187500.015625,-187500.015625,-187500.015625,-187500.015625,-26352.3945312,0.0
-187500.015625,-187500.015625,-187500.015625,-187500.015625,-187500.015625,-187500.015625,-187500.015625,-26248.234375,0.0
-187500.015625,-187500.015625,-187500.015625,-187500.015625,-187500.015625,-187500.015625,-187500.015625,-26166.1152344,0.0
-187500.015625,-187500.015625,-187500.015625,-187500.015625,-187500.015625,-187500.015625,-187500.015625,-26255.7890625,0.0
-187500.015625,-187500.015625,-187500.015625,-187500.015625,-187500.015625,-187500.015625,-187500.015625,-26348.3476562,0.0
-187500.015625,-187500.015625,-187500.015625,-187500.015625,-187500.015625,-187500.015625,-187500.015625,-26282.1191406,0.0
-187500.015625,-187500.015625,-187500.015625,-187500.015625,-187500.015625,-187500.015625,-187500.015625,-26183.4589844,0.0
-187500.015625,-187500.015625,-187500.015625,-187500.015625,-187500.015625,-187500.015625,-187500.015625,-26246.5585938,0.0
-187500.015625,-187500.015625,-187500.015625,-187500.015625,-187500.015625,-187500.015625,-187500.015625,-26354.7402344,0.0
-187500.015625,-187500.015625,-187500.015625,-187500.015625,-187500.015625,-187500.015625,-187500.015625,-26308.0488281,0.0
-187500.015625,-187500.015625,-187500.015625,-187500.015625,-187500.015625,-187500.015625,-187500.015625,-26192.6914062,0.0
-187500.015625,-187500.015625,-187500.015625,-187500.015625,-187500.015625,-187500.015625,-187500.015625,-26220.4960938,0.0
-187500.015625,-187500.015625,-187500.015625,-187500.015625,-187500.015625,-187500.015625,-187500.015625,-26344.9277344,0.0
-187500.015625,-187500.015625,-187500.015625,-187500.015625,-187500.015625,-187500.015625,-187500.015625,-26316.2285156,0.0
-187500.015625,-187500.015625,-187500.015625,-187500.015625,-187500.015625,-187500.015625,-187500.015625,-26187.0136719,0.0
-187500.015625,-187500.015625,-187500.015625,-187500.015625,-187500.015625,-187500.015625,-187500.015625,-26188.7792969,0.0
-187500.015625,-187500.015625,-187500.015625,-187500.015625,-187500.015625,-187500.015625,-187500.015625,-26309.3671875,0.0
-187500.015625,-187500.015625,-187500.015625,-187500.015625,-187500.015625,-187500.015625,-187500.015625,-26320.8339844,0.0
-187500.015625,-187500.015625,-187500.015625,-187500.015625,-187500.015625,-187500.015625,-187500.015625,-26200.0664062,0.0
-187500.015625,-187500.015625,-187500.015625,-187500.015625,-187500.015625,-187500.015625,-187500.015625,-26166.5605469,0.0
-187500.015625,-187500.015625,-187500.015625,-187500.015625,-187500.015625,-187500.015625,-187500.015625,-26283.8417969,0.0
-187500.015625,-187500.015625,-187500.015625,-187500.015625,-187500.015625,-187500.015625,-187500.015625,-26323.7382812,0.0
-187500.015625,-187500.015625,-187500.015625,-187500.015625,-187500.015625,-187500.015625,-187500.015625,-26212.9414062,0.0
-187500.015625,-187500.015625,-187500.015625,-187500.015625,-187500.015625,-187500.015625,-187500.015625,-26154.9824219,0.0
-187500.015625,-187500.015625,-187500.015625,-187500.015625,-187500.015625,-187500.015625,-187500.015625,-26262.3828125,0.0
-187500.015625,-187500.015625,-187500.015625,-187500.015625,-187500.015625,-187500.015625,-187500.015625,-26337.5976562,0.0
-187500.015625,-187500.015625,-187500.015625,-187500.015625,-187500.015625,-187500.015625,-187500.015625,-26247.921875,0.0
-187500.015625,-187500.015625,-187500.015625,-187500.015625,-187500.015625,-187500.015625,-187500.015625,-26160.2363281,0.0
-187500.015625,-187500.015625,-187500.015625,-187500.015625,-187500.015625,-187500.015625,-187500.015625,-26241.6640625,0.0
-187500.015625,-187500.015625,-187500.015625,-187500.015625,-187500.015625,-187500.015625,-187500.015625,-26340.7480469,0.0
-187500.015625,-187500.015625,-187500.015625,-187500.015625,-187500.015625,-187500.015625,-187500.015625,-26269.6035156,0.0
-187500.015625,-187500.015625,-187500.015625,-187500.015625,-187500.015625,-187500.015625,-187500.015625,-26171.5234375,0.0
-187500.015625,-187500.015625,-187500.015625,-187500.015625,-187500.015625,-187500.015625,-187500.015625,-26228.6328125,0.0
-187500.015625,-187500.015625,-187500.015625,-187500.015625,-187500.015625,-187500.015625,-187500.015625,-26332.3671875,0.0
-187500.015625,-187500.015625,-187500.015625,-187500.015625,-187500.015625,-187500.015625,-187500.015625,-26294.4355469,0.0
-187500.015625,-187500.015625,-187500.015625,-187500.015625,-187500.015625,-187500.015625,-187500.015625,-26177.3339844,0.0
-187500.015625,-187500.015625,-187500.015625,-187500.015625,-187500.015625,-187500.015625,-187500.015625,-26206.1230469,0.0
-187500.015625,-187500.015625,-187500.015625,-187500.015625,-187500.015625,-187500.015625,-187500.015625,-26331.3378906,0.0
-187500.015625,-187500.015625,-187500.015625,-187500.015625,-187500.015625,-187500.015625,-187500.015625,-26318.4863281,0.0
-187500.015625,-187500.015625,-187500.015625,-187500.015625,-187500.015625,-187500.015625,-187500.015625,-26197.5175781,0.0
-187500.015625,-187500.015625,-187500.015625,-187500.015625,-187500.015625,-187500.015625,-187500.015625,-26190.4785156,0.0
-187500.015625,-187500.015625,-187500.015625,-187500.015625,-187500.015625,-187500.015625,-187500.015625,-26315.1113281,0.0
-187500.015625,-187500.015625,-187500.015625,-187500.015625,-187500.015625,-187500.015625,-187500.015625,-26335.5175781,0.0
-187500.015625,-187500.015625,-187500.015625,-187500.015625,-187500.015625,-187500.015625,-187500.015625,-26215.3320312,0.0
-187500.015625,-187500.015625,-187500.015625,-187500.015625,-187500.015625,-187500.015625,-187500.015625,-26177.2910156,0.0
-187500.015625,-187500.015625,-187500.015625,-187500.015625,-187500.015625,-187500.015625,-187500.015625,-26291.8867188,0.0
-187500.015625,-187500.015625,-187500.015625,-187500.015625,-187500.015625,-187500.015625,-187500.015625,-26344.0117188,0.0
-187500.015625,-187500.015625,-187500.015625,-187500.015625,-187500.015625,-187500.015625,-187500.015625,-26242.3105469,0.0
-187500.015625,-187500.015625,-187500.015625,-187500.015625,-187500.015625,-187500.015625,-187500.015625,-26181.6269531,0.0
-187500.015625,-187500.015625,-187500.015625,-187500.015625,-187500.015625,-187500.015625,-187500.015625,-26284.6679688,0.0
-187500.015625,-187500.015625,-187500.015625,-187500.015625,-187500.015625,-187500.015625,-187500.015625,-26362.7871094,0.0
-187500.015625,-187500.015625,-187500.015625,-187500.015625,-187500.015625,-187500.015625,-187500.015625,-26273.2246094,0.0
-187500.015625,-187500.015625,-187500.015625,-187500.015625,-187500.015625,-187500.015625,-187500.015625,-26185.1347656,0.0
-187500.015625,-187500.015625,-187500.015625,-187500.015625,-187500.015625,-187500.015625,-187500.015625,-26258.0253906,0.0
-187500.015625,-187500.015625,-187500.015625,-187500.015625,-187500.015625,-187500.015625,-187500.015625,-26358.7636719,0.0
-187500.015625,-187500.015625,-187500.015625,-187500.015625,-187500.015625,-187500.015625,-187500.015625,-26293.1621094,0.0
-187500.015625,-187500.015625,-187500.015625,-187500.015625,-187500.015625,-187500.015625,-187500.015625,-26187.2363281,0.0
-187500.015625,-187500.015625,-187500.015625,-187500.015625,-187500.015625,-187500.015625,-187500.015625,-26236.8359375,0.0
-187500.015625,-187500.015625,-187500.015625,-187500.015625,-187500.015625,-187500.015625,-187500.015625,-26344.1914062,0.0
-187500.015625,-187500.015625,-187500.015625,-187500.015625,-187500.015625,-187500.015625,-187500.015625,-26304.4042969,0.0
-187500.015625,-187500.015625,-187500.015625,-187500.015625,-187500.015625,-187500.015625,-187500.015625,-26189.5390625,0.0
-187500.015625,-187500.015625,-187500.015625,-187500.015625,-187500.015625,-187500.015625,-187500.015625,-26208.9394531,0.0
-187500.015625,-187500.015625,-187500.015625,-187500.015625,-187500.015625,-187500.015625,-187500.015625,-26332.0097656,0.0
-187500.015625,-187500.015625,-187500.015625,-187500.015625,-187500.015625,-187500.015625,-187500.015625,-26324.1640625,0.0
-187500.015625,-187500.015625,-187500.015625,-187500.015625,-187500.015625,-187500.015625,-187500.015625,-26202.9941406,0.0
-187500.015625,-187500.015625,-187500.015625,-187500.015625,-187500.015625,-187500.015625,-187500.015625,-26194.703125,0.0
-187500.015625,-187500.015625,-187500.015625,-187500.015625,-187500.015625,-187500.015625,-187500.015625,-26319.9609375,0.0
-187500.015625,-187500.015625,-187500.015625,-187500.015625,-187500.015625,-187500.015625,-187500.015625,-26335.3164062,0.0
-187500.015625,-187500.015625,-187500.015625,-187500.015625,-187500.015625,-187500.015625,-187500.015625,-26220.3847656,0.0
-187500.015625,-187500.015625,-187500.015625,-187500.015625,-187500.015625,-187500.015625,-187500.015625,-26174.1835938,0.0
-187500.015625,-187500.015625,-187500.015625,-187500.015625,-187500.015625,-187500.015625,-187500.015625,-26285.9414062,0.0
-187500.015625,-187500.015625,-187500.015625,-187500.015625,-187500.015625,-187500.015625,-187500.015625,-26342.4472656,0.0
-187500.015625,-187500.015625,-187500.015625,-187500.015625,-187500.015625,-187500.015625,-187500.015625,-26237.5273438,0.0
-187500.015625,-187500.015625,-187500.015625,-187500.015625,-187500.015625,-187500.015625,-187500.015625,-26168.5292969,0.0
-187500.015625,-187500.015625,-187500.015625,-187500.015625,-187500.015625,-187500.015625,-187500.015625,-26266.8984375,0.0
-187500.015625,-187500.015625,-187500.015625,-187500.015625,-187500.015625,-187500.015625,-187500.015625,-26343.5878906,0.0
-187500.015625,-187500.015625,-187500.015625,-187500.015625,-187500.015625,-187500.015625,-187500.015625,-26257.5332031,0.0
-187500.015625,-187500.015625,-187500.015625,-187500.015625,-187500.015625,-187500.015625,-187500.015625,-26152.1230469,0.0
-187500.015625,-187500.015625,-187500.015625,-187500.015625,-187500.015625,-187500.015625,-187500.015625,-26231.2695312,0.0
-187500.015625,-187500.015625,-187500.015625,-187500.015625,-187500.015625,-187500.015625,-187500.015625,-26339.9882812,0.0
-187500.015625,-187500.015625,-187500.015625,-187500.015625,-187500.015625,-187500.015625,-187500.015625,-26287.2167969,0.0
-187500.015625,-187500.015625,-187500.015625,-187500.015625,-187500.015625,-187500.015625,-187500.015625,-26175.2109375,0.0
-187500.015625,-187500.015625,-187500.015625,-187500.015625,-187500.015625,-187500.015625,-187500.015625,-26222.1269531,0.0
-187500.015625,-187500.015625,-187500.015625,-187500.015625,-187500.015625,-187500.015625,-187500.015625,-26338.0878906,0.0
-187500.015625,-187500.015625,-187500.015625,-187500.015625,-187500.015625,-187500.015625,-187500.015625,-26313.6367188,0.0
-187500.015625,-187500.015625,-187500.015625,-187500.015625,-187500.015625,-187500.015625,-187500.015625,-26199.0605469,0.0
-187500.015625,-187500.015625,-187500.015625,-187500.015625,-187500.015625,-187500.015625,-187500.015625,-26213.3886719,0.0
-187500.015625,-187500.015625,-187500.015625,-187500.015625,-187500.015625,-187500.015625,-187500.015625,-26334.3554688,0.0
-187500.015625,-187500.015625,-187500.015625,-187500.015625,-187500.015625,-187500.015625,-187500.015625,-26333.0371094,0.0
-187500.015625,-187500.015625,-187500.015625,-187500.015625,-187500.015625,-187500.015625,-187500.015625,-26204.5820312,0.0
-187500.015625,-187500.015625,-187500.015625,-187500.015625,-187500.015625,-187500.015625,-187500.015625,-26192.4667969,0.0
-187500.015625,-187500.015625,-187500.015625,-187500.015625,-187500.015625,-187500.015625,-187500.015625,-26314.6855469,0.0
-187500.015625,-187500.015625,-187500.015625,-187500.015625,-187500.015625,-187500.015625,-187500.015625,-26346.0898438,0.0
-187500.015625,-187500.015625,-187500.015625,-187500.015625,-187500.015625,-187500.015625,-187500.015625,-26230.0175781,0.0
-187500.015625,-187500.015625,-187500.015625,-187500.015625,-187500.015625,-187500.015625,-187500.015625,-26181.9394531,0.0
-187500.015625,-187500.015625,-187500.015625,-187500.015625,-187500.015625,-187500.015625,-187500.015625,-26291.7753906,0.0
-187500.015625,-187500.015625,-187500.015625,-187500.015625,-187500.015625,-187500.015625,-187500.015625,-26349.9804688,0.0
-187500.015625,-187500.015625,-187500.015625,-187500.015625,-187500.015625,-187500.015625,-187500.015625,-26246.8496094,0.0
-187500.015625,-187500.015625,-187500.015625,-187500.015625,-187500.015625,-187500.015625,-187500.015625,-26176.5527344,0.0
-187500.015625,-187500.015625,-187500.015625,-187500.015625,-187500.015625,-187500.015625,-187500.015625,-26263.0976562,0.0
-187500.015625,-187500.015625,-187500.015625,-187500.015625,-187500.015625,-187500.015625,-187500.015625,-26348.6386719,0.0
-187500.015625,-187500.015625,-187500.015625,-187500.015625,-187500.015625,-187500.015625,-187500.015625,-26266.3398438,0.0
-187500.015625,-187500.015625,-187500.015625,-187500.015625,-187500.015625,-187500.015625,-187500.015625,-26167.4550781,0.0
-187500.015625,-187500.015625,-187500.015625,-187500.015625,-187500.015625,-187500.015625,-187500.015625,-26237.953125,0.0
-187500.015625,-187500.015625,-187500.015625,-187500.015625,-187500.015625,-187500.015625,-187500.015625,-26346.0019531,0.0
-187500.015625,-187500.015625,-187500.015625,-187500.015625,-187500.015625,-187500.015625,-187500.015625,-26293.6757812,0.0
-187500.015625,-187500.015625,-187500.015625,-187500.015625,-187500.015625,-187500.015625,-187500.015625,-26179.3691406,0.0
-187500.015625,-187500.015625,-187500.015625,-187500.015625,-187500.015625,-187500.015625,-187500.015625,-26219.3105469,0.0
-187500.015625,-187500.015625,-187500.015625,-187500.015625,-187500.015625,-187500.015625,-187500.015625,-26340.1894531,0.0
-187500.015625,-187500.015625,-187500.015625,-187500.015625,-187500.015625,-187500.015625,-187500.015625,-26323.9628906,0.0
-187500.015625,-187500.015625,-187500.015625,-187500.015625,-187500.015625,-187500.015625,-187500.015625,-26205.8789062,0.0
-187500.015625,-187500.015625,-187500.015625,-187500.015625,-187500.015625,-187500.015625,-187500.015625,-26218.1269531,0.0
-187500.015625,-187500.015625,-187500.015625,-187500.015625,-187500.015625,-187500.015625,-187500.015625,-26349.4433594,0.0
-187500.015625,-187500.015625,-187500.015625,-187500.015625,-187500.015625,-187500.015625,-187500.015625,-26357.109375,0.0
-187500.015625,-187500.015625,-187500.015625,-187500.015625,-187500.015625,-187500.015625,-187500.015625,-26238.1757812,0.0
-187500.015625,-187500.015625,-187500.015625,-187500.015625,-187500.015625,-187500.015625,-187500.015625,-26215.6015625,0.0
-187500.015625,-187500.015625,-187500.015625,-187500.015625,-187500.015625,-187500.015625,-187500.015625,-26331.8085938,0.0
-187500.015625,-187500.015625,-187500.015625,-187500.015625,-187500.015625,-187500.015625,-187500.015625,-26363.3691406,0.0
-187500.015625,-187500.015625,-187500.015625,-187500.015625,-187500.015625,-187500.015625,-187500.015625,-26249.7089844,0.0
-187500.015625,-187500.015625,-187500.015625,-187500.015625,-187500.015625,-187500.015625,-187500.015625,-26199.5078125,0.0
-187500.015625,-187500.015625,-187500.015625,-187500.015625,-187500.015625,-187500.015625,-187500.015625,-26309.4785156,0.0
-187500.015625,-187500.015625,-187500.015625,-187500.015625,-187500.015625,-187500.015625,-187500.015625,-26364.6640625,0.0
-187500.015625,-187500.015625,-187500.015625,-187500.015625,-187500.015625,-187500.015625,-187500.015625,-26266.0039062,0.0
-187500.015625,-187500.015625,-187500.015625,-187500.015625,-187500.015625,-187500.015625,-187500.015625,-26184.9785156,0.0
-187500.015625,-187500.015625,-187500.015625,-187500.015625,-187500.015625,-187500.015625,-187500.015625,-26272.84375,0.0
-187500.015625,-187500.015625,-187500.015625,-187500.015625,-187500.015625,-187500.015625,-187500.015625,-26369.7382812,0.0
-187500.015625,-187500.015625,-187500.015625,-187500.015625,-187500.015625,-187500.015625,-187500.015625,-26290.703125,0.0
-187500.015625,-187500.015625,-187500.015625,-187500.015625,-187500.015625,-187500.015625,-187500.015625,-26190.7460938,0.0
-187500.015625,-187500.015625,-187500.015625,-187500.015625,-187500.015625,-187500.015625,-187500.015625,-26251.7207031,0.0
-187500.015625,-187500.015625,-187500.015625,-187500.015625,-187500.015625,-187500.015625,-187500.015625,-26355.1425781,0.0
-187500.015625,-187500.015625,-187500.015625,-187500.015625,-187500.015625,-187500.015625,-187500.015625,-26302.7285156,0.0
-187500.015625,-187500.015625,-187500.015625,-187500.015625,-187500.015625,-187500.015625,-187500.015625,-26187.9960938,0.0
-187500.015625,-187500.015625,-187500.015625,-187500.015625,-187500.015625,-187500.015625,-187500.015625,-26222.2617188,0.0
-187500.015625,-187500.015625,-187500.015625,-187500.015625,-187500.015625,-187500.015625,-187500.015625,-26340.1679688,0.0
-187500.015625,-187500.015625,-187500.015625,-187500.015625,-187500.015625,-187500.015625,-187500.015625,-26314.6191406,0.0
-187500.015625,-187500.015625,-187500.015625,-187500.015625,-187500.015625,-187500.015625,-187500.015625,-26199.8652344,0.0
-187500.015625,-187500.015625,-187500.015625,-187500.015625,-187500.015625,-187500.015625,-187500.015625,-26210.75,0.0
-187500.015625,-187500.015625,-187500.015625,-187500.015625,-187500.015625,-187500.015625,-187500.015625,-26333.2597656,0.0
-187500.015625,-187500.015625,-187500.015625,-187500.015625,-187500.015625,-187500.015625,-187500.015625,-26339.8769531,0.0
-187500.015625,-187500.015625,-187500.015625,-187500.015625,-187500.015625,-187500.015625,-187500.015625,-26219.9824219,0.0
-187500.015625,-187500.015625,-187500.015625,-187500.015625,-187500.015625,-187500.015625,-187500.015625,-26186.4316406,0.0
-187500.015625,-187500.015625,-187500.015625,-187500.015625,-187500.015625,-187500.015625,-187500.015625,-26300.046875,0.0
-187500.015625,-187500.015625,-187500.015625,-187500.015625,-187500.015625,-187500.015625,-187500.015625,-26345.1972656,0.0
-187500.015625,-187500.015625,-187500.015625,-187500.015625,-187500.015625,-187500.015625,-187500.015625,-26228.4082031,0.0
-187500.015625,-187500.015625,-187500.015625,-187500.015625,-187500.015625,-187500.015625,-187500.015625,-26181.5371094,0.0
-187500.015625,-187500.015625,-187500.015625,-187500.015625,-187500.015625,-187500.015625,-187500.015625,-26290.3457031,0.0
-187500.015625,-187500.015625,-187500.015625,-187500.015625,-187500.015625,-187500.015625,-187500.015625,-26361.0878906,0.0
-187500.015625,-187500.015625,-187500.015625,-187500.015625,-187500.015625,-187500.015625,-187500.015625,-26267.4570312,0.0
-187500.015625,-187500.015625,-187500.015625,-187500.015625,-187500.015625,-187500.015625,-187500.015625,-26188.0410156,0.0
-187500.015625,-187500.015625,-187500.015625,-187500.015625,-187500.015625,-187500.015625,-187500.015625,-26271.9492188,0.0
-187500.015625,-187500.015625,-187500.015625,-187500.015625,-187500.015625,-187500.015625,-187500.015625,-26362.4082031,0.0
-187500.015625,-187500.015625,-187500.015625,-187500.015625,-187500.015625,-187500.015625,-187500.015625,-26289.5859375,0.0
-187500.015625,-187500.015625,-187500.015625,-187500.015625,-187500.015625,-187500.015625,-187500.015625,-26186.7441406,0.0
-187500.015625,-187500.015625,-187500.015625,-187500.015625,-187500.015625,-187500.015625,-187500.015625,-26245.1269531,0.0
-187500.015625,-187500.015625,-187500.015625,-187500.015625,-187500.015625,-187500.015625,-187500.015625,-26355.2109375,0.0
-187500.015625,-187500.015625,-187500.015625,-187500.015625,-187500.015625,-187500.015625,-187500.015625,-26309.7246094,0.0
-187500.015625,-187500.015625,-187500.015625,-187500.015625,-187500.015625,-187500.015625,-187500.015625,-26189.7617188,0.0
-187500.015625,-187500.015625,-187500.015625,-187500.015625,-187500.015625,-187500.015625,-187500.015625,-26219.5117188,0.0
-187500.015625,-187500.015625,-187500.015625,-187500.015625,-187500.015625,-187500.015625,-187500.015625,-26339.09375,0.0
-187500.015625,-187500.015625,-187500.015625,-187500.015625,-187500.015625,-187500.015625,-187500.015625,-26327.5839844,0.0
-187500.015625,-187500.015625,-187500.015625,-187500.015625,-187500.015625,-187500.015625,-187500.015625,-26210.4375,0.0
-187500.015625,-187500.015625,-187500.015625,-187500.015625,-187500.015625,-187500.015625,-187500.015625,-26212.7617188,0.0
-187500.015625,-187500.015625,-187500.015625,-187500.015625,-187500.015625,-187500.015625,-187500.015625,-26337.7539062,0.0
-187500.015625,-187500.015625,-187500.015625,-187500.015625,-187500.015625,-187500.015625,-187500.015625,-26349.0410156,0.0
-187500.015625,-187500.015625,-187500.015625,-187500.015625,-187500.015625,-187500.015625,-187500.015625,-26232.6113281,0.0
-187500.015625,-187500.015625,-187500.015625,-187500.015625,-187500.015625,-187500.015625,-187500.015625,-26200.3339844,0.0
-187500.015625,-187500.015625,-187500.015625,-187500.015625,-187500.015625,-187500.015625,-187500.015625,-26318.21875,0.0
-187500.015625,-187500.015625,-187500.015625,-187500.015625,-187500.015625,-187500.015625,-187500.015625,-26360.171875,0.0
-187500.015625,-187500.015625,-187500.015625,-187500.015625,-187500.015625,-187500.015625,-187500.015625,-26248.9042969,0.0
-187500.015625,-187500.015625,-187500.015625,-187500.015625,-187500.015625,-187500.015625,-187500.015625,-26190.2089844,0.0
-187500.015625,-187500.015625,-187500.015625,-187500.015625,-187500.015625,-187500.015625,-187500.015625,-26298.7050781,0.0
-187500.015625,-187500.015625,-187500.015625,-187500.015625,-187500.015625,-187500.015625,-187500.015625,-26371.9960938,0.0
-187500.015625,-187500.015625,-187500.015625,-187500.015625,-187500.015625,-187500.015625,-187500.015625,-26277.4042969,0.0
-187500.015625,-187500.015625,-187500.015625,-187500.015625,-187500.015625,-187500.015625,-187500.015625,-26193.9414062,0.0
-187500.015625,-187500.015625,-187500.015625,-187500.015625,-187500.015625,-187500.015625,-187500.015625,-26278.9902344,0.0
-187500.015625,-187500.015625,-187500.015625,-187500.015625,-187500.015625,-187500.015625,-187500.015625,-26374.03125,0.0
-187500.015625,-187500.015625,-187500.015625,-187500.015625,-187500.015625,-187500.015625,-187500.015625,-26307.0429688,0.0
-187500.015625,-187500.015625,-187500.015625,-187500.015625,-187500.015625,-187500.015625,-187500.015625,-26203.9335938,0.0
-187500.015625,-187500.015625,-187500.015625,-187500.015625,-187500.015625,-187500.015625,-187500.015625,-26256.3925781,0.0
-187500.015625,-187500.015625,-187500.015625,-187500.015625,-187500.015625,-187500.015625,-187500.015625,-26365.1347656,0.0
-187500.015625,-187500.015625,-187500.015625,-187500.015625,-187500.015625,-187500.015625,-187500.015625,-26320.7890625,0.0
-187500.015625,-187500.015625,-187500.015625,-187500.015625,-187500.015625,-187500.015625,-187500.015625,-26199.9765625,0.0
-187500.015625,-187500.015625,-187500.015625,-187500.015625,-187500.015625,-187500.015625,-187500.015625,-26230.1074219,0.0
-187500.015625,-187500.015625,-187500.015625,-187500.015625,-187500.015625,-187500.015625,-187500.015625,-26344.2363281,0.0
-187500.015625,-187500.015625,-187500.015625,-187500.015625,-187500.015625,-187500.015625,-187500.015625,-26333.328125,0.0
-187500.015625,-187500.015625,-187500.015625,-187500.015625,-187500.015625,-187500.015625,-187500.015625,-26210.6386719,0.0
-187500.015625,-187500.015625,-187500.015625,-187500.015625,-187500.015625,-187500.015625,-187500.015625,-26209.8125,0.0
-187500.015625,-187500.015625,-187500.015625,-187500.015625,-187500.015625,-187500.015625,-187500.015625,-26328.7226562,0.0
-187500.015625,-187500.015625,-187500.015625,-187500.015625,-187500.015625,-187500.015625,-187500.015625,-26341.9101562,0.0
-187500.015625,-187500.015625,-187500.015625,-187500.015625,-187500.015625,-187500.015625,-187500.015625,-26227.15625,0.0
-187500.015625,-187500.015625,-187500.015625,-187500.015625,-187500.015625,-187500.015625,-187500.015625,-26191.6621094,0.0
-187500.015625,-187500.015625,-187500.015625,-187500.015625,-187500.015625,-187500.015625,-187500.015625,-26304.0253906,0.0
-187500.015625,-187500.015625,-187500.015625,-187500.015625,-187500.015625,-187500.015625,-187500.015625,-26355.2109375,0.0
-187500.015625,-187500.015625,-187500.015625,-187500.015625,-187500.015625,-187500.015625,-187500.015625,-26248.234375,0.0
-187500.015625,-187500.015625,-187500.015625,-187500.015625,-187500.015625,-187500.015625,-187500.015625,-26180.0839844,0.0
-187500.015625,-187500.015625,-187500.015625,-187500.015625,-187500.015625,-187500.015625,-187500.015625,-26276.9570312,0.0
-187500.015625,-187500.015625,-187500.015625,-187500.015625,-187500.015625,-187500.015625,-187500.015625,-26360.5078125,0.0
-187500.015625,-187500.015625,-187500.015625,-187500.015625,-187500.015625,-187500.015625,-187500.015625,-26267.5917969,0.0
-187500.015625,-187500.015625,-187500.015625,-187500.015625,-187500.015625,-187500.015625,-187500.015625,-26181.7597656,0.0
-187500.015625,-187500.015625,-187500.015625,-187500.015625,-187500.015625,-187500.015625,-187500.015625,-26260.2597656,0.0
-187500.015625,-187500.015625,-187500.015625,-187500.015625,-187500.015625,-187500.015625,-187500.015625,-26359.7246094,0.0
-187500.015625,-187500.015625,-187500.015625,-187500.015625,-187500.015625,-187500.015625,-187500.015625,-26295.5078125,0.0
-187500.015625,-187500.015625,-187500.015625,-187500.015625,-187500.015625,-187500.015625,-187500.015625,-26187.8632812,0.0
-187500.015625,-187500.015625,-187500.015625,-187500.015625,-187500.015625,-187500.015625,-187500.015625,-26238.9140625,0.0
-187500.015625,-187500.015625,-187500.015625,-187500.015625,-187500.015625,-187500.015625,-187500.015625,-26351.8359375,0.0
-187500.015625,-187500.015625,-187500.015625,-187500.015625,-187500.015625,-187500.015625,-187500.015625,-26318.4863281,0.0
-187500.015625,-187500.015625,-187500.015625,-187500.015625,-187500.015625,-187500.015625,-187500.015625,-26198.6816406,0.0
-187500.015625,-187500.015625,-187500.015625,-187500.015625,-187500.015625,-187500.015625,-187500.015625,-26220.4296875,0.0
-187500.015625,-187500.015625,-187500.015625,-187500.015625,-187500.015625,-187500.015625,-187500.015625,-26339.5859375,0.0
-187500.015625,-187500.015625,-187500.015625,-187500.015625,-187500.015625,-187500.015625,-187500.015625,-26330.6679688,0.0
-187500.015625,-187500.015625,-187500.015625,-187500.015625,-187500.015625,-187500.015625,-187500.015625,-26210.9082031,0.0
-187500.015625,-187500.015625,-187500.015625,-187500.015625,-187500.015625,-187500.015625,-187500.015625,-26202.8828125,0.0
-187500.015625,-187500.015625,-187500.015625,-187500.015625,-187500.015625,-187500.015625,-187500.015625,-26325.1464844,0.0
-187500.015625,-187500.015625,-187500.015625,-187500.015625,-187500.015625,-187500.015625,-187500.015625,-26346.4257812,0.0
-187500.015625,-187500.015625,-187500.015625,-187500.015625,-187500.015625,-187500.015625,-187500.015625,-26226.3300781,0.0
-187500.015625,-187500.015625,-187500.015625,-187500.015625,-187500.015625,-187500.015625,-187500.015625,-26183.6386719,0.0
-187500.015625,-187500.015625,-187500.015625,-187500.015625,-187500.015625,-187500.015625,-187500.015625,-26294.3242188,0.0
-187500.015625,-187500.015625,-187500.015625,-187500.015625,-187500.015625,-187500.015625,-187500.015625,-26358.0039062,0.0
-187500.015625,-187500.015625,-187500.015625,-187500.015625,-187500.015625,-187500.015625,-187500.015625,-26251.296875,0.0
-187500.015625,-187500.015625,-187500.015625,-187500.015625,-187500.015625,-187500.015625,-187500.015625,-26182.296875,0.0
-187500.015625,-187500.015625,-187500.015625,-187500.015625,-187500.015625,-187500.015625,-187500.015625,-26278.9003906,0.0
-187500.015625,-187500.015625,-187500.015625,-187500.015625,-187500.015625,-187500.015625,-187500.015625,-26359.7929688,0.0
-187500.015625,-187500.015625,-187500.015625,-187500.015625,-187500.015625,-187500.015625,-187500.015625,-26276.1738281,0.0
-187500.015625,-187500.015625,-187500.015625,-187500.015625,-187500.015625,-187500.015625,-187500.015625,-26186.8789062,0.0
-187500.015625,-187500.015625,-187500.015625,-187500.015625,-187500.015625,-187500.015625,-187500.015625,-26257.3320312,0.0
-187500.015625,-187500.015625,-187500.015625,-187500.015625,-187500.015625,-187500.015625,-187500.015625,-26357.9375,0.0
-187500.015625,-187500.015625,-187500.015625,-187500.015625,-187500.015625,-187500.015625,-187500.015625,-26296.4257812,0.0
-187500.015625,-187500.015625,-187500.015625,-187500.015625,-187500.015625,-187500.015625,-187500.015625,-26194.9707031,0.0
-187500.015625,-187500.015625,-187500.015625,-187500.015625,-187500.015625,-187500.015625,-187500.015625,-26234.2871094,0.0
-187500.015625,-187500.015625,-187500.015625,-187500.015625,-187500.015625,-187500.015625,-187500.015625,-26348.28125,0.0
-187500.015625,-187500.015625,-187500.015625,-187500.015625,-187500.015625,-187500.015625,-187500.015625,-26314.0390625,0.0
-187500.015625,-187500.015625,-187500.015625,-187500.015625,-187500.015625,-187500.015625,-187500.015625,-26202.9277344,0.0
-187500.015625,-187500.015625,-187500.015625,-187500.015625,-187500.015625,-187500.015625,-187500.015625,-26221.3007812,0.0
-187500.015625,-187500.015625,-187500.015625,-187500.015625,-187500.015625,-187500.015625,-187500.015625,-26339.609375,0.0
-187500.015625,-187500.015625,-187500.015625,-187500.015625,-187500.015625,-187500.015625,-187500.015625,-26342.0,0.0
-187500.015625,-187500.015625,-187500.015625,-187500.015625,-187500.015625,-187500.015625,-187500.015625,-26223.9824219,0.0
-187500.015625,-187500.015625,-187500.015625,-187500.015625,-187500.015625,-187500.015625,-187500.015625,-26208.9394531,0.0
-187500.015625,-187500.015625,-187500.015625,-187500.015625,-187500.015625,-187500.015625,-187500.015625,-26326.7109375,0.0
-187500.015625,-187500.015625,-187500.015625,-187500.015625,-187500.015625,-187500.015625,-187500.015625,-26359.6582031,0.0
-187500.015625,-187500.015625,-187500.015625,-187500.015625,-187500.015625,-187500.015625,-187500.015625,-26239.9199219,0.0
-187500.015625,-187500.015625,-187500.015625,-187500.015625,-187500.015625,-187500.015625,-187500.015625,-26191.8183594,0.0
-187500.015625,-187500.015625,-187500.015625,-187500.015625,-187500.015625,-187500.015625,-187500.015625,-26303.8671875,0.0
-187500.015625,-187500.015625,-187500.015625,-187500.015625,-187500.015625,-187500.015625,-187500.015625,-26363.2128906,0.0
-187500.015625,-187500.015625,-187500.015625,-187500.015625,-187500.015625,-187500.015625,-187500.015625,-26252.8164062,0.0
-187500.015625,-187500.015625,-187500.015625,-187500.015625,-187500.015625,-187500.015625,-187500.015625,-26174.1386719,0.0
-187500.015625,-187500.015625,-187500.015625,-187500.015625,-187500.015625,-187500.015625,-187500.015625,-26271.9941406,0.0
-187500.015625,-187500.015625,-187500.015625,-187500.015625,-187500.015625,-187500.015625,-187500.015625,-26354.40625,0.0
-187500.015625,-187500.015625,-187500.015625,-187500.015625,-187500.015625,-187500.015625,-187500.015625,-26274.3867188,0.0
-187500.015625,-187500.015625,-187500.015625,-187500.015625,-187500.015625,-187500.015625,-187500.015625,-26183.5253906,0.0
-187500.015625,-187500.015625,-187500.015625,-187500.015625,-187500.015625,-187500.015625,-187500.015625,-26254.984375,0.0
-187500.015625,-187500.015625,-187500.015625,-187500.015625,-187500.015625,-187500.015625,-187500.015625,-26357.6464844,0.0
-187500.015625,-187500.015625,-187500.015625,-187500.015625,-187500.015625,-187500.015625,-187500.015625,-26303.2421875,0.0
-187500.015625,-187500.015625,-187500.015625,-187500.015625,-187500.015625,-187500.015625,-187500.015625,-26190.8125,0.0
-187500.015625,-187500.015625,-187500.015625,-187500.015625,-187500.015625,-187500.015625,-187500.015625,-26233.4824219,0.0
-187500.015625,-187500.015625,-187500.015625,-187500.015625,-187500.015625,-187500.015625,-187500.015625,-26351.2324219,0.0
-187500.015625,-187500.015625,-187500.015625,-187500.015625,-187500.015625,-187500.015625,-187500.015625,-26317.1445312,0.0
-187500.015625,-187500.015625,-187500.015625,-187500.015625,-187500.015625,-187500.015625,-187500.015625,-26198.8828125,0.0
-187500.015625,-187500.015625,-187500.015625,-187500.015625,-187500.015625,-187500.015625,-187500.015625,-26204.7832031,0.0
-187500.015625,-187500.015625,-187500.015625,-187500.015625,-187500.015625,-187500.015625,-187500.015625,-26330.734375,0.0
-187500.015625,-187500.015625,-187500.015625,-187500.015625,-187500.015625,-187500.015625,-187500.015625,-26340.4570312,0.0
-187500.015625,-187500.015625,-187500.015625,-187500.015625,-187500.015625,-187500.015625,-187500.015625,-26211.265625,0.0
-187500.015625,-187500.015625,-187500.015625,-187500.015625,-187500.015625,-187500.015625,-187500.015625,-26182.8789062,0.0
-187500.015625,-187500.015625,-187500.015625,-187500.015625,-187500.015625,-187500.015625,-187500.015625,-26311.9824219,0.0
-187500.015625,-187500.015625,-187500.015625,-187500.015625,-187500.015625,-187500.015625,-187500.015625,-26350.4492188,0.0
-187500.015625,-187500.015625,-187500.015625,-187500.015625,-187500.015625,-187500.015625,-187500.015625,-26230.7773438,0.0
-187500.015625,-187500.015625,-187500.015625,-187500.015625,-187500.015625,-187500.015625,-187500.015625,-26181.8730469,0.0
-187500.015625,-187500.015625,-187500.015625,-187500.015625,-187500.015625,-187500.015625,-187500.015625,-26290.0332031,0.0
-187500.015625,-187500.015625,-187500.015625,-187500.015625,-187500.015625,-187500.015625,-187500.015625,-26357.1777344,0.0
-187500.015625,-187500.015625,-187500.015625,-187500.015625,-187500.015625,-187500.015625,-187500.015625,-26258.3828125,0.0
-187500.015625,-187500.015625,-187500.015625,-187500.015625,-187500.015625,-187500.015625,-187500.015625,-26175.7265625,0.0
-187500.015625,-187500.015625,-187500.015625,-187500.015625,-187500.015625,-187500.015625,-187500.015625,-26262.71875,0.0
-187500.015625,-187500.015625,-187500.015625,-187500.015625,-187500.015625,-187500.015625,-187500.015625,-26353.3554688,0.0
-187500.015625,-187500.015625,-187500.015625,-187500.015625,-187500.015625,-187500.015625,-187500.015625,-26283.0800781,0.0
-187500.015625,-187500.015625,-187500.015625,-187500.015625,-187500.015625,-187500.015625,-187500.015625,-26189.6503906,0.0
-187500.015625,-187500.015625,-187500.015625,-187500.015625,-187500.015625,-187500.015625,-187500.015625,-26250.7597656,0.0
-187500.015625,-187500.015625,-187500.015625,-187500.015625,-187500.015625,-187500.015625,-187500.015625,-26359.4785156,0.0
-187500.015625,-187500.015625,-187500.015625,-187500.015625,-187500.015625,-187500.015625,-187500.015625,-26314.6191406,0.0
-187500.015625,-187500.015625,-187500.015625,-187500.015625,-187500.015625,-187500.015625,-187500.015625,-26197.1386719,0.0
-187500.015625,-187500.015625,-187500.015625,-187500.015625,-187500.015625,-187500.015625,-187500.015625,-26233.3710938,0.0
-187500.015625,-187500.015625,-187500.015625,-187500.015625,-187500.015625,-187500.015625,-187500.015625,-26350.046875,0.0
-187500.015625,-187500.015625,-187500.015625,-187500.015625,-187500.015625,-187500.015625,-187500.015625,-26327.8730469,0.0
-187500.015625,-187500.015625,-187500.015625,-187500.015625,-187500.015625,-187500.015625,-187500.015625,-26205.1621094,0.0
-187500.015625,-187500.015625,-187500.015625,-187500.015625,-187500.015625,-187500.015625,-187500.015625,-26208.4707031,0.0
-187500.015625,-187500.015625,-187500.015625,-187500.015625,-187500.015625,-187500.015625,-187500.015625,-26327.6289062,0.0
-187500.015625,-187500.015625,-187500.015625,-187500.015625,-187500.015625,-187500.015625,-187500.015625,-26336.2558594,0.0
-187500.015625,-187500.015625,-187500.015625,-187500.015625,-187500.015625,-187500.015625,-187500.015625,-26215.109375,0.0
-187500.015625,-187500.015625,-187500.015625,-187500.015625,-187500.015625,-187500.015625,-187500.015625,-26197.0039062,0.0
-187500.015625,-187500.015625,-187500.015625,-187500.015625,-187500.015625,-187500.015625,-187500.015625,-26311.9140625,0.0
-187500.015625,-187500.015625,-187500.015625,-187500.015625,-187500.015625,-187500.015625,-187500.015625,-26347.453125,0.0
-187500.015625,-187500.015625,-187500.015625,-187500.015625,-187500.015625,-187500.015625,-187500.015625,-26235.4941406,0.0
-187500.015625,-187500.015625,-187500.015625,-187500.015625,-187500.015625,-187500.015625,-187500.015625,-26185.5371094,0.0
-187500.015625,-187500.015625,-187500.015625,-187500.015625,-187500.015625,-187500.015625,-187500.015625,-26287.4179688,0.0
-187500.015625,-187500.015625,-187500.015625,-187500.015625,-187500.015625,-187500.015625,-187500.015625,-26356.5742188,0.0
-187500.015625,-187500.015625,-187500.015625,-187500.015625,-187500.015625,-187500.015625,-187500.015625,-26264.6640625,0.0
-187500.015625,-187500.015625,-187500.015625,-187500.015625,-187500.015625,-187500.015625,-187500.015625,-26178.4980469,0.0
-187500.015625,-187500.015625,-187500.015625,-187500.015625,-187500.015625,-187500.015625,-187500.015625,-26263.9023438,0.0
-187500.015625,-187500.015625,-187500.015625,-187500.015625,-187500.015625,-187500.015625,-187500.015625,-26359.0097656,0.0
-187500.015625,-187500.015625,-187500.015625,-187500.015625,-187500.015625,-187500.015625,-187500.015625,-26281.7167969,0.0
-187500.015625,-187500.015625,-187500.015625,-187500.015625,-187500.015625,-187500.015625,-187500.015625,-26182.8339844,0.0
-187500.015625,-187500.015625,-187500.015625,-187500.015625,-187500.015625,-187500.015625,-187500.015625,-26247.2734375,0.0
-187500.015625,-187500.015625,-187500.015625,-187500.015625,-187500.015625,-187500.015625,-187500.015625,-26355.7460938,0.0
-187500.015625,-187500.015625,-187500.015625,-187500.015625,-187500.015625,-187500.015625,-187500.015625,-26308.25,0.0
-187500.015625,-187500.015625,-187500.015625,-187500.015625,-187500.015625,-187500.015625,-187500.015625,-26189.8066406,0.0
-187500.015625,-187500.015625,-187500.015625,-187500.015625,-187500.015625,-187500.015625,-187500.015625,-26225.8828125,0.0
-187500.015625,-187500.015625,-187500.015625,-187500.015625,-187500.015625,-187500.015625,-187500.015625,-26345.0410156,0.0
-187500.015625,-187500.015625,-187500.015625,-187500.015625,-187500.015625,-187500.015625,-187500.015625,-26325.7050781,0.0
-187500.015625,-187500.015625,-187500.015625,-187500.015625,-187500.015625,-187500.015625,-187500.015625,-26199.3066406,0.0
-187500.015625,-187500.015625,-187500.015625,-187500.015625,-187500.015625,-187500.015625,-187500.015625,-26205.6992188,0.0
-187500.015625,-187500.015625,-187500.015625,-187500.015625,-187500.015625,-187500.015625,-187500.015625,-26330.5332031,0.0
-187500.015625,-187500.015625,-187500.015625,-187500.015625,-187500.015625,-187500.015625,-187500.015625,-26338.9824219,0.0
-187500.015625,-187500.015625,-187500.015625,-187500.015625,-187500.015625,-187500.015625,-187500.015625,-26216.4960938,0.0
-187500.015625,-187500.015625,-187500.015625,-187500.015625,-187500.015625,-187500.015625,-187500.015625,-26188.1523438,0.0
-187500.015625,-187500.015625,-187500.015625,-187500.015625,-187500.015625,-187500.015625,-187500.015625,-26301.4980469,0.0
-187500.015625,-187500.015625,-187500.015625,-187500.015625,-187500.015625,-187500.015625,-187500.015625,-26350.8300781,0.0
-187500.015625,-187500.015625,-187500.015625,-187500.015625,-187500.015625,-187500.015625,-187500.015625,-26244.0996094,0.0
-187500.015625,-187500.015625,-187500.015625,-187500.015625,-187500.015625,-187500.015625,-187500.015625,-26183.4824219,0.0
-187500.015625,-187500.015625,-187500.015625,-187500.015625,-187500.015625,-187500.015625,-187500.015625,-26286.2558594,0.0
-187500.015625,-187500.015625,-187500.015625,-187500.015625,-187500.015625,-187500.015625,-187500.015625,-26350.671875,0.0
-187500.015625,-187500.015625,-187500.015625,-187500.015625,-187500.015625,-187500.015625,-187500.015625,-26262.8085938,0.0
-187500.015625,-187500.015625,-187500.015625,-187500.015625,-187500.015625,-187500.015625,-187500.015625,-26185.0683594,0.0
-187500.015625,-187500.015625,-187500.015625,-187500.015625,-187500.015625,-187500.015625,-187500.015625,-26264.8652344,0.0
-187500.015625,-187500.015625,-187500.015625,-187500.015625,-187500.015625,-187500.015625,-187500.015625,-26356.9316406,0.0
-187500.015625,-187500.015625,-187500.015625,-187500.015625,-187500.015625,-187500.015625,-187500.015625,-26286.859375,0.0
-187500.015625,-187500.015625,-187500.015625,-187500.015625,-187500.015625,-187500.015625,-187500.015625,-26184.53125,0.0
-187500.015625,-187500.015625,-187500.015625,-187500.015625,-187500.015625,-187500.015625,-187500.015625,-26245.1503906,0.0
-187500.015625,-187500.015625,-187500.015625,-187500.015625,-187500.015625,-187500.015625,-187500.015625,-26355.9023438,0.0
-187500.015625,-187500.015625,-187500.015625,-187500.015625,-187500.015625,-187500.015625,-187500.015625,-26306.953125,0.0
-187500.015625,-187500.015625,-187500.015625,-187500.015625,-187500.015625,-187500.015625,-187500.015625,-26192.8242188,0.0
-187500.015625,-187500.015625,-187500.015625,-187500.015625,-187500.015625,-187500.015625,-187500.015625,-26219.625,0.0
-187500.015625,-187500.015625,-187500.015625,-187500.015625,-187500.015625,-187500.015625,-187500.015625,-26344.8828125,0.0
-187500.015625,-187500.015625,-187500.015625,-187500.015625,-187500.015625,-187500.015625,-187500.015625,-26334.3554688,0.0
-187500.015625,-187500.015625,-187500.015625,-187500.015625,-187500.015625,-187500.015625,-187500.015625,-26210.2597656,0.0
-187500.015625,-187500.015625,-187500.015625,-187500.015625,-187500.015625,-187500.015625,-187500.015625,-26207.9570312,0.0
-187500.015625,-187500.015625,-187500.015625,-187500.015625,-187500.015625,-187500.015625,-187500.015625,-26327.8730469,0.0
-187500.015625,-187500.015625,-187500.015625,-187500.015625,-187500.015625,-187500.015625,-187500.015625,-26352.2597656,0.0
-187500.015625,-187500.015625,-187500.015625,-187500.015625,-187500.015625,-187500.015625,-187500.015625,-26232.8574219,0.0
-187500.015625,-187500.015625,-187500.015625,-187500.015625,-187500.015625,-187500.015625,-187500.015625,-26197.9433594,0.0
-187500.015625,-187500.015625,-187500.015625,-187500.015625,-187500.015625,-187500.015625,-187500.015625,-26317.078125,0.0
-187500.015625,-187500.015625,-187500.015625,-187500.015625,-187500.015625,-187500.015625,-187500.015625,-26366.2070312,0.0
-187500.015625,-187500.015625,-187500.015625,-187500.015625,-187500.015625,-187500.015625,-187500.015625,-26252.3242188,0.0
-187500.015625,-187500.015625,-187500.015625,-187500.015625,-187500.015625,-187500.015625,-187500.015625,-26186.1191406,0.0
-187500.015625,-187500.015625,-187500.015625,-187500.015625,-187500.015625,-187500.015625,-187500.015625,-26289.2734375,0.0
-187500.015625,-187500.015625,-187500.015625,-187500.015625,-187500.015625,-187500.015625,-187500.015625,-26364.4199219,0.0
-187500.015625,-187500.015625,-187500.015625,-187500.015625,-187500.015625,-187500.015625,-187500.015625,-26272.4648438,0.0
-187500.015625,-187500.015625,-187500.015625,-187500.015625,-187500.015625,-187500.015625,-187500.015625,-26183.5488281,0.0
-187500.015625,-187500.015625,-187500.015625,-187500.015625,-187500.015625,-187500.015625,-187500.015625,-26259.8125,0.0
-187500.015625,-187500.015625,-187500.015625,-187500.015625,-187500.015625,-187500.015625,-187500.015625,-26357.8691406,0.0
-187500.015625,-187500.015625,-187500.015625,-187500.015625,-187500.015625,-187500.015625,-187500.015625,-26296.4023438,0.0
-187500.015625,-187500.015625,-187500.015625,-187500.015625,-187500.015625,-187500.015625,-187500.015625,-26192.1308594,0.0
-187500.015625,-187500.015625,-187500.015625,-187500.015625,-187500.015625,-187500.015625,-187500.015625,-26243.2050781,0.0
-187500.015625,-187500.015625,-187500.015625,-187500.015625,-187500.015625,-187500.015625,-187500.015625,-26359.5683594,0.0
-187500.015625,-187500.015625,-187500.015625,-187500.015625,-187500.015625,-187500.015625,-187500.015625,-26322.3300781,0.0
-187500.015625,-187500.015625,-187500.015625,-187500.015625,-187500.015625,-187500.015625,-187500.015625,-26209.9453125,0.0
-187500.015625,-187500.015625,-187500.015625,-187500.015625,-187500.015625,-187500.015625,-187500.015625,-26234.6230469,0.0
-187500.015625,-187500.015625,-187500.015625,-187500.015625,-187500.015625,-187500.015625,-187500.015625,-26351.1191406,0.0
-187500.015625,-187500.015625,-187500.015625,-187500.015625,-187500.015625,-187500.015625,-187500.015625,-26344.0351562,0.0
-187500.015625,-187500.015625,-187500.015625,-187500.015625,-187500.015625,-187500.015625,-187500.015625,-26218.3066406,0.0
-187500.015625,-187500.015625,-187500.015625,-187500.015625,-187500.015625,-187500.015625,-187500.015625,-26210.4824219,0.0
-187500.015625,-187500.015625,-187500.015625,-187500.015625,-187500.015625,-187500.015625,-187500.015625,-26329.1484375,0.0
-187500.015625,-187500.015625,-187500.015625,-187500.015625,-187500.015625,-187500.015625,-187500.015625,-26351.0527344,0.0
-187500.015625,-187500.015625,-187500.015625,-187500.015625,-187500.015625,-187500.015625,-187500.015625,-26234.7109375,0.0
-187500.015625,-187500.015625,-187500.015625,-187500.015625,-187500.015625,-187500.015625,-187500.015625,-26198.5917969,0.0
-187500.015625,-187500.015625,-187500.015625,-187500.015625,-187500.015625,-187500.015625,-187500.015625,-26309.4121094,0.0
-187500.015625,-187500.015625,-187500.015625,-187500.015625,-187500.015625,-187500.015625,-187500.015625,-26356.2167969,0.0
-187500.015625,-187500.015625,-187500.015625,-187500.015625,-187500.015625,-187500.015625,-187500.015625,-26255.4980469,0.0
-187500.015625,-187500.015625,-187500.015625,-187500.015625,-187500.015625,-187500.015625,-187500.015625,-26192.0878906,0.0
-187500.015625,-187500.015625,-187500.015625,-187500.015625,-187500.015625,-187500.015625,-187500.015625,-26285.3378906,0.0
-187500.015625,-187500.015625,-187500.015625,-187500.015625,-187500.015625,-187500.015625,-187500.015625,-26359.3457031,0.0
-187500.015625,-187500.015625,-187500.015625,-187500.015625,-187500.015625,-187500.015625,-187500.015625,-26274.1621094,0.0
-187500.015625,-187500.015625,-187500.015625,-187500.015625,-187500.015625,-187500.015625,-187500.015625,-26175.390625,0.0
-187500.015625,-187500.015625,-187500.015625,-187500.015625,-187500.015625,-187500.015625,-187500.015625,-26252.5488281,0.0
-187500.015625,-187500.015625,-187500.015625,-187500.015625,-187500.015625,-187500.015625,-187500.015625,-26352.9746094,0.0
-187500.015625,-187500.015625,-187500.015625,-187500.015625,-187500.015625,-187500.015625,-187500.015625,-26292.4238281,0.0
-187500.015625,-187500.015625,-187500.015625,-187500.015625,-187500.015625,-187500.015625,-187500.015625,-26184.5996094,0.0
-187500.015625,-187500.015625,-187500.015625,-187500.015625,-187500.015625,-187500.015625,-187500.015625,-26231.046875,0.0
-187500.015625,-187500.015625,-187500.015625,-187500.015625,-187500.015625,-187500.015625,-187500.015625,-26344.9960938,0.0
-187500.015625,-187500.015625,-187500.015625,-187500.015625,-187500.015625,-187500.015625,-187500.015625,-26314.2402344,0.0
-187500.015625,-187500.015625,-187500.015625,-187500.015625,-187500.015625,-187500.015625,-187500.015625,-26190.8574219,0.0
-187500.015625,-187500.015625,-187500.015625,-187500.015625,-187500.015625,-187500.015625,-187500.015625,-26211.265625,0.0
-187500.015625,-187500.015625,-187500.015625,-187500.015625,-187500.015625,-187500.015625,-187500.015625,-26330.8027344,0.0
-187500.015625,-187500.015625,-187500.015625,-187500.015625,-187500.015625,-187500.015625,-187500.015625,-26331.0039062,0.0
-187500.015625,-187500.015625,-187500.015625,-187500.015625,-187500.015625,-187500.015625,-187500.015625,-26210.125,0.0
-187500.015625,-187500.015625,-187500.015625,-187500.015625,-187500.015625,-187500.015625,-187500.015625,-26201.7421875,0.0
-187500.015625,-187500.015625,-187500.015625,-187500.015625,-187500.015625,-187500.015625,-187500.015625,-26326.6445312,0.0
-187500.015625,-187500.015625,-187500.015625,-187500.015625,-187500.015625,-187500.015625,-187500.015625,-26357.109375,0.0
-187500.015625,-187500.015625,-187500.015625,-187500.015625,-187500.015625,-187500.015625,-187500.015625,-26246.8925781,0.0
-187500.015625,-187500.015625,-187500.015625,-187500.015625,-187500.015625,-187500.015625,-187500.015625,-26211.5332031,0.0
-187500.015625,-187500.015625,-187500.015625,-187500.015625,-187500.015625,-187500.015625,-187500.015625,-26325.6835938,0.0
-187500.015625,-187500.015625,-187500.015625,-187500.015625,-187500.015625,-187500.015625,-187500.015625,-26384.8261719,0.0
-187500.015625,-187500.015625,-187500.015625,-187500.015625,-187500.015625,-187500.015625,-187500.015625,-26279.8398438,0.0
-187500.015625,-187500.015625,-187500.015625,-187500.015625,-187500.015625,-187500.015625,-187500.015625,-26202.546875,0.0
-187500.015625,-187500.015625,-187500.015625,-187500.015625,-187500.015625,-187500.015625,-187500.015625,-26300.4707031,0.0
-187500.015625,-187500.015625,-187500.015625,-187500.015625,-187500.015625,-187500.015625,-187500.015625,-26378.9472656,0.0
-187500.015625,-187500.015625,-187500.015625,-187500.015625,-187500.015625,-187500.015625,-187500.015625,-26289.0273438,0.0
-187500.015625,-187500.015625,-187500.015625,-187500.015625,-187500.015625,-187500.015625,-187500.015625,-26191.953125,0.0
-187500.015625,-187500.015625,-187500.015625,-187500.015625,-187500.015625,-187500.015625,-187500.015625,-26262.0703125,0.0
-187500.015625,-187500.015625,-187500.015625,-187500.015625,-187500.015625,-187500.015625,-187500.015625,-26363.4804688,0.0
-187500.015625,-187500.015625,-187500.015625,-187500.015625,-187500.015625,-187500.015625,-187500.015625,-26294.1230469,0.0
-187500.015625,-187500.015625,-187500.015625,-187500.015625,-187500.015625,-187500.015625,-187500.015625,-26187.6835938,0.0
-187500.015625,-187500.015625,-187500.015625,-187500.015625,-187500.015625,-187500.015625,-187500.015625,-26231.6503906,0.0
-187500.015625,-187500.015625,-187500.015625,-187500.015625,-187500.015625,-187500.015625,-187500.015625,-26340.4140625,0.0
-187500.015625,-187500.015625,-187500.015625,-187500.015625,-187500.015625,-187500.015625,-187500.015625,-26315.6914062,0.0
-187500.015625,-187500.015625,-187500.015625,-187500.015625,-187500.015625,-187500.015625,-187500.015625,-26196.7148438,0.0
-187500.015625,-187500.015625,-187500.015625,-187500.015625,-187500.015625,-187500.015625,-187500.015625,-26212.7617188,0.0
-187500.015625,-187500.015625,-187500.015625,-187500.015625,-187500.015625,-187500.015625,-187500.015625,-26337.3066406,0.0
-187500.015625,-187500.015625,-187500.015625,-187500.015625,-187500.015625,-187500.015625,-187500.015625,-26343.5195312,0.0
-187500.015625,-187500.015625,-187500.015625,-187500.015625,-187500.015625,-187500.015625,-187500.015625,-26219.4902344,0.0
-187500.015625,-187500.015625,-187500.015625,-187500.015625,-187500.015625,-187500.015625,-187500.015625,-26201.5859375,0.0
-187500.015625,-187500.015625,-187500.015625,-187500.015625,-187500.015625,-187500.015625,-187500.015625,-26325.0136719,0.0
-187500.015625,-187500.015625,-187500.015625,-187500.015625,-187500.015625,-187500.015625,-187500.015625,-26359.0546875,0.0
-187500.015625,-187500.015625,-187500.015625,-187500.015625,-187500.015625,-187500.015625,-187500.015625,-26241.8652344,0.0
-187500.015625,-187500.015625,-187500.015625,-187500.015625,-187500.015625,-187500.015625,-187500.015625,-26192.4667969,0.0
-187500.015625,-187500.015625,-187500.015625,-187500.015625,-187500.015625,-187500.015625,-187500.015625,-26293.8320312,0.0
-187500.015625,-187500.015625,-187500.015625,-187500.015625,-187500.015625,-187500.015625,-187500.015625,-26355.9921875,0.0
-187500.015625,-187500.015625,-187500.015625,-187500.015625,-187500.015625,-187500.015625,-187500.015625,-26257.3984375,0.0
-187500.015625,-187500.015625,-187500.015625,-187500.015625,-187500.015625,-187500.015625,-187500.015625,-26188.2871094,0.0
-187500.015625,-187500.015625,-187500.015625,-187500.015625,-187500.015625,-187500.015625,-187500.015625,-26278.7226562,0.0
-187500.015625,-187500.015625,-187500.015625,-187500.015625,-187500.015625,-187500.015625,-187500.015625,-26361.2441406,0.0
-187500.015625,-187500.015625,-187500.015625,-187500.015625,-187500.015625,-187500.015625,-187500.015625,-26278.2089844,0.0
-187500.015625,-187500.015625,-187500.015625,-187500.015625,-187500.015625,-187500.015625,-187500.015625,-26179.4140625,0.0
-187500.015625,-187500.015625,-187500.015625,-187500.015625,-187500.015625,-187500.015625,-187500.015625,-26249.6875,0.0
-187500.015625,-187500.015625,-187500.015625,-187500.015625,-187500.015625,-187500.015625,-187500.015625,-26356.7753906,0.0
-187500.015625,-187500.015625,-187500.015625,-187500.015625,-187500.015625,-187500.015625,-187500.015625,-26303.5332031,0.0
-187500.015625,-187500.015625,-187500.015625,-187500.015625,-187500.015625,-187500.015625,-187500.015625,-26192.3554688,0.0
-187500.015625,-187500.015625,-187500.015625,-187500.015625,-187500.015625,-187500.015625,-187500.015625,-26236.6796875,0.0
-187500.015625,-187500.015625,-187500.015625,-187500.015625,-187500.015625,-187500.015625,-187500.015625,-26360.2167969,0.0
-187500.015625,-187500.015625,-187500.015625,-187500.015625,-187500.015625,-187500.015625,-187500.015625,-26339.7421875,0.0
-187500.015625,-187500.015625,-187500.015625,-187500.015625,-187500.015625,-187500.015625,-187500.015625,-26221.1894531,0.0
-187500.015625,-187500.015625,-187500.015625,-187500.015625,-187500.015625,-187500.015625,-187500.015625,-26223.5585938,0.0
-187500.015625,-187500.015625,-187500.015625,-187500.015625,-187500.015625,-187500.015625,-187500.015625,-26343.2519531,0.0
-187500.015625,-187500.015625,-187500.015625,-187500.015625,-187500.015625,-187500.015625,-187500.015625,-26352.4609375,0.0
-187500.015625,-187500.015625,-187500.015625,-187500.015625,-187500.015625,-187500.015625,-187500.015625,-26232.5878906,0.0
-187500.015625,-187500.015625,-187500.015625,-187500.015625,-187500.015625,-187500.015625,-187500.015625,-26208.1347656,0.0
-187500.015625,-187500.015625,-187500.015625,-187500.015625,-187500.015625,-187500.015625,-187500.015625,-26323.5820312,0.0
-187500.015625,-187500.015625,-187500.015625,-187500.015625,-187500.015625,-187500.015625,-187500.015625,-26360.9101562,0.0
-187500.015625,-187500.015625,-187500.015625,-187500.015625,-187500.015625,-187500.015625,-187500.015625,-26245.015625,0.0
-187500.015625,-187500.015625,-187500.015625,-187500.015625,-187500.015625,-187500.015625,-187500.015625,-26183.6386719,0.0
-187500.015625,-187500.015625,-187500.015625,-187500.015625,-187500.015625,-187500.015625,-187500.015625,-26291.6640625,0.0
-187500.015625,-187500.015625,-187500.015625,-187500.015625,-187500.015625,-187500.015625,-187500.015625,-26358.8535156,0.0
-187500.015625,-187500.015625,-187500.015625,-187500.015625,-187500.015625,-187500.015625,-187500.015625,-26263.4121094,0.0
-187500.015625,-187500.015625,-187500.015625,-187500.015625,-187500.015625,-187500.015625,-187500.015625,-26184.7558594,0.0
-187500.015625,-187500.015625,-187500.015625,-187500.015625,-187500.015625,-187500.015625,-187500.015625,-26269.9160156,0.0
-187500.015625,-187500.015625,-187500.015625,-187500.015625,-187500.015625,-187500.015625,-187500.015625,-26357.5566406,0.0
-187500.015625,-187500.015625,-187500.015625,-187500.015625,-187500.015625,-187500.015625,-187500.015625,-26280.2421875,0.0
-187500.015625,-187500.015625,-187500.015625,-187500.015625,-187500.015625,-187500.015625,-187500.015625,-26180.0625,0.0
-187500.015625,-187500.015625,-187500.015625,-187500.015625,-187500.015625,-187500.015625,-187500.015625,-26245.7089844,0.0
-187500.015625,-187500.015625,-187500.015625,-187500.015625,-187500.015625,-187500.015625,-187500.015625,-26356.8632812,0.0
-187500.015625,-187500.015625,-187500.015625,-187500.015625,-187500.015625,-187500.015625,-187500.015625,-26307.1308594,0.0
-187500.015625,-187500.015625,-187500.015625,-187500.015625,-187500.015625,-187500.015625,-187500.015625,-26198.4355469,0.0
-187500.015625,-187500.015625,-187500.015625,-187500.015625,-187500.015625,-187500.015625,-187500.015625,-26232.8789062,0.0
-187500.015625,-187500.015625,-187500.015625,-187500.015625,-187500.015625,-187500.015625,-187500.015625,-26355.5,0.0
-187500.015625,-187500.015625,-187500.015625,-187500.015625,-187500.015625,-187500.015625,-187500.015625,-26333.3046875,0.0
-187500.015625,-187500.015625,-187500.015625,-187500.015625,-187500.015625,-187500.015625,-187500.015625,-26208.8515625,0.0
-187500.015625,-187500.015625,-187500.015625,-187500.015625,-187500.015625,-187500.015625,-187500.015625,-26218.484375,0.0
-187500.015625,-187500.015625,-187500.015625,-187500.015625,-187500.015625,-187500.015625,-187500.015625,-26333.4179688,0.0
-187500.015625,-187500.015625,-187500.015625,-187500.015625,-187500.015625,-187500.015625,-187500.015625,-26349.1972656,0.0
-187500.015625,-187500.015625,-187500.015625,-187500.015625,-187500.015625,-187500.015625,-187500.015625,-26226.4414062,0.0
-187500.015625,-187500.015625,-187500.015625,-187500.015625,-187500.015625,-187500.015625,-187500.015625,-26194.5449219,0.0
-187500.015625,-187500.015625,-187500.015625,-187500.015625,-187500.015625,-187500.015625,-187500.015625,-26316.2519531,0.0
-187500.015625,-187500.015625,-187500.015625,-187500.015625,-187500.015625,-187500.015625,-187500.015625,-26362.6757812,0.0
-187500.015625,-187500.015625,-187500.015625,-187500.015625,-187500.015625,-187500.015625,-187500.015625,-26246.46875,0.0
-187500.015625,-187500.015625,-187500.015625,-187500.015625,-187500.015625,-187500.015625,-187500.015625,-26190.2324219,0.0
-187500.015625,-187500.015625,-187500.015625,-187500.015625,-187500.015625,-187500.015625,-187500.015625,-26300.8515625,0.0
-187500.015625,-187500.015625,-187500.015625,-187500.015625,-187500.015625,-187500.015625,-187500.015625,-26371.7285156,0.0
-187500.015625,-187500.015625,-187500.015625,-187500.015625,-187500.015625,-187500.015625,-187500.015625,-26277.7382812,0.0
-187500.015625,-187500.015625,-187500.015625,-187500.015625,-187500.015625,-187500.015625,-187500.015625,-26191.3710938,0.0
-187500.015625,-187500.015625,-187500.015625,-187500.015625,-187500.015625,-187500.015625,-187500.015625,-26268.0839844,0.0
-187500.015625,-187500.015625,-187500.015625,-187500.015625,-187500.015625,-187500.015625,-187500.015625,-26366.4316406,0.0
-187500.015625,-187500.015625,-187500.015625,-187500.015625,-187500.015625,-187500.015625,-187500.015625,-26299.2636719,0.0
-187500.015625,-187500.015625,-187500.015625,-187500.015625,-187500.015625,-187500.015625,-187500.015625,-26188.890625,0.0
-187500.015625,-187500.015625,-187500.015625,-187500.015625,-187500.015625,-187500.015625,-187500.015625,-26246.1328125,0.0
-187500.015625,-187500.015625,-187500.015625,-187500.015625,-187500.015625,-187500.015625,-187500.015625,-26361.2441406,0.0
-187500.015625,-187500.015625,-187500.015625,-187500.015625,-187500.015625,-187500.015625,-187500.015625,-26313.5683594,0.0
-187500.015625,-187500.015625,-187500.015625,-187500.015625,-187500.015625,-187500.015625,-187500.015625,-26193.875,0.0
-187500.015625,-187500.015625,-187500.015625,-187500.015625,-187500.015625,-187500.015625,-187500.015625,-26215.0429688,0.0
-187500.015625,-187500.015625,-187500.015625,-187500.015625,-187500.015625,-187500.015625,-187500.015625,-26341.8222656,0.0
-187500.015625,-187500.015625,-187500.015625,-187500.015625,-187500.015625,-187500.015625,-187500.015625,-26332.2324219,0.0
-187500.015625,-187500.015625,-187500.015625,-187500.015625,-187500.015625,-187500.015625,-187500.015625,-26204.4257812,0.0
-187500.015625,-187500.015625,-187500.015625,-187500.015625,-187500.015625,-187500.015625,-187500.015625,-26200.2011719,0.0
-187500.015625,-187500.015625,-187500.015625,-187500.015625,-187500.015625,-187500.015625,-187500.015625,-26321.7265625,0.0
-187500.015625,-187500.015625,-187500.015625,-187500.015625,-187500.015625,-187500.015625,-187500.015625,-26337.328125,0.0
-187500.015625,-187500.015625,-187500.015625,-187500.015625,-187500.015625,-187500.015625,-187500.015625,-26217.7246094,0.0
-187500.015625,-187500.015625,-187500.015625,-187500.015625,-187500.015625,-187500.015625,-187500.015625,-26185.2695312,0.0
-187500.015625,-187500.015625,-187500.015625,-187500.015625,-187500.015625,-187500.015625,-187500.015625,-26306.1035156,0.0
-187500.015625,-187500.015625,-187500.015625,-187500.015625,-187500.015625,-187500.015625,-187500.015625,-26354.9863281,0.0
-187500.015625,-187500.015625,-187500.015625,-187500.015625,-187500.015625,-187500.015625,-187500.015625,-26246.6699219,0.0
-187500.015625,-187500.015625,-187500.015625,-187500.015625,-187500.015625,-187500.015625,-187500.015625,-26185.9179688,0.0
-187500.015625,-187500.015625,-187500.015625,-187500.015625,-187500.015625,-187500.015625,-187500.015625,-26291.3730469,0.0
-187500.015625,-187500.015625,-187500.015625,-187500.015625,-187500.015625,-187500.015625,-187500.015625,-26363.9726562,0.0
-187500.015625,-187500.015625,-187500.015625,-187500.015625,-187500.015625,-187500.015625,-187500.015625,-26267.859375,0.0
-187500.015625,-187500.015625,-187500.015625,-187500.015625,-187500.015625,-187500.015625,-187500.015625,-26183.4589844,0.0
-187500.015625,-187500.015625,-187500.015625,-187500.015625,-187500.015625,-187500.015625,-187500.015625,-26268.0839844,0.0
-187500.015625,-187500.015625,-187500.015625,-187500.015625,-187500.015625,-187500.015625,-187500.015625,-26374.1875,0.0
-187500.015625,-187500.015625,-187500.015625,-187500.015625,-187500.015625,-187500.015625,-187500.015625,-26304.4277344,0.0
-187500.015625,-187500.015625,-187500.015625,-187500.015625,-187500.015625,-187500.015625,-187500.015625,-26191.640625,0.0
-187500.015625,-187500.015625,-187500.015625,-187500.015625,-187500.015625,-187500.015625,-187500.015625,-26248.234375,0.0
-187500.015625,-187500.015625,-187500.015625,-187500.015625,-187500.015625,-187500.015625,-187500.015625,-26364.4863281,0.0
-187500.015625,-187500.015625,-187500.015625,-187500.015625,-187500.015625,-187500.015625,-187500.015625,-26326.0195312,0.0
-187500.015625,-187500.015625,-187500.015625,-187500.015625,-187500.015625,-187500.015625,-187500.015625,-26200.3789062,0.0
-187500.015625,-187500.015625,-187500.015625,-187500.015625,-187500.015625,-187500.015625,-187500.015625,-26224.2519531,0.0
-187500.015625,-187500.015625,-187500.015625,-187500.015625,-187500.015625,-187500.015625,-187500.015625,-26346.9394531,0.0
-187500.015625,-187500.015625,-187500.015625,-187500.015625,-187500.015625,-187500.015625,-187500.015625,-26337.6191406,0.0
-187500.015625,-187500.015625,-187500.015625,-187500.015625,-187500.015625,-187500.015625,-187500.015625,-26219.2226562,0.0
-187500.015625,-187500.015625,-187500.015625,-187500.015625,-187500.015625,-187500.015625,-187500.015625,-26210.8183594,0.0
-187500.015625,-187500.015625,-187500.015625,-187500.015625,-187500.015625,-187500.015625,-187500.015625,-26335.5175781,0.0
-187500.015625,-187500.015625,-187500.015625,-187500.015625,-187500.015625,-187500.015625,-187500.015625,-26361.0429688,0.0
-187500.015625,-187500.015625,-187500.015625,-187500.015625,-187500.015625,-187500.015625,-187500.015625,-26246.3574219,0.0
-187500.015625,-187500.015625,-187500.015625,-187500.015625,-187500.015625,-187500.015625,-187500.015625,-26203.5761719,0.0
-187500.015625,-187500.015625,-187500.015625,-187500.015625,-187500.015625,-187500.015625,-187500.015625,-26319.7832031,0.0
-187500.015625,-187500.015625,-187500.015625,-187500.015625,-187500.015625,-187500.015625,-187500.015625,-26368.4199219,0.0
-187500.015625,-187500.015625,-187500.015625,-187500.015625,-187500.015625,-187500.015625,-187500.015625,-26251.4082031,0.0
-187500.015625,-187500.015625,-187500.015625,-187500.015625,-187500.015625,-187500.015625,-187500.015625,-26184.8671875,0.0
-187500.015625,-187500.015625,-187500.015625,-187500.015625,-187500.015625,-187500.015625,-187500.015625,-26277.984375,0.0
-187500.015625,-187500.015625,-187500.015625,-187500.015625,-187500.015625,-187500.015625,-187500.015625,-26362.5859375,0.0
-187500.015625,-187500.015625,-187500.015625,-187500.015625,-187500.015625,-187500.015625,-187500.015625,-26279.125,0.0
-187500.015625,-187500.015625,-187500.015625,-187500.015625,-187500.015625,-187500.015625,-187500.015625,-26186.0527344,0.0
-187500.015625,-187500.015625,-187500.015625,-187500.015625,-187500.015625,-187500.015625,-187500.015625,-26262.7402344,0.0
-187500.015625,-187500.015625,-187500.015625,-187500.015625,-187500.015625,-187500.015625,-187500.015625,-26362.0058594,0.0
-187500.015625,-187500.015625,-187500.015625,-187500.015625,-187500.015625,-187500.015625,-187500.015625,-26297.0292969,0.0
-187500.015625,-187500.015625,-187500.015625,-187500.015625,-187500.015625,-187500.015625,-187500.015625,-26189.3828125,0.0
-187500.015625,-187500.015625,-187500.015625,-187500.015625,-187500.015625,-187500.015625,-187500.015625,-26238.8691406,0.0
-187500.015625,-187500.015625,-187500.015625,-187500.015625,-187500.015625,-187500.015625,-187500.015625,-26350.6289062,0.0
-187500.015625,-187500.015625,-187500.015625,-187500.015625,-187500.015625,-187500.015625,-187500.015625,-26317.6582031,0.0
-187500.015625,-187500.015625,-187500.015625,-187500.015625,-187500.015625,-187500.015625,-187500.015625,-26193.9414062,0.0
-187500.015625,-187500.015625,-187500.015625,-187500.015625,-187500.015625,-187500.015625,-187500.015625,-26221.8378906,0.0
-187500.015625,-187500.015625,-187500.015625,-187500.015625,-187500.015625,-187500.015625,-187500.015625,-26340.9492188,0.0
-187500.015625,-187500.015625,-187500.015625,-187500.015625,-187500.015625,-187500.015625,-187500.015625,-26343.296875,0.0
-187500.015625,-187500.015625,-187500.015625,-187500.015625,-187500.015625,-187500.015625,-187500.015625,-26217.0097656,0.0
-187500.015625,-187500.015625,-187500.015625,-187500.015625,-187500.015625,-187500.015625,-187500.015625,-26199.8652344,0.0
-187500.015625,-187500.015625,-187500.015625,-187500.015625,-187500.015625,-187500.015625,-187500.015625,-26319.7148438,0.0
-187500.015625,-187500.015625,-187500.015625,-187500.015625,-187500.015625,-187500.015625,-187500.015625,-26351.4550781,0.0
-187500.015625,-187500.015625,-187500.015625,-187500.015625,-187500.015625,-187500.015625,-187500.015625,-26233.8847656,0.0
-187500.015625,-187500.015625,-187500.015625,-187500.015625,-187500.015625,-187500.015625,-187500.015625,-26187.28125,0.0
-187500.015625,-187500.015625,-187500.015625,-187500.015625,-187500.015625,-187500.015625,-187500.015625,-26296.2011719,0.0
-187500.015625,-187500.015625,-187500.015625,-187500.015625,-187500.015625,-187500.015625,-187500.015625,-26357.9140625,0.0
-187500.015625,-187500.015625,-187500.015625,-187500.015625,-187500.015625,-187500.015625,-187500.015625,-26252.4375,0.0
-187500.015625,-187500.015625,-187500.015625,-187500.015625,-187500.015625,-187500.015625,-187500.015625,-26180.3300781,0.0
-187500.015625,-187500.015625,-187500.015625,-187500.015625,-187500.015625,-187500.015625,-187500.015625,-26281.7851562,0.0
-187500.015625,-187500.015625,-187500.015625,-187500.015625,-187500.015625,-187500.015625,-187500.015625,-26361.2441406,0.0
-187500.015625,-187500.015625,-187500.015625,-187500.015625,-187500.015625,-187500.015625,-187500.015625,-26279.8847656,0.0
-187500.015625,-187500.015625,-187500.015625,-187500.015625,-187500.015625,-187500.015625,-187500.015625,-26190.9238281,0.0
-187500.015625,-187500.015625,-187500.015625,-187500.015625,-187500.015625,-187500.015625,-187500.015625,-26259.8125,0.0
-187500.015625,-187500.015625,-187500.015625,-187500.015625,-187500.015625,-187500.015625,-187500.015625,-26364.3066406,0.0
-187500.015625,-187500.015625,-187500.015625,-187500.015625,-187500.015625,-187500.015625,-187500.015625,-26312.2285156,0.0
-187500.015625,-187500.015625,-187500.015625,-187500.015625,-187500.015625,-187500.015625,-187500.015625,-26195.9980469,0.0
-187500.015625,-187500.015625,-187500.015625,-187500.015625,-187500.015625,-187500.015625,-187500.015625,-26247.5859375,0.0
-187500.015625,-187500.015625,-187500.015625,-187500.015625,-187500.015625,-187500.015625,-187500.015625,-26364.5527344,0.0
-187500.015625,-187500.015625,-187500.015625,-187500.015625,-187500.015625,-187500.015625,-187500.015625,-26334.8261719,0.0
-187500.015625,-187500.015625,-187500.015625,-187500.015625,-187500.015625,-187500.015625,-187500.015625,-26226.4648438,0.0
-187500.015625,-187500.015625,-187500.015625,-187500.015625,-187500.015625,-187500.015625,-187500.015625,-26236.5449219,0.0
-187500.015625,-187500.015625,-187500.015625,-187500.015625,-187500.015625,-187500.015625,-187500.015625,-26352.5058594,0.0
-187500.015625,-187500.015625,-187500.015625,-187500.015625,-187500.015625,-187500.015625,-187500.015625,-26353.9355469,0.0
-187500.015625,-187500.015625,-187500.015625,-187500.015625,-187500.015625,-187500.015625,-187500.015625,-26231.2246094,0.0
-187500.015625,-187500.015625,-187500.015625,-187500.015625,-187500.015625,-187500.015625,-187500.015625,-26209.6777344,0.0
-187500.015625,-187500.015625,-187500.015625,-187500.015625,-187500.015625,-187500.015625,-187500.015625,-26330.2207031,0.0
-187500.015625,-187500.015625,-187500.015625,-187500.015625,-187500.015625,-187500.015625,-187500.015625,-26357.2226562,0.0
-187500.015625,-187500.015625,-187500.015625,-187500.015625,-187500.015625,-187500.015625,-187500.015625,-26239.8964844,0.0
-187500.015625,-187500.015625,-187500.015625,-187500.015625,-187500.015625,-187500.015625,-187500.015625,-26189.3378906,0.0
-187500.015625,-187500.015625,-187500.015625,-187500.015625,-187500.015625,-187500.015625,-187500.015625,-26298.6386719,0.0
-187500.015625,-187500.015625,-187500.015625,-187500.015625,-187500.015625,-187500.015625,-187500.015625,-26363.9726562,0.0
-187500.015625,-187500.015625,-187500.015625,-187500.015625,-187500.015625,-187500.015625,-187500.015625,-26261.1757812,0.0
-187500.015625,-187500.015625,-187500.015625,-187500.015625,-187500.015625,-187500.015625,-187500.015625,-26188.1757812,0.0
-187500.015625,-187500.015625,-187500.015625,-187500.015625,-187500.015625,-187500.015625,-187500.015625,-26275.2792969,0.0
-187500.015625,-187500.015625,-187500.015625,-187500.015625,-187500.015625,-187500.015625,-187500.015625,-26364.7089844,0.0
-187500.015625,-187500.015625,-187500.015625,-187500.015625,-187500.015625,-187500.015625,-187500.015625,-26282.7011719,0.0
-187500.015625,-187500.015625,-187500.015625,-187500.015625,-187500.015625,-187500.015625,-187500.015625,-26181.0683594,0.0
-187500.015625,-187500.015625,-187500.015625,-187500.015625,-187500.015625,-187500.015625,-187500.015625,-26251.3183594,0.0
-187500.015625,-187500.015625,-187500.015625,-187500.015625,-187500.015625,-187500.015625,-187500.015625,-26357.6015625,0.0
-187500.015625,-187500.015625,-187500.015625,-187500.015625,-187500.015625,-187500.015625,-187500.015625,-26305.8574219,0.0
-187500.015625,-187500.015625,-187500.015625,-187500.015625,-187500.015625,-187500.015625,-187500.015625,-26193.8300781,0.0
