Canal_1,Canal_2,Canal_3,Canal_4,Canal_5,Canal_6,Canal_7,Canal_8,Canal_9
0.0,0.0,0.0,0.0,0.0,0.0,0.0,0.0,1.0
-187500.015625,-187500.015625,-187500.015625,-187500.015625,-187500.015625,-187500.015625,-187500.015625,-26404.8300781,0.0
-187500.015625,-187500.015625,-187500.015625,-187500.015625,-187500.015625,-187500.015625,-187500.015625,-26533.1074219,0.0
-187500.015625,-187500.015625,-187500.015625,-187500.015625,-187500.015625,-187500.015625,-187500.015625,-26509.1015625,0.0
-187500.015625,-187500.015625,-187500.015625,-187500.015625,-187500.015625,-187500.015625,-187500.015625,-26378.2539062,0.0
-187500.015625,-187500.015625,-187500.015625,-187500.015625,-187500.015625,-187500.015625,-187500.015625,-26375.8183594,0.0
-187500.015625,-187500.015625,-187500.015625,-187500.015625,-187500.015625,-187500.015625,-187500.015625,-26506.7558594,0.0
-187500.015625,-187500.015625,-187500.015625,-187500.015625,-187500.015625,-187500.015625,-187500.015625,-26526.9160156,0.0
-187500.015625,-187500.015625,-187500.015625,-187500.015625,-187500.015625,-187500.015625,-187500.015625,-26399.734375,0.0
-187500.015625,-187500.015625,-187500.015625,-187500.015625,-187500.015625,-187500.015625,-187500.015625,-26366.9902344,0.0
-187500.015625,-187500.015625,-187500.015625,-187500.015625,-187500.015625,-187500.015625,-187500.015625,-26493.1210938,0.0
-187500.015625,-187500.015625,-187500.015625,-187500.015625,-187500.015625,-187500.015625,-187500.015625,-26544.015625,0.0
-187500.015625,-187500.015625,-187500.015625,-187500.015625,-187500.015625,-187500.015625,-187500.015625,-26433.6191406,0.0
-187500.015625,-187500.015625,-187500.015625,-187500.015625,-187500.015625,-187500.015625,-187500.015625,-26367.5488281,0.0
-187500.015625,-187500.015625,-187500.015625,-187500.015625,-187500.015625,-187500.015625,-187500.015625,-26469.5625,0.0
-187500.015625,-187500.015625,-187500.015625,-187500.015625,-187500.015625,-187500.015625,-187500.015625,-26549.0664062,0.0
-187500.015625,-187500.015625,-187500.015625,-187500.015625,-187500.015625,-187500.015625,-187500.015625,-26453.1113281,0.0
-187500.015625,-187500.015625,-187500.015625,-187500.015625,-187500.015625,-187500.015625,-187500.015625,-26362.9667969,0.0
-187500.015625,-187500.015625,-187500.015625,-187500.015625,-187500.015625,-187500.015625,-187500.015625,-26446.7851562,0.0
-187500.015625,-187500.015625,-187500.015625,-187500.015625,-187500.015625,-187500.015625,-187500.015625,-26547.4121094,0.0
-187500.015625,-187500.015625,-187500.015625,-187500.015625,-187500.015625,-187500.015625,-187500.015625,-26472.5800781,0.0
-187500.015625,-187500.015625,-187500.015625,-187500.015625,-187500.015625,-187500.015625,-187500.015625,-26360.5078125,0.0
-187500.015625,-187500.015625,-187500.015625,-187500.015625,-187500.015625,-187500.015625,-187500.015625,-26419.6269531,0.0
-187500.015625,-187500.015625,-187500.015625,-187500.015625,-187500.015625,-187500.015625,-187500.015625,-26536.6171875,0.0
-187500.015625,-187500.015625,-187500.015625,-187500.015625,-187500.015625,-187500.015625,-187500.015625,-26503.8261719,0.0
-187500.015625,-187500.015625,-187500.015625,-187500.015625,-187500.015625,-187500.015625,-187500.015625,-26383.171875,0.0
-187500.015625,-187500.015625,-187500.015625,-187500.015625,-187500.015625,-187500.015625,-187500.015625,-26397.4550781,0.0
-187500.015625,-187500.015625,-187500.015625,-187500.015625,-187500.015625,-187500.015625,-187500.015625,-26527.921875,0.0
-187500.015625,-187500.015625,-187500.015625,-187500.015625,-187500.015625,-187500.015625,-187500.015625,-26522.2890625,0.0
-187500.015625,-187500.015625,-187500.015625,-187500.015625,-187500.015625,-187500.015625,-187500.015625,-26383.1269531,0.0
-187500.015625,-187500.015625,-187500.015625,-187500.015625,-187500.015625,-187500.015625,-187500.015625,-26381.1386719,0.0
-187500.015625,-187500.015625,-187500.015625,-187500.015625,-187500.015625,-187500.015625,-187500.015625,-26510.21875,0.0
-187500.015625,-187500.015625,-187500.015625,-187500.015625,-187500.015625,-187500.015625,-187500.015625,-26537.9804688,0.0
-187500.015625,-187500.015625,-187500.015625,-187500.015625,-187500.015625,-187500.015625,-187500.015625,-26414.2636719,0.0
-187500.015625,-187500.015625,-187500.015625,-187500.015625,-187500.015625,-187500.015625,-187500.015625,-26370.1640625,0.0
-187500.015625,-187500.015625,-187500.015625,-187500.015625,-187500.015625,-187500.015625,-187500.015625,-26484.515625,0.0
-187500.015625,-187500.015625,-187500.015625,-187500.015625,-187500.015625,-187500.015625,-187500.015625,-26540.5957031,0.0
-187500.015625,-187500.015625,-187500.015625,-187500.015625,-187500.015625,-187500.015625,-187500.015625,-26429.1953125,0.0
-187500.015625,-187500.015625,-187500.015625,-187500.015625,-187500.015625,-187500.015625,-187500.015625,-26357.5117188,0.0
-187500.015625,-187500.015625,-187500.015625,-187500.015625,-187500.015625,-187500.015625,-187500.015625,-26463.1464844,0.0
-187500.015625,-187500.015625,-187500.015625,-187500.015625,-187500.015625,-187500.015625,-187500.015625,-26548.2167969,0.0
-187500.015625,-187500.015625,-187500.015625,-187500.015625,-187500.015625,-187500.015625,-187500.015625,-26461.1347656,0.0
-187500.015625,-187500.015625,-187500.015625,-187500.015625,-187500.015625,-187500.015625,-187500.015625,-26361.4453125,0.0
-187500.015625,-187500.015625,-187500.015625,-187500.015625,-187500.015625,-187500.015625,-187500.015625,-26442.1816406,0.0
-187500.015625,-187500.015625,-187500.015625,-187500.015625,-187500.015625,-187500.015625,-187500.015625,-26549.2460938,0.0
-187500.015625,-187500.015625,-187500.015625,-187500.015625,-187500.015625,-187500.015625,-187500.015625,-26481.9667969,0.0
-187500.015625,-187500.015625,-187500.015625,-187500.015625,-187500.015625,-187500.015625,-187500.015625,-26367.5488281,0.0
-187500.015625,-187500.015625,-187500.015625,-187500.015625,-187500.015625,-187500.015625,-187500.015625,-26419.9628906,0.0
-187500.015625,-187500.015625,-187500.015625,-187500.015625,-187500.015625,-187500.015625,-187500.015625,-26536.2363281,0.0
-187500.015625,-187500.015625,-187500.015625,-187500.015625,-187500.015625,-187500.015625,-187500.015625,-26507.3144531,0.0
-187500.015625,-187500.015625,-187500.015625,-187500.015625,-187500.015625,-187500.015625,-187500.015625,-26383.3066406,0.0
-187500.015625,-187500.015625,-187500.015625,-187500.015625,-187500.015625,-187500.015625,-187500.015625,-26396.6054688,0.0
-187500.015625,-187500.015625,-187500.015625,-187500.015625,-187500.015625,-187500.015625,-187500.015625,-26526.5371094,0.0
-187500.015625,-187500.015625,-187500.015625,-187500.015625,-187500.015625,-187500.015625,-187500.015625,-26523.0488281,0.0
-187500.015625,-187500.015625,-187500.015625,-187500.015625,-187500.015625,-187500.015625,-187500.015625,-26393.3652344,0.0
-187500.015625,-187500.015625,-187500.015625,-187500.015625,-187500.015625,-187500.015625,-187500.015625,-26376.890625,0.0
-187500.015625,-187500.015625,-187500.015625,-187500.015625,-187500.015625,-187500.015625,-187500.015625,-26506.21875,0.0
-187500.015625,-187500.015625,-187500.015625,-187500.015625,-187500.015625,-187500.015625,-187500.015625,-26538.1367188,0.0
-187500.015625,-187500.015625,-187500.015625,-187500.015625,-187500.015625,-187500.015625,-187500.015625,-26412.7441406,0.0
-187500.015625,-187500.015625,-187500.015625,-187500.015625,-187500.015625,-187500.015625,-187500.015625,-26370.7226562,0.0
-187500.015625,-187500.015625,-187500.015625,-187500.015625,-187500.015625,-187500.015625,-187500.015625,-26488.6953125,0.0
-187500.015625,-187500.015625,-187500.015625,-187500.015625,-187500.015625,-187500.015625,-187500.015625,-26544.8417969,0.0
-187500.015625,-187500.015625,-187500.015625,-187500.015625,-187500.015625,-187500.015625,-187500.015625,-26435.8769531,0.0
-187500.015625,-187500.015625,-187500.015625,-187500.015625,-187500.015625,-187500.015625,-187500.015625,-26364.1738281,0.0
-187500.015625,-187500.015625,-187500.015625,-187500.015625,-187500.015625,-187500.015625,-187500.015625,-26457.8046875,0.0
-187500.015625,-187500.015625,-187500.015625,-187500.015625,-187500.015625,-187500.015625,-187500.015625,-26542.2714844,0.0
-187500.015625,-187500.015625,-187500.015625,-187500.015625,-187500.015625,-187500.015625,-187500.015625,-26459.3691406,0.0
-187500.015625,-187500.015625,-187500.015625,-187500.015625,-187500.015625,-187500.015625,-187500.015625,-26359.9941406,0.0
-187500.015625,-187500.015625,-187500.015625,-187500.015625,-187500.015625,-187500.015625,-187500.015625,-26435.296875,0.0
-187500.015625,-187500.015625,-187500.015625,-187500.015625,-187500.015625,-187500.015625,-187500.015625,-26542.1601562,0.0
-187500.015625,-187500.015625,-187500.015625,-187500.015625,-187500.015625,-187500.015625,-187500.015625,-26485.7890625,0.0
-187500.015625,-187500.015625,-187500.015625,-187500.015625,-187500.015625,-187500.015625,-187500.015625,-26381.71875,0.0
-187500.015625,-187500.015625,-187500.015625,-187500.015625,-187500.015625,-187500.015625,-187500.015625,-26430.1113281,0.0
-187500.015625,-187500.015625,-187500.015625,-187500.015625,-187500.015625,-187500.015625,-187500.015625,-26549.7597656,0.0
-187500.015625,-187500.015625,-187500.015625,-187500.015625,-187500.015625,-187500.015625,-187500.015625,-26521.9765625,0.0
-187500.015625,-187500.015625,-187500.015625,-187500.015625,-187500.015625,-187500.015625,-187500.015625,-26391.5097656,0.0
-187500.015625,-187500.015625,-187500.015625,-187500.015625,-187500.015625,-187500.015625,-187500.015625,-26403.7128906,0.0
-187500.015625,-187500.015625,-187500.015625,-187500.015625,-187500.015625,-187500.015625,-187500.015625,-26529.53125,0.0
-187500.015625,-187500.015625,-187500.015625,-187500.015625,-187500.015625,-187500.015625,-187500.015625,-26532.5703125,0.0
-187500.015625,-187500.015625,-187500.015625,-187500.015625,-187500.015625,-187500.015625,-187500.015625,-26409.9941406,0.0
-187500.015625,-187500.015625,-187500.015625,-187500.015625,-187500.015625,-187500.015625,-187500.015625,-26393.96875,0.0
-187500.015625,-187500.015625,-187500.015625,-187500.015625,-187500.015625,-187500.015625,-187500.015625,-26508.0292969,0.0
-187500.015625,-187500.015625,-187500.015625,-187500.015625,-187500.015625,-187500.015625,-187500.015625,-26541.8925781,0.0
-187500.015625,-187500.015625,-187500.015625,-187500.015625,-187500.015625,-187500.015625,-187500.015625,-26419.8515625,0.0
-187500.015625,-187500.015625,-187500.015625,-187500.015625,-187500.015625,-187500.015625,-187500.015625,-26369.515625,0.0
-187500.015625,-187500.015625,-187500.015625,-187500.015625,-187500.015625,-187500.015625,-187500.015625,-26484.2246094,0.0
-187500.015625,-187500.015625,-187500.015625,-187500.015625,-187500.015625,-187500.015625,-187500.015625,-26546.5859375,0.0
-187500.015625,-187500.015625,-187500.015625,-187500.015625,-187500.015625,-187500.015625,-187500.015625,-26432.546875,0.0
-187500.015625,-187500.015625,-187500.015625,-187500.015625,-187500.015625,-187500.015625,-187500.015625,-26353.8691406,0.0
-187500.015625,-187500.015625,-187500.015625,-187500.015625,-187500.015625,-187500.015625,-187500.015625,-26449.8027344,0.0
-187500.015625,-187500.015625,-187500.015625,-187500.015625,-187500.015625,-187500.015625,-187500.015625,-26545.9589844,0.0
-187500.015625,-187500.015625,-187500.015625,-187500.015625,-187500.015625,-187500.015625,-187500.015625,-26465.8066406,0.0
-187500.015625,-187500.015625,-187500.015625,-187500.015625,-187500.015625,-187500.015625,-187500.015625,-26358.5859375,0.0
-187500.015625,-187500.015625,-187500.015625,-187500.015625,-187500.015625,-187500.015625,-187500.015625,-26431.9667969,0.0
-187500.015625,-187500.015625,-187500.015625,-187500.015625,-187500.015625,-187500.015625,-187500.015625,-26548.5742188,0.0
-187500.015625,-187500.015625,-187500.015625,-187500.015625,-187500.015625,-187500.015625,-187500.015625,-26496.0253906,0.0
-187500.015625,-187500.015625,-187500.015625,-187500.015625,-187500.015625,-187500.015625,-187500.015625,-26373.6953125,0.0
-187500.015625,-187500.015625,-187500.015625,-187500.015625,-187500.015625,-187500.015625,-187500.015625,-26414.53125,0.0
-187500.015625,-187500.015625,-187500.015625,-187500.015625,-187500.015625,-187500.015625,-187500.015625,-26539.2773438,0.0
-187500.015625,-187500.015625,-187500.015625,-187500.015625,-187500.015625,-187500.015625,-187500.015625,-26510.1074219,0.0
-187500.015625,-187500.015625,-187500.015625,-187500.015625,-187500.015625,-187500.015625,-187500.015625,-26384.5136719,0.0
-187500.015625,-187500.015625,-187500.015625,-187500.015625,-187500.015625,-187500.015625,-187500.015625,-26392.3144531,0.0
-187500.015625,-187500.015625,-187500.015625,-187500.015625,-187500.015625,-187500.015625,-187500.015625,-26522.15625,0.0
-187500.015625,-187500.015625,-187500.015625,-187500.015625,-187500.015625,-187500.015625,-187500.015625,-26529.6425781,0.0
-187500.015625,-187500.015625,-187500.015625,-187500.015625,-187500.015625,-187500.015625,-187500.015625,-26400.9648438,0.0
-187500.015625,-187500.015625,-187500.015625,-187500.015625,-187500.015625,-187500.015625,-187500.015625,-26378.6796875,0.0
-187500.015625,-187500.015625,-187500.015625,-187500.015625,-187500.015625,-187500.015625,-187500.015625,-26500.765625,0.0
-187500.015625,-187500.015625,-187500.015625,-187500.015625,-187500.015625,-187500.015625,-187500.015625,-26544.8203125,0.0
-187500.015625,-187500.015625,-187500.015625,-187500.015625,-187500.015625,-187500.015625,-187500.015625,-26425.5957031,0.0
-187500.015625,-187500.015625,-187500.015625,-187500.015625,-187500.015625,-187500.015625,-187500.015625,-26366.1621094,0.0
-187500.015625,-187500.015625,-187500.015625,-187500.015625,-187500.015625,-187500.015625,-187500.015625,-26478.0097656,0.0
-187500.015625,-187500.015625,-187500.015625,-187500.015625,-187500.015625,-187500.015625,-187500.015625,-26548.9765625,0.0
-187500.015625,-187500.015625,-187500.015625,-187500.015625,-187500.015625,-187500.015625,-187500.015625,-26448.5957031,0.0
-187500.015625,-187500.015625,-187500.015625,-187500.015625,-187500.015625,-187500.015625,-187500.015625,-26370.2519531,0.0
-187500.015625,-187500.015625,-187500.015625,-187500.015625,-187500.015625,-187500.015625,-187500.015625,-26460.8671875,0.0
-187500.015625,-187500.015625,-187500.015625,-187500.015625,-187500.015625,-187500.015625,-187500.015625,-26548.8652344,0.0
-187500.015625,-187500.015625,-187500.015625,-187500.015625,-187500.015625,-187500.015625,-187500.015625,-26471.2382812,0.0
-187500.015625,-187500.015625,-187500.015625,-187500.015625,-187500.015625,-187500.015625,-187500.015625,-26369.7832031,0.0
-187500.015625,-187500.015625,-187500.015625,-187500.015625,-187500.015625,-187500.015625,-187500.015625,-26434.3808594,0.0
-187500.015625,-187500.015625,-187500.015625,-187500.015625,-187500.015625,-187500.015625,-187500.015625,-26545.9375,0.0
-187500.015625,-187500.015625,-187500.015625,-187500.015625,-187500.015625,-187500.015625,-187500.015625,-26495.4453125,0.0
-187500.015625,-187500.015625,-187500.015625,-187500.015625,-187500.015625,-187500.015625,-187500.015625,-26382.2558594,0.0
-187500.015625,-187500.015625,-187500.015625,-187500.015625,-187500.015625,-187500.015625,-187500.015625,-26414.7109375,0.0
-187500.015625,-187500.015625,-187500.015625,-187500.015625,-187500.015625,-187500.015625,-187500.015625,-26530.984375,0.0
-187500.015625,-187500.015625,-187500.015625,-187500.015625,-187500.015625,-187500.015625,-187500.015625,-26511.3378906,0.0
-187500.015625,-187500.015625,-187500.015625,-187500.015625,-187500.015625,-187500.015625,-187500.015625,-26385.8535156,0.0
-187500.015625,-187500.015625,-187500.015625,-187500.015625,-187500.015625,-187500.015625,-187500.015625,-26383.2617188,0.0
-187500.015625,-187500.015625,-187500.015625,-187500.015625,-187500.015625,-187500.015625,-187500.015625,-26514.9140625,0.0
-187500.015625,-187500.015625,-187500.015625,-187500.015625,-187500.015625,-187500.015625,-187500.015625,-26529.0175781,0.0
-187500.015625,-187500.015625,-187500.015625,-187500.015625,-187500.015625,-187500.015625,-187500.015625,-26395.0625,0.0
-187500.015625,-187500.015625,-187500.015625,-187500.015625,-187500.015625,-187500.015625,-187500.015625,-26363.703125,0.0
-187500.015625,-187500.015625,-187500.015625,-187500.015625,-187500.015625,-187500.015625,-187500.015625,-26490.5273438,0.0
-187500.015625,-187500.015625,-187500.015625,-187500.015625,-187500.015625,-187500.015625,-187500.015625,-26532.2128906,0.0
-187500.015625,-187500.015625,-187500.015625,-187500.015625,-187500.015625,-187500.015625,-187500.015625,-26420.8339844,0.0
-187500.015625,-187500.015625,-187500.015625,-187500.015625,-187500.015625,-187500.015625,-187500.015625,-26363.7929688,0.0
-187500.015625,-187500.015625,-187500.015625,-187500.015625,-187500.015625,-187500.015625,-187500.015625,-26470.1875,0.0
-187500.015625,-187500.015625,-187500.015625,-187500.015625,-187500.015625,-187500.015625,-187500.015625,-26542.6074219,0.0
-187500.015625,-187500.015625,-187500.015625,-187500.015625,-187500.015625,-187500.015625,-187500.015625,-26452.2167969,0.0
-187500.015625,-187500.015625,-187500.015625,-187500.015625,-187500.015625,-187500.015625,-187500.015625,-26362.8105469,0.0
-187500.015625,-187500.015625,-187500.015625,-187500.015625,-187500.015625,-187500.015625,-187500.015625,-26447.9023438,0.0
-187500.015625,-187500.015625,-187500.015625,-187500.015625,-187500.015625,-187500.015625,-187500.015625,-26544.4628906,0.0
-187500.015625,-187500.015625,-187500.015625,-187500.015625,-187500.015625,-187500.015625,-187500.015625,-26470.5898438,0.0
-187500.015625,-187500.015625,-187500.015625,-187500.015625,-187500.015625,-187500.015625,-187500.015625,-26367.8378906,0.0
-187500.015625,-187500.015625,-187500.015625,-187500.015625,-187500.015625,-187500.015625,-187500.015625,-26429.1269531,0.0
-187500.015625,-187500.015625,-187500.015625,-187500.015625,-187500.015625,-187500.015625,-187500.015625,-26539.0078125,0.0
-187500.015625,-187500.015625,-187500.015625,-187500.015625,-187500.015625,-187500.015625,-187500.015625,-26492.1816406,0.0
-187500.015625,-187500.015625,-187500.015625,-187500.015625,-187500.015625,-187500.015625,-187500.015625,-26372.9804688,0.0
-187500.015625,-187500.015625,-187500.015625,-187500.015625,-187500.015625,-187500.015625,-187500.015625,-26397.7460938,0.0
-187500.015625,-187500.015625,-187500.015625,-187500.015625,-187500.015625,-187500.015625,-187500.015625,-26527.6992188,0.0
-187500.015625,-187500.015625,-187500.015625,-187500.015625,-187500.015625,-187500.015625,-187500.015625,-26516.7460938,0.0
-187500.015625,-187500.015625,-187500.015625,-187500.015625,-187500.015625,-187500.015625,-187500.015625,-26386.7265625,0.0
-187500.015625,-187500.015625,-187500.015625,-187500.015625,-187500.015625,-187500.015625,-187500.015625,-26383.1269531,0.0
-187500.015625,-187500.015625,-187500.015625,-187500.015625,-187500.015625,-187500.015625,-187500.015625,-26508.7226562,0.0
-187500.015625,-187500.015625,-187500.015625,-187500.015625,-187500.015625,-187500.015625,-187500.015625,-26530.0449219,0.0
-187500.015625,-187500.015625,-187500.015625,-187500.015625,-187500.015625,-187500.015625,-187500.015625,-26401.7460938,0.0
-187500.015625,-187500.015625,-187500.015625,-187500.015625,-187500.015625,-187500.015625,-187500.015625,-26360.0371094,0.0
-187500.015625,-187500.015625,-187500.015625,-187500.015625,-187500.015625,-187500.015625,-187500.015625,-26487.7109375,0.0
-187500.015625,-187500.015625,-187500.015625,-187500.015625,-187500.015625,-187500.015625,-187500.015625,-26540.1933594,0.0
-187500.015625,-187500.015625,-187500.015625,-187500.015625,-187500.015625,-187500.015625,-187500.015625,-26424.0976562,0.0
-187500.015625,-187500.015625,-187500.015625,-187500.015625,-187500.015625,-187500.015625,-187500.015625,-26355.03125,0.0
-187500.015625,-187500.015625,-187500.015625,-187500.015625,-187500.015625,-187500.015625,-187500.015625,-26459.6367188,0.0
-187500.015625,-187500.015625,-187500.015625,-187500.015625,-187500.015625,-187500.015625,-187500.015625,-26542.40625,0.0
-187500.015625,-187500.015625,-187500.015625,-187500.015625,-187500.015625,-187500.015625,-187500.015625,-26446.8300781,0.0
-187500.015625,-187500.015625,-187500.015625,-187500.015625,-187500.015625,-187500.015625,-187500.015625,-26360.640625,0.0
-187500.015625,-187500.015625,-187500.015625,-187500.015625,-187500.015625,-187500.015625,-187500.015625,-26444.3945312,0.0
-187500.015625,-187500.015625,-187500.015625,-187500.015625,-187500.015625,-187500.015625,-187500.015625,-26545.1328125,0.0
-187500.015625,-187500.015625,-187500.015625,-187500.015625,-187500.015625,-187500.015625,-187500.015625,-26472.0878906,0.0
-187500.015625,-187500.015625,-187500.015625,-187500.015625,-187500.015625,-187500.015625,-187500.015625,-26371.1699219,0.0
-187500.015625,-187500.015625,-187500.015625,-187500.015625,-187500.015625,-187500.015625,-187500.015625,-26425.6621094,0.0
-187500.015625,-187500.015625,-187500.015625,-187500.015625,-187500.015625,-187500.015625,-187500.015625,-26543.7480469,0.0
-187500.015625,-187500.015625,-187500.015625,-187500.015625,-187500.015625,-187500.015625,-187500.015625,-26506.2851562,0.0
-187500.015625,-187500.015625,-187500.015625,-187500.015625,-187500.015625,-187500.015625,-187500.015625,-26379.171875,0.0
-187500.015625,-187500.015625,-187500.015625,-187500.015625,-187500.015625,-187500.015625,-187500.015625,-26408.09375,0.0
-187500.015625,-187500.015625,-187500.015625,-187500.015625,-187500.015625,-187500.015625,-187500.015625,-26539.1425781,0.0
-187500.015625,-187500.015625,-187500.015625,-187500.015625,-187500.015625,-187500.015625,-187500.015625,-26520.3886719,0.0
-187500.015625,-187500.015625,-187500.015625,-187500.015625,-187500.015625,-187500.015625,-187500.015625,-26391.1289062,0.0
-187500.015625,-187500.015625,-187500.015625,-187500.015625,-187500.015625,-187500.015625,-187500.015625,-26378.5898438,0.0
-187500.015625,-187500.015625,-187500.015625,-187500.015625,-187500.015625,-187500.015625,-187500.015625,-26510.8222656,0.0
-187500.015625,-187500.015625,-187500.015625,-187500.015625,-187500.015625,-187500.015625,-187500.015625,-26535.4765625,0.0
-187500.015625,-187500.015625,-187500.015625,-187500.015625,-187500.015625,-187500.015625,-187500.015625,-26412.5429688,0.0
-187500.015625,-187500.015625,-187500.015625,-187500.015625,-187500.015625,-187500.015625,-187500.015625,-26370.2304688,0.0
-187500.015625,-187500.015625,-187500.015625,-187500.015625,-187500.015625,-187500.015625,-187500.015625,-26484.9394531,0.0
-187500.015625,-187500.015625,-187500.015625,-187500.015625,-187500.015625,-187500.015625,-187500.015625,-26544.8652344,0.0
-187500.015625,-187500.015625,-187500.015625,-187500.015625,-187500.015625,-187500.015625,-187500.015625,-26438.1796875,0.0
-187500.015625,-187500.015625,-187500.015625,-187500.015625,-187500.015625,-187500.015625,-187500.015625,-26367.6152344,0.0
-187500.015625,-187500.015625,-187500.015625,-187500.015625,-187500.015625,-187500.015625,-187500.015625,-26470.9257812,0.0
-187500.015625,-187500.015625,-187500.015625,-187500.015625,-187500.015625,-187500.015625,-187500.015625,-26550.7871094,0.0
-187500.015625,-187500.015625,-187500.015625,-187500.015625,-187500.015625,-187500.015625,-187500.015625,-26458.5878906,0.0
-187500.015625,-187500.015625,-187500.015625,-187500.015625,-187500.015625,-187500.015625,-187500.015625,-26360.5742188,0.0
-187500.015625,-187500.015625,-187500.015625,-187500.015625,-187500.015625,-187500.015625,-187500.015625,-26442.4941406,0.0
-187500.015625,-187500.015625,-187500.015625,-187500.015625,-187500.015625,-187500.015625,-187500.015625,-26547.5019531,0.0
-187500.015625,-187500.015625,-187500.015625,-187500.015625,-187500.015625,-187500.015625,-187500.015625,-26485.0957031,0.0
-187500.015625,-187500.015625,-187500.015625,-187500.015625,-187500.015625,-187500.015625,-187500.015625,-26371.5273438,0.0
-187500.015625,-187500.015625,-187500.015625,-187500.015625,-187500.015625,-187500.015625,-187500.015625,-26424.4785156,0.0
-187500.015625,-187500.015625,-187500.015625,-187500.015625,-187500.015625,-187500.015625,-187500.015625,-26545.8710938,0.0
-187500.015625,-187500.015625,-187500.015625,-187500.015625,-187500.015625,-187500.015625,-187500.015625,-26508.9238281,0.0
-187500.015625,-187500.015625,-187500.015625,-187500.015625,-187500.015625,-187500.015625,-187500.015625,-26383.7988281,0.0
-187500.015625,-187500.015625,-187500.015625,-187500.015625,-187500.015625,-187500.015625,-187500.015625,-26403.9589844,0.0
-187500.015625,-187500.015625,-187500.015625,-187500.015625,-187500.015625,-187500.015625,-187500.015625,-26532.5488281,0.0
-187500.015625,-187500.015625,-187500.015625,-187500.015625,-187500.015625,-187500.015625,-187500.015625,-26524.0097656,0.0
-187500.015625,-187500.015625,-187500.015625,-187500.015625,-187500.015625,-187500.015625,-187500.015625,-26392.359375,0.0
-187500.015625,-187500.015625,-187500.015625,-187500.015625,-187500.015625,-187500.015625,-187500.015625,-26374.9238281,0.0
-187500.015625,-187500.015625,-187500.015625,-187500.015625,-187500.015625,-187500.015625,-187500.015625,-26505.0566406,0.0
-187500.015625,-187500.015625,-187500.015625,-187500.015625,-187500.015625,-187500.015625,-187500.015625,-26536.7519531,0.0
-187500.015625,-187500.015625,-187500.015625,-187500.015625,-187500.015625,-187500.015625,-187500.015625,-26414.6660156,0.0
-187500.015625,-187500.015625,-187500.015625,-187500.015625,-187500.015625,-187500.015625,-187500.015625,-26369.3359375,0.0
-187500.015625,-187500.015625,-187500.015625,-187500.015625,-187500.015625,-187500.015625,-187500.015625,-26488.0917969,0.0
-187500.015625,-187500.015625,-187500.015625,-187500.015625,-187500.015625,-187500.015625,-187500.015625,-26548.4863281,0.0
-187500.015625,-187500.015625,-187500.015625,-187500.015625,-187500.015625,-187500.015625,-187500.015625,-26439.6328125,0.0
-187500.015625,-187500.015625,-187500.015625,-187500.015625,-187500.015625,-187500.015625,-187500.015625,-26364.7539062,0.0
-187500.015625,-187500.015625,-187500.015625,-187500.015625,-187500.015625,-187500.015625,-187500.015625,-26463.6386719,0.0
-187500.015625,-187500.015625,-187500.015625,-187500.015625,-187500.015625,-187500.015625,-187500.015625,-26549.8945312,0.0
-187500.015625,-187500.015625,-187500.015625,-187500.015625,-187500.015625,-187500.015625,-187500.015625,-26464.1523438,0.0
-187500.015625,-187500.015625,-187500.015625,-187500.015625,-187500.015625,-187500.015625,-187500.015625,-26367.7714844,0.0
-187500.015625,-187500.015625,-187500.015625,-187500.015625,-187500.015625,-187500.015625,-187500.015625,-26441.8457031,0.0
-187500.015625,-187500.015625,-187500.015625,-187500.015625,-187500.015625,-187500.015625,-187500.015625,-26544.3945312,0.0
-187500.015625,-187500.015625,-187500.015625,-187500.015625,-187500.015625,-187500.015625,-187500.015625,-26481.1835938,0.0
-187500.015625,-187500.015625,-187500.015625,-187500.015625,-187500.015625,-187500.015625,-187500.015625,-26367.1679688,0.0
-187500.015625,-187500.015625,-187500.015625,-187500.015625,-187500.015625,-187500.015625,-187500.015625,-26413.6367188,0.0
-187500.015625,-187500.015625,-187500.015625,-187500.015625,-187500.015625,-187500.015625,-187500.015625,-26527.9003906,0.0
-187500.015625,-187500.015625,-187500.015625,-187500.015625,-187500.015625,-187500.015625,-187500.015625,-26502.9550781,0.0
-187500.015625,-187500.015625,-187500.015625,-187500.015625,-187500.015625,-187500.015625,-187500.015625,-26377.2050781,0.0
-187500.015625,-187500.015625,-187500.015625,-187500.015625,-187500.015625,-187500.015625,-187500.015625,-26384.0878906,0.0
-187500.015625,-187500.015625,-187500.015625,-187500.015625,-187500.015625,-187500.015625,-187500.015625,-26510.21875,0.0
-187500.015625,-187500.015625,-187500.015625,-187500.015625,-187500.015625,-187500.015625,-187500.015625,-26511.2480469,0.0
-187500.015625,-187500.015625,-187500.015625,-187500.015625,-187500.015625,-187500.015625,-187500.015625,-26388.2675781,0.0
-187500.015625,-187500.015625,-187500.015625,-187500.015625,-187500.015625,-187500.015625,-187500.015625,-26374.6113281,0.0
-187500.015625,-187500.015625,-187500.015625,-187500.015625,-187500.015625,-187500.015625,-187500.015625,-26506.7324219,0.0
-187500.015625,-187500.015625,-187500.015625,-187500.015625,-187500.015625,-187500.015625,-187500.015625,-26537.7792969,0.0
-187500.015625,-187500.015625,-187500.015625,-187500.015625,-187500.015625,-187500.015625,-187500.015625,-26417.7285156,0.0
-187500.015625,-187500.015625,-187500.015625,-187500.015625,-187500.015625,-187500.015625,-187500.015625,-26376.5332031,0.0
-187500.015625,-187500.015625,-187500.015625,-187500.015625,-187500.015625,-187500.015625,-187500.015625,-26494.5058594,0.0
-187500.015625,-187500.015625,-187500.015625,-187500.015625,-187500.015625,-187500.015625,-187500.015625,-26553.7832031,0.0
-187500.015625,-187500.015625,-187500.015625,-187500.015625,-187500.015625,-187500.015625,-187500.015625,-26448.2382812,0.0
-187500.015625,-187500.015625,-187500.015625,-187500.015625,-187500.015625,-187500.015625,-187500.015625,-26374.5214844,0.0
-187500.015625,-187500.015625,-187500.015625,-187500.015625,-187500.015625,-187500.015625,-187500.015625,-26464.6894531,0.0
-187500.015625,-187500.015625,-187500.015625,-187500.015625,-187500.015625,-187500.015625,-187500.015625,-26551.078125,0.0
-187500.015625,-187500.015625,-187500.015625,-187500.015625,-187500.015625,-187500.015625,-187500.015625,-26464.1523438,0.0
-187500.015625,-187500.015625,-187500.015625,-187500.015625,-187500.015625,-187500.015625,-187500.015625,-26359.2773438,0.0
-187500.015625,-187500.015625,-187500.015625,-187500.015625,-187500.015625,-187500.015625,-187500.015625,-26428.4335938,0.0
-187500.015625,-187500.015625,-187500.015625,-187500.015625,-187500.015625,-187500.015625,-187500.015625,-26542.4726562,0.0
-187500.015625,-187500.015625,-187500.015625,-187500.015625,-187500.015625,-187500.015625,-187500.015625,-26478.9726562,0.0
-187500.015625,-187500.015625,-187500.015625,-187500.015625,-187500.015625,-187500.015625,-187500.015625,-26355.5449219,0.0
-187500.015625,-187500.015625,-187500.015625,-187500.015625,-187500.015625,-187500.015625,-187500.015625,-26395.5546875,0.0
-187500.015625,-187500.015625,-187500.015625,-187500.015625,-187500.015625,-187500.015625,-187500.015625,-26524.546875,0.0
-187500.015625,-187500.015625,-187500.015625,-187500.015625,-187500.015625,-187500.015625,-187500.015625,-26502.53125,0.0
-187500.015625,-187500.015625,-187500.015625,-187500.015625,-187500.015625,-187500.015625,-187500.015625,-26372.8457031,0.0
-187500.015625,-187500.015625,-187500.015625,-187500.015625,-187500.015625,-187500.015625,-187500.015625,-26382.5234375,0.0
-187500.015625,-187500.015625,-187500.015625,-187500.015625,-187500.015625,-187500.015625,-187500.015625,-26513.2597656,0.0
-187500.015625,-187500.015625,-187500.015625,-187500.015625,-187500.015625,-187500.015625,-187500.015625,-26523.4960938,0.0
-187500.015625,-187500.015625,-187500.015625,-187500.015625,-187500.015625,-187500.015625,-187500.015625,-26399.8027344,0.0
-187500.015625,-187500.015625,-187500.015625,-187500.015625,-187500.015625,-187500.015625,-187500.015625,-26377.7402344,0.0
-187500.015625,-187500.015625,-187500.015625,-187500.015625,-187500.015625,-187500.015625,-187500.015625,-26501.3242188,0.0
-187500.015625,-187500.015625,-187500.015625,-187500.015625,-187500.015625,-187500.015625,-187500.015625,-26539.1425781,0.0
-187500.015625,-187500.015625,-187500.015625,-187500.015625,-187500.015625,-187500.015625,-187500.015625,-26426.109375,0.0
-187500.015625,-187500.015625,-187500.015625,-187500.015625,-187500.015625,-187500.015625,-187500.015625,-26372.0410156,0.0
-187500.015625,-187500.015625,-187500.015625,-187500.015625,-187500.015625,-187500.015625,-187500.015625,-26483.5097656,0.0
-187500.015625,-187500.015625,-187500.015625,-187500.015625,-187500.015625,-187500.015625,-187500.015625,-26554.0742188,0.0
-187500.015625,-187500.015625,-187500.015625,-187500.015625,-187500.015625,-187500.015625,-187500.015625,-26456.7324219,0.0
-187500.015625,-187500.015625,-187500.015625,-187500.015625,-187500.015625,-187500.015625,-187500.015625,-26373.9179688,0.0
-187500.015625,-187500.015625,-187500.015625,-187500.015625,-187500.015625,-187500.015625,-187500.015625,-26462.1640625,0.0
-187500.015625,-187500.015625,-187500.015625,-187500.015625,-187500.015625,-187500.015625,-187500.015625,-26554.4082031,0.0
-187500.015625,-187500.015625,-187500.015625,-187500.015625,-187500.015625,-187500.015625,-187500.015625,-26469.6054688,0.0
-187500.015625,-187500.015625,-187500.015625,-187500.015625,-187500.015625,-187500.015625,-187500.015625,-26363.4140625,0.0
-187500.015625,-187500.015625,-187500.015625,-187500.015625,-187500.015625,-187500.015625,-187500.015625,-26430.5351562,0.0
-187500.015625,-187500.015625,-187500.015625,-187500.015625,-187500.015625,-187500.015625,-187500.015625,-26544.3496094,0.0
-187500.015625,-187500.015625,-187500.015625,-187500.015625,-187500.015625,-187500.015625,-187500.015625,-26492.0019531,0.0
-187500.015625,-187500.015625,-187500.015625,-187500.015625,-187500.015625,-187500.015625,-187500.015625,-26371.90625,0.0
-187500.015625,-187500.015625,-187500.015625,-187500.015625,-187500.015625,-187500.015625,-187500.015625,-26406.9765625,0.0
-187500.015625,-187500.015625,-187500.015625,-187500.015625,-187500.015625,-187500.015625,-187500.015625,-26535.4765625,0.0
-187500.015625,-187500.015625,-187500.015625,-187500.015625,-187500.015625,-187500.015625,-187500.015625,-26517.9746094,0.0
-187500.015625,-187500.015625,-187500.015625,-187500.015625,-187500.015625,-187500.015625,-187500.015625,-26387.9335938,0.0
-187500.015625,-187500.015625,-187500.015625,-187500.015625,-187500.015625,-187500.015625,-187500.015625,-26388.8046875,0.0
-187500.015625,-187500.015625,-187500.015625,-187500.015625,-187500.015625,-187500.015625,-187500.015625,-26522.8027344,0.0
-187500.015625,-187500.015625,-187500.015625,-187500.015625,-187500.015625,-187500.015625,-187500.015625,-26528.0117188,0.0
-187500.015625,-187500.015625,-187500.015625,-187500.015625,-187500.015625,-187500.015625,-187500.015625,-26400.2265625,0.0
-187500.015625,-187500.015625,-187500.015625,-187500.015625,-187500.015625,-187500.015625,-187500.015625,-26371.8183594,0.0
-187500.015625,-187500.015625,-187500.015625,-187500.015625,-187500.015625,-187500.015625,-187500.015625,-26494.5507812,0.0
-187500.015625,-187500.015625,-187500.015625,-187500.015625,-187500.015625,-187500.015625,-187500.015625,-26543.1660156,0.0
-187500.015625,-187500.015625,-187500.015625,-187500.015625,-187500.015625,-187500.015625,-187500.015625,-26432.078125,0.0
-187500.015625,-187500.015625,-187500.015625,-187500.015625,-187500.015625,-187500.015625,-187500.015625,-26368.9570312,0.0
-187500.015625,-187500.015625,-187500.015625,-187500.015625,-187500.015625,-187500.015625,-187500.015625,-26482.9511719,0.0
-187500.015625,-187500.015625,-187500.015625,-187500.015625,-187500.015625,-187500.015625,-187500.015625,-26558.7226562,0.0
-187500.015625,-187500.015625,-187500.015625,-187500.015625,-187500.015625,-187500.015625,-187500.015625,-26458.9453125,0.0
-187500.015625,-187500.015625,-187500.015625,-187500.015625,-187500.015625,-187500.015625,-187500.015625,-26369.6484375,0.0
-187500.015625,-187500.015625,-187500.015625,-187500.015625,-187500.015625,-187500.015625,-187500.015625,-26462.9453125,0.0
-187500.015625,-187500.015625,-187500.015625,-187500.015625,-187500.015625,-187500.015625,-187500.015625,-26559.6621094,0.0
-187500.015625,-187500.015625,-187500.015625,-187500.015625,-187500.015625,-187500.015625,-187500.015625,-26480.15625,0.0
-187500.015625,-187500.015625,-187500.015625,-187500.015625,-187500.015625,-187500.015625,-187500.015625,-26371.7949219,0.0
-187500.015625,-187500.015625,-187500.015625,-187500.015625,-187500.015625,-187500.015625,-187500.015625,-26435.2070312,0.0
-187500.015625,-187500.015625,-187500.015625,-187500.015625,-187500.015625,-187500.015625,-187500.015625,-26545.1542969,0.0
-187500.015625,-187500.015625,-187500.015625,-187500.015625,-187500.015625,-187500.015625,-187500.015625,-26498.0820312,0.0
-187500.015625,-187500.015625,-187500.015625,-187500.015625,-187500.015625,-187500.015625,-187500.015625,-26376.0859375,0.0
-187500.015625,-187500.015625,-187500.015625,-187500.015625,-187500.015625,-187500.015625,-187500.015625,-26407.3789062,0.0
-187500.015625,-187500.015625,-187500.015625,-187500.015625,-187500.015625,-187500.015625,-187500.015625,-26533.0410156,0.0
-187500.015625,-187500.015625,-187500.015625,-187500.015625,-187500.015625,-187500.015625,-187500.015625,-26516.8808594,0.0
-187500.015625,-187500.015625,-187500.015625,-187500.015625,-187500.015625,-187500.015625,-187500.015625,-26388.5136719,0.0
-187500.015625,-187500.015625,-187500.015625,-187500.015625,-187500.015625,-187500.015625,-187500.015625,-26382.1660156,0.0
-187500.015625,-187500.015625,-187500.015625,-187500.015625,-187500.015625,-187500.015625,-187500.015625,-26506.7109375,0.0
-187500.015625,-187500.015625,-187500.015625,-187500.015625,-187500.015625,-187500.015625,-187500.015625,-26524.078125,0.0
-187500.015625,-187500.015625,-187500.015625,-187500.015625,-187500.015625,-187500.015625,-187500.015625,-26396.4042969,0.0
-187500.015625,-187500.015625,-187500.015625,-187500.015625,-187500.015625,-187500.015625,-187500.015625,-26359.8378906,0.0
-187500.015625,-187500.015625,-187500.015625,-187500.015625,-187500.015625,-187500.015625,-187500.015625,-26490.7734375,0.0
-187500.015625,-187500.015625,-187500.015625,-187500.015625,-187500.015625,-187500.015625,-187500.015625,-26545.5136719,0.0
-187500.015625,-187500.015625,-187500.015625,-187500.015625,-187500.015625,-187500.015625,-187500.015625,-26431.3632812,0.0
-187500.015625,-187500.015625,-187500.015625,-187500.015625,-187500.015625,-187500.015625,-187500.015625,-26376.1757812,0.0
-187500.015625,-187500.015625,-187500.015625,-187500.015625,-187500.015625,-187500.015625,-187500.015625,-26490.0351562,0.0
-187500.015625,-187500.015625,-187500.015625,-187500.015625,-187500.015625,-187500.015625,-187500.015625,-26568.3339844,0.0
-187500.015625,-187500.015625,-187500.015625,-187500.015625,-187500.015625,-187500.015625,-187500.015625,-26464.734375,0.0
-187500.015625,-187500.015625,-187500.015625,-187500.015625,-187500.015625,-187500.015625,-187500.015625,-26374.03125,0.0
-187500.015625,-187500.015625,-187500.015625,-187500.015625,-187500.015625,-187500.015625,-187500.015625,-26459.2578125,0.0
-187500.015625,-187500.015625,-187500.015625,-187500.015625,-187500.015625,-187500.015625,-187500.015625,-26557.9414062,0.0
-187500.015625,-187500.015625,-187500.015625,-187500.015625,-187500.015625,-187500.015625,-187500.015625,-26490.7519531,0.0
-187500.015625,-187500.015625,-187500.015625,-187500.015625,-187500.015625,-187500.015625,-187500.015625,-26377.9863281,0.0
-187500.015625,-187500.015625,-187500.015625,-187500.015625,-187500.015625,-187500.015625,-187500.015625,-26435.3183594,0.0
-187500.015625,-187500.015625,-187500.015625,-187500.015625,-187500.015625,-187500.015625,-187500.015625,-26551.90625,0.0
-187500.015625,-187500.015625,-187500.015625,-187500.015625,-187500.015625,-187500.015625,-187500.015625,-26508.5214844,0.0
-187500.015625,-187500.015625,-187500.015625,-187500.015625,-187500.015625,-187500.015625,-187500.015625,-26381.0273438,0.0
-187500.015625,-187500.015625,-187500.015625,-187500.015625,-187500.015625,-187500.015625,-187500.015625,-26409.4570312,0.0
-187500.015625,-187500.015625,-187500.015625,-187500.015625,-187500.015625,-187500.015625,-187500.015625,-26535.9238281,0.0
-187500.015625,-187500.015625,-187500.015625,-187500.015625,-187500.015625,-187500.015625,-187500.015625,-26526.8945312,0.0
-187500.015625,-187500.015625,-187500.015625,-187500.015625,-187500.015625,-187500.015625,-187500.015625,-26395.3535156,0.0
-187500.015625,-187500.015625,-187500.015625,-187500.015625,-187500.015625,-187500.015625,-187500.015625,-26390.6152344,0.0
-187500.015625,-187500.015625,-187500.015625,-187500.015625,-187500.015625,-187500.015625,-187500.015625,-26522.3339844,0.0
-187500.015625,-187500.015625,-187500.015625,-187500.015625,-187500.015625,-187500.015625,-187500.015625,-26542.0488281,0.0
-187500.015625,-187500.015625,-187500.015625,-187500.015625,-187500.015625,-187500.015625,-187500.015625,-26412.9003906,0.0
-187500.015625,-187500.015625,-187500.015625,-187500.015625,-187500.015625,-187500.015625,-187500.015625,-26375.953125,0.0
-187500.015625,-187500.015625,-187500.015625,-187500.015625,-187500.015625,-187500.015625,-187500.015625,-26496.5625,0.0
-187500.015625,-187500.015625,-187500.015625,-187500.015625,-187500.015625,-187500.015625,-187500.015625,-26553.2910156,0.0
-187500.015625,-187500.015625,-187500.015625,-187500.015625,-187500.015625,-187500.015625,-187500.015625,-26437.8671875,0.0
-187500.015625,-187500.015625,-187500.015625,-187500.015625,-187500.015625,-187500.015625,-187500.015625,-26366.6542969,0.0
-187500.015625,-187500.015625,-187500.015625,-187500.015625,-187500.015625,-187500.015625,-187500.015625,-26471.0371094,0.0
-187500.015625,-187500.015625,-187500.015625,-187500.015625,-187500.015625,-187500.015625,-187500.015625,-26558.8339844,0.0
-187500.015625,-187500.015625,-187500.015625,-187500.015625,-187500.015625,-187500.015625,-187500.015625,-26464.8007812,0.0
-187500.015625,-187500.015625,-187500.015625,-187500.015625,-187500.015625,-187500.015625,-187500.015625,-26373.1367188,0.0
-187500.015625,-187500.015625,-187500.015625,-187500.015625,-187500.015625,-187500.015625,-187500.015625,-26449.5566406,0.0
-187500.015625,-187500.015625,-187500.015625,-187500.015625,-187500.015625,-187500.015625,-187500.015625,-26557.5390625,0.0
-187500.015625,-187500.015625,-187500.015625,-187500.015625,-187500.015625,-187500.015625,-187500.015625,-26489.8789062,0.0
-187500.015625,-187500.015625,-187500.015625,-187500.015625,-187500.015625,-187500.015625,-187500.015625,-26376.3554688,0.0
-187500.015625,-187500.015625,-187500.015625,-187500.015625,-187500.015625,-187500.015625,-187500.015625,-26427.09375,0.0
-187500.015625,-187500.015625,-187500.015625,-187500.015625,-187500.015625,-187500.015625,-187500.015625,-26543.0761719,0.0
-187500.015625,-187500.015625,-187500.015625,-187500.015625,-187500.015625,-187500.015625,-187500.015625,-26507.8046875,0.0
-187500.015625,-187500.015625,-187500.015625,-187500.015625,-187500.015625,-187500.015625,-187500.015625,-26385.4082031,0.0
-187500.015625,-187500.015625,-187500.015625,-187500.015625,-187500.015625,-187500.015625,-187500.015625,-26405.0546875,0.0
-187500.015625,-187500.015625,-187500.015625,-187500.015625,-187500.015625,-187500.015625,-187500.015625,-26534.1367188,0.0
-187500.015625,-187500.015625,-187500.015625,-187500.015625,-187500.015625,-187500.015625,-187500.015625,-26536.5273438,0.0
-187500.015625,-187500.015625,-187500.015625,-187500.015625,-187500.015625,-187500.015625,-187500.015625,-26402.5292969,0.0
-187500.015625,-187500.015625,-187500.015625,-187500.015625,-187500.015625,-187500.015625,-187500.015625,-26386.8828125,0.0
-187500.015625,-187500.015625,-187500.015625,-187500.015625,-187500.015625,-187500.015625,-187500.015625,-26517.796875,0.0
-187500.015625,-187500.015625,-187500.015625,-187500.015625,-187500.015625,-187500.015625,-187500.015625,-26548.5976562,0.0
-187500.015625,-187500.015625,-187500.015625,-187500.015625,-187500.015625,-187500.015625,-187500.015625,-26425.0585938,0.0
-187500.015625,-187500.015625,-187500.015625,-187500.015625,-187500.015625,-187500.015625,-187500.015625,-26371.2578125,0.0
-187500.015625,-187500.015625,-187500.015625,-187500.015625,-187500.015625,-187500.015625,-187500.015625,-26491.8691406,0.0
-187500.015625,-187500.015625,-187500.015625,-187500.015625,-187500.015625,-187500.015625,-187500.015625,-26551.9941406,0.0
-187500.015625,-187500.015625,-187500.015625,-187500.015625,-187500.015625,-187500.015625,-187500.015625,-26442.8066406,0.0
-187500.015625,-187500.015625,-187500.015625,-187500.015625,-187500.015625,-187500.015625,-187500.015625,-26368.5546875,0.0
-187500.015625,-187500.015625,-187500.015625,-187500.015625,-187500.015625,-187500.015625,-187500.015625,-26466.0976562,0.0
-187500.015625,-187500.015625,-187500.015625,-187500.015625,-187500.015625,-187500.015625,-187500.015625,-26557.046875,0.0
-187500.015625,-187500.015625,-187500.015625,-187500.015625,-187500.015625,-187500.015625,-187500.015625,-26466.4101562,0.0
-187500.015625,-187500.015625,-187500.015625,-187500.015625,-187500.015625,-187500.015625,-187500.015625,-26360.5742188,0.0
-187500.015625,-187500.015625,-187500.015625,-187500.015625,-187500.015625,-187500.015625,-187500.015625,-26442.828125,0.0
-187500.015625,-187500.015625,-187500.015625,-187500.015625,-187500.015625,-187500.015625,-187500.015625,-26549.1113281,0.0
-187500.015625,-187500.015625,-187500.015625,-187500.015625,-187500.015625,-187500.015625,-187500.015625,-26486.5488281,0.0
-187500.015625,-187500.015625,-187500.015625,-187500.015625,-187500.015625,-187500.015625,-187500.015625,-26373.8964844,0.0
-187500.015625,-187500.015625,-187500.015625,-187500.015625,-187500.015625,-187500.015625,-187500.015625,-26418.5546875,0.0
-187500.015625,-187500.015625,-187500.015625,-187500.015625,-187500.015625,-187500.015625,-187500.015625,-26542.6738281,0.0
-187500.015625,-187500.015625,-187500.015625,-187500.015625,-187500.015625,-187500.015625,-187500.015625,-26513.4609375,0.0
-187500.015625,-187500.015625,-187500.015625,-187500.015625,-187500.015625,-187500.015625,-187500.015625,-26386.7480469,0.0
-187500.015625,-187500.015625,-187500.015625,-187500.015625,-187500.015625,-187500.015625,-187500.015625,-26398.4375,0.0
-187500.015625,-187500.015625,-187500.015625,-187500.015625,-187500.015625,-187500.015625,-187500.015625,-26535.4765625,0.0
-187500.015625,-187500.015625,-187500.015625,-187500.015625,-187500.015625,-187500.015625,-187500.015625,-26532.0117188,0.0
-187500.015625,-187500.015625,-187500.015625,-187500.015625,-187500.015625,-187500.015625,-187500.015625,-26405.7246094,0.0
-187500.015625,-187500.015625,-187500.015625,-187500.015625,-187500.015625,-187500.015625,-187500.015625,-26389.5195312,0.0
-187500.015625,-187500.015625,-187500.015625,-187500.015625,-187500.015625,-187500.015625,-187500.015625,-26515.0019531,0.0
-187500.015625,-187500.015625,-187500.015625,-187500.015625,-187500.015625,-187500.015625,-187500.015625,-26541.4003906,0.0
-187500.015625,-187500.015625,-187500.015625,-187500.015625,-187500.015625,-187500.015625,-187500.015625,-26418.9121094,0.0
-187500.015625,-187500.015625,-187500.015625,-187500.015625,-187500.015625,-187500.015625,-187500.015625,-26369.2910156,0.0
-187500.015625,-187500.015625,-187500.015625,-187500.015625,-187500.015625,-187500.015625,-187500.015625,-26487.5097656,0.0
-187500.015625,-187500.015625,-187500.015625,-187500.015625,-187500.015625,-187500.015625,-187500.015625,-26550.0058594,0.0
-187500.015625,-187500.015625,-187500.015625,-187500.015625,-187500.015625,-187500.015625,-187500.015625,-26441.6445312,0.0
-187500.015625,-187500.015625,-187500.015625,-187500.015625,-187500.015625,-187500.015625,-187500.015625,-26361.7597656,0.0
-187500.015625,-187500.015625,-187500.015625,-187500.015625,-187500.015625,-187500.015625,-187500.015625,-26462.9453125,0.0
-187500.015625,-187500.015625,-187500.015625,-187500.015625,-187500.015625,-187500.015625,-187500.015625,-26551.90625,0.0
-187500.015625,-187500.015625,-187500.015625,-187500.015625,-187500.015625,-187500.015625,-187500.015625,-26463.125,0.0
-187500.015625,-187500.015625,-187500.015625,-187500.015625,-187500.015625,-187500.015625,-187500.015625,-26361.625,0.0
-187500.015625,-187500.015625,-187500.015625,-187500.015625,-187500.015625,-187500.015625,-187500.015625,-26444.8183594,0.0
-187500.015625,-187500.015625,-187500.015625,-187500.015625,-187500.015625,-187500.015625,-187500.015625,-26550.7207031,0.0
-187500.015625,-187500.015625,-187500.015625,-187500.015625,-187500.015625,-187500.015625,-187500.015625,-26489.0976562,0.0
-187500.015625,-187500.015625,-187500.015625,-187500.015625,-187500.015625,-187500.015625,-187500.015625,-26371.75,0.0
-187500.015625,-187500.015625,-187500.015625,-187500.015625,-187500.015625,-187500.015625,-187500.015625,-26417.4824219,0.0
-187500.015625,-187500.015625,-187500.015625,-187500.015625,-187500.015625,-187500.015625,-187500.015625,-26539.5449219,0.0
-187500.015625,-187500.015625,-187500.015625,-187500.015625,-187500.015625,-187500.015625,-187500.015625,-26512.5449219,0.0
-187500.015625,-187500.015625,-187500.015625,-187500.015625,-187500.015625,-187500.015625,-187500.015625,-26380.8925781,0.0
-187500.015625,-187500.015625,-187500.015625,-187500.015625,-187500.015625,-187500.015625,-187500.015625,-26391.6660156,0.0
-187500.015625,-187500.015625,-187500.015625,-187500.015625,-187500.015625,-187500.015625,-187500.015625,-26517.3046875,0.0
-187500.015625,-187500.015625,-187500.015625,-187500.015625,-187500.015625,-187500.015625,-187500.015625,-26525.5742188,0.0
-187500.015625,-187500.015625,-187500.015625,-187500.015625,-187500.015625,-187500.015625,-187500.015625,-26396.7402344,0.0
-187500.015625,-187500.015625,-187500.015625,-187500.015625,-187500.015625,-187500.015625,-187500.015625,-26378.3671875,0.0
-187500.015625,-187500.015625,-187500.015625,-187500.015625,-187500.015625,-187500.015625,-187500.015625,-26503.8046875,0.0
-187500.015625,-187500.015625,-187500.015625,-187500.015625,-187500.015625,-187500.015625,-187500.015625,-26545.4902344,0.0
-187500.015625,-187500.015625,-187500.015625,-187500.015625,-187500.015625,-187500.015625,-187500.015625,-26419.0683594,0.0
-187500.015625,-187500.015625,-187500.015625,-187500.015625,-187500.015625,-187500.015625,-187500.015625,-26356.3046875,0.0
-187500.015625,-187500.015625,-187500.015625,-187500.015625,-187500.015625,-187500.015625,-187500.015625,-26474.4335938,0.0
-187500.015625,-187500.015625,-187500.015625,-187500.015625,-187500.015625,-187500.015625,-187500.015625,-26544.9101562,0.0
-187500.015625,-187500.015625,-187500.015625,-187500.015625,-187500.015625,-187500.015625,-187500.015625,-26442.4492188,0.0
-187500.015625,-187500.015625,-187500.015625,-187500.015625,-187500.015625,-187500.015625,-187500.015625,-26363.1894531,0.0
-187500.015625,-187500.015625,-187500.015625,-187500.015625,-187500.015625,-187500.015625,-187500.015625,-26459.2578125,0.0
-187500.015625,-187500.015625,-187500.015625,-187500.015625,-187500.015625,-187500.015625,-187500.015625,-26549.0,0.0
-187500.015625,-187500.015625,-187500.015625,-187500.015625,-187500.015625,-187500.015625,-187500.015625,-26470.5,0.0
-187500.015625,-187500.015625,-187500.015625,-187500.015625,-187500.015625,-187500.015625,-187500.015625,-26364.3300781,0.0
-187500.015625,-187500.015625,-187500.015625,-187500.015625,-187500.015625,-187500.015625,-187500.015625,-26435.9902344,0.0
-187500.015625,-187500.015625,-187500.015625,-187500.015625,-187500.015625,-187500.015625,-187500.015625,-26550.5195312,0.0
-187500.015625,-187500.015625,-187500.015625,-187500.015625,-187500.015625,-187500.015625,-187500.015625,-26495.6679688,0.0
-187500.015625,-187500.015625,-187500.015625,-187500.015625,-187500.015625,-187500.015625,-187500.015625,-26377.7636719,0.0
-187500.015625,-187500.015625,-187500.015625,-187500.015625,-187500.015625,-187500.015625,-187500.015625,-26419.8515625,0.0
-187500.015625,-187500.015625,-187500.015625,-187500.015625,-187500.015625,-187500.015625,-187500.015625,-26542.6289062,0.0
-187500.015625,-187500.015625,-187500.015625,-187500.015625,-187500.015625,-187500.015625,-187500.015625,-26518.3339844,0.0
-187500.015625,-187500.015625,-187500.015625,-187500.015625,-187500.015625,-187500.015625,-187500.015625,-26389.2734375,0.0
-187500.015625,-187500.015625,-187500.015625,-187500.015625,-187500.015625,-187500.015625,-187500.015625,-26398.0136719,0.0
-187500.015625,-187500.015625,-187500.015625,-187500.015625,-187500.015625,-187500.015625,-187500.015625,-26529.5546875,0.0
-187500.015625,-187500.015625,-187500.015625,-187500.015625,-187500.015625,-187500.015625,-187500.015625,-26539.3886719,0.0
-187500.015625,-187500.015625,-187500.015625,-187500.015625,-187500.015625,-187500.015625,-187500.015625,-26412.140625,0.0
-187500.015625,-187500.015625,-187500.015625,-187500.015625,-187500.015625,-187500.015625,-187500.015625,-26379.7519531,0.0
-187500.015625,-187500.015625,-187500.015625,-187500.015625,-187500.015625,-187500.015625,-187500.015625,-26506.6210938,0.0
-187500.015625,-187500.015625,-187500.015625,-187500.015625,-187500.015625,-187500.015625,-187500.015625,-26555.5273438,0.0
-187500.015625,-187500.015625,-187500.015625,-187500.015625,-187500.015625,-187500.015625,-187500.015625,-26434.2675781,0.0
-187500.015625,-187500.015625,-187500.015625,-187500.015625,-187500.015625,-187500.015625,-187500.015625,-26370.3203125,0.0
-187500.015625,-187500.015625,-187500.015625,-187500.015625,-187500.015625,-187500.015625,-187500.015625,-26481.5859375,0.0
-187500.015625,-187500.015625,-187500.015625,-187500.015625,-187500.015625,-187500.015625,-187500.015625,-26550.8769531,0.0
-187500.015625,-187500.015625,-187500.015625,-187500.015625,-187500.015625,-187500.015625,-187500.015625,-26451.7480469,0.0
-187500.015625,-187500.015625,-187500.015625,-187500.015625,-187500.015625,-187500.015625,-187500.015625,-26367.4804688,0.0
-187500.015625,-187500.015625,-187500.015625,-187500.015625,-187500.015625,-187500.015625,-187500.015625,-26458.5195312,0.0
-187500.015625,-187500.015625,-187500.015625,-187500.015625,-187500.015625,-187500.015625,-187500.015625,-26555.1914062,0.0
-187500.015625,-187500.015625,-187500.015625,-187500.015625,-187500.015625,-187500.015625,-187500.015625,-26476.78125,0.0
-187500.015625,-187500.015625,-187500.015625,-187500.015625,-187500.015625,-187500.015625,-187500.015625,-26371.8613281,0.0
-187500.015625,-187500.015625,-187500.015625,-187500.015625,-187500.015625,-187500.015625,-187500.015625,-26432.1894531,0.0
-187500.015625,-187500.015625,-187500.015625,-187500.015625,-187500.015625,-187500.015625,-187500.015625,-26552.3300781,0.0
-187500.015625,-187500.015625,-187500.015625,-187500.015625,-187500.015625,-187500.015625,-187500.015625,-26494.2832031,0.0
-187500.015625,-187500.015625,-187500.015625,-187500.015625,-187500.015625,-187500.015625,-187500.015625,-26365.5371094,0.0
-187500.015625,-187500.015625,-187500.015625,-187500.015625,-187500.015625,-187500.015625,-187500.015625,-26399.2207031,0.0
-187500.015625,-187500.015625,-187500.015625,-187500.015625,-187500.015625,-187500.015625,-187500.015625,-26527.4980469,0.0
-187500.015625,-187500.015625,-187500.015625,-187500.015625,-187500.015625,-187500.015625,-187500.015625,-26515.71875,0.0
-187500.015625,-187500.015625,-187500.015625,-187500.015625,-187500.015625,-187500.015625,-187500.015625,-26387.9335938,0.0
-187500.015625,-187500.015625,-187500.015625,-187500.015625,-187500.015625,-187500.015625,-187500.015625,-26384.4902344,0.0
-187500.015625,-187500.015625,-187500.015625,-187500.015625,-187500.015625,-187500.015625,-187500.015625,-26517.6621094,0.0
-187500.015625,-187500.015625,-187500.015625,-187500.015625,-187500.015625,-187500.015625,-187500.015625,-26535.1425781,0.0
-187500.015625,-187500.015625,-187500.015625,-187500.015625,-187500.015625,-187500.015625,-187500.015625,-26406.9101562,0.0
-187500.015625,-187500.015625,-187500.015625,-187500.015625,-187500.015625,-187500.015625,-187500.015625,-26372.5996094,0.0
-187500.015625,-187500.015625,-187500.015625,-187500.015625,-187500.015625,-187500.015625,-187500.015625,-26496.1386719,0.0
-187500.015625,-187500.015625,-187500.015625,-187500.015625,-187500.015625,-187500.015625,-187500.015625,-26537.1972656,0.0
-187500.015625,-187500.015625,-187500.015625,-187500.015625,-187500.015625,-187500.015625,-187500.015625,-26419.4492188,0.0
-187500.015625,-187500.015625,-187500.015625,-187500.015625,-187500.015625,-187500.015625,-187500.015625,-26352.4609375,0.0
-187500.015625,-187500.015625,-187500.015625,-187500.015625,-187500.015625,-187500.015625,-187500.015625,-26461.671875,0.0
-187500.015625,-187500.015625,-187500.015625,-187500.015625,-187500.015625,-187500.015625,-187500.015625,-26547.234375,0.0
-187500.015625,-187500.015625,-187500.015625,-187500.015625,-187500.015625,-187500.015625,-187500.015625,-26455.8378906,0.0
-187500.015625,-187500.015625,-187500.015625,-187500.015625,-187500.015625,-187500.015625,-187500.015625,-26359.2773438,0.0
-187500.015625,-187500.015625,-187500.015625,-187500.015625,-187500.015625,-187500.015625,-187500.015625,-26440.0566406,0.0
-187500.015625,-187500.015625,-187500.015625,-187500.015625,-187500.015625,-187500.015625,-187500.015625,-26551.1230469,0.0
-187500.015625,-187500.015625,-187500.015625,-187500.015625,-187500.015625,-187500.015625,-187500.015625,-26471.7753906,0.0
-187500.015625,-187500.015625,-187500.015625,-187500.015625,-187500.015625,-187500.015625,-187500.015625,-26356.7070312,0.0
-187500.015625,-187500.015625,-187500.015625,-187500.015625,-187500.015625,-187500.015625,-187500.015625,-26412.6992188,0.0
-187500.015625,-187500.015625,-187500.015625,-187500.015625,-187500.015625,-187500.015625,-187500.015625,-26534.7832031,0.0
-187500.015625,-187500.015625,-187500.015625,-187500.015625,-187500.015625,-187500.015625,-187500.015625,-26493.5,0.0
-187500.015625,-187500.015625,-187500.015625,-187500.015625,-187500.015625,-187500.015625,-187500.015625,-26369.9628906,0.0
-187500.015625,-187500.015625,-187500.015625,-187500.015625,-187500.015625,-187500.015625,-187500.015625,-26400.0703125,0.0
-187500.015625,-187500.015625,-187500.015625,-187500.015625,-187500.015625,-187500.015625,-187500.015625,-26527.8105469,0.0
-187500.015625,-187500.015625,-187500.015625,-187500.015625,-187500.015625,-187500.015625,-187500.015625,-26510.7558594,0.0
-187500.015625,-187500.015625,-187500.015625,-187500.015625,-187500.015625,-187500.015625,-187500.015625,-26379.796875,0.0
-187500.015625,-187500.015625,-187500.015625,-187500.015625,-187500.015625,-187500.015625,-187500.015625,-26380.6679688,0.0
-187500.015625,-187500.015625,-187500.015625,-187500.015625,-187500.015625,-187500.015625,-187500.015625,-26510.8457031,0.0
-187500.015625,-187500.015625,-187500.015625,-187500.015625,-187500.015625,-187500.015625,-187500.015625,-26534.2695312,0.0
-187500.015625,-187500.015625,-187500.015625,-187500.015625,-187500.015625,-187500.015625,-187500.015625,-26404.7871094,0.0
-187500.015625,-187500.015625,-187500.015625,-187500.015625,-187500.015625,-187500.015625,-187500.015625,-26367.6601562,0.0
-187500.015625,-187500.015625,-187500.015625,-187500.015625,-187500.015625,-187500.015625,-187500.015625,-26495.7363281,0.0
-187500.015625,-187500.015625,-187500.015625,-187500.015625,-187500.015625,-187500.015625,-187500.015625,-26549.6699219,0.0
-187500.015625,-187500.015625,-187500.015625,-187500.015625,-187500.015625,-187500.015625,-187500.015625,-26439.9238281,0.0
-187500.015625,-187500.015625,-187500.015625,-187500.015625,-187500.015625,-187500.015625,-187500.015625,-26375.8847656,0.0
-187500.015625,-187500.015625,-187500.015625,-187500.015625,-187500.015625,-187500.015625,-187500.015625,-26474.2109375,0.0
-187500.015625,-187500.015625,-187500.015625,-187500.015625,-187500.015625,-187500.015625,-187500.015625,-26558.9238281,0.0
-187500.015625,-187500.015625,-187500.015625,-187500.015625,-187500.015625,-187500.015625,-187500.015625,-26464.9804688,0.0
-187500.015625,-187500.015625,-187500.015625,-187500.015625,-187500.015625,-187500.015625,-187500.015625,-26373.9414062,0.0
-187500.015625,-187500.015625,-187500.015625,-187500.015625,-187500.015625,-187500.015625,-187500.015625,-26453.1113281,0.0
-187500.015625,-187500.015625,-187500.015625,-187500.015625,-187500.015625,-187500.015625,-187500.015625,-26561.4277344,0.0
-187500.015625,-187500.015625,-187500.015625,-187500.015625,-187500.015625,-187500.015625,-187500.015625,-26491.7128906,0.0
-187500.015625,-187500.015625,-187500.015625,-187500.015625,-187500.015625,-187500.015625,-187500.015625,-26375.9296875,0.0
-187500.015625,-187500.015625,-187500.015625,-187500.015625,-187500.015625,-187500.015625,-187500.015625,-26426.8925781,0.0
-187500.015625,-187500.015625,-187500.015625,-187500.015625,-187500.015625,-187500.015625,-187500.015625,-26542.2714844,0.0
-187500.015625,-187500.015625,-187500.015625,-187500.015625,-187500.015625,-187500.015625,-187500.015625,-26502.2851562,0.0
-187500.015625,-187500.015625,-187500.015625,-187500.015625,-187500.015625,-187500.015625,-187500.015625,-26375.1933594,0.0
-187500.015625,-187500.015625,-187500.015625,-187500.015625,-187500.015625,-187500.015625,-187500.015625,-26394.9296875,0.0
-187500.015625,-187500.015625,-187500.015625,-187500.015625,-187500.015625,-187500.015625,-187500.015625,-26529.9335938,0.0
-187500.015625,-187500.015625,-187500.015625,-187500.015625,-187500.015625,-187500.015625,-187500.015625,-26519.875,0.0
-187500.015625,-187500.015625,-187500.015625,-187500.015625,-187500.015625,-187500.015625,-187500.015625,-26387.0605469,0.0
-187500.015625,-187500.015625,-187500.015625,-187500.015625,-187500.015625,-187500.015625,-187500.015625,-26377.6503906,0.0
-187500.015625,-187500.015625,-187500.015625,-187500.015625,-187500.015625,-187500.015625,-187500.015625,-26508.609375,0.0
-187500.015625,-187500.015625,-187500.015625,-187500.015625,-187500.015625,-187500.015625,-187500.015625,-26538.8964844,0.0
-187500.015625,-187500.015625,-187500.015625,-187500.015625,-187500.015625,-187500.015625,-187500.015625,-26414.3085938,0.0
-187500.015625,-187500.015625,-187500.015625,-187500.015625,-187500.015625,-187500.015625,-187500.015625,-26369.0234375,0.0
-187500.015625,-187500.015625,-187500.015625,-187500.015625,-187500.015625,-187500.015625,-187500.015625,-26493.9023438,0.0
-187500.015625,-187500.015625,-187500.015625,-187500.015625,-187500.015625,-187500.015625,-187500.015625,-26547.8828125,0.0
-187500.015625,-187500.015625,-187500.015625,-187500.015625,-187500.015625,-187500.015625,-187500.015625,-26437.7558594,0.0
-187500.015625,-187500.015625,-187500.015625,-187500.015625,-187500.015625,-187500.015625,-187500.015625,-26366.3867188,0.0
-187500.015625,-187500.015625,-187500.015625,-187500.015625,-187500.015625,-187500.015625,-187500.015625,-26466.7011719,0.0
-187500.015625,-187500.015625,-187500.015625,-187500.015625,-187500.015625,-187500.015625,-187500.015625,-26552.6875,0.0
-187500.015625,-187500.015625,-187500.015625,-187500.015625,-187500.015625,-187500.015625,-187500.015625,-26467.0800781,0.0
-187500.015625,-187500.015625,-187500.015625,-187500.015625,-187500.015625,-187500.015625,-187500.015625,-26373.6953125,0.0
-187500.015625,-187500.015625,-187500.015625,-187500.015625,-187500.015625,-187500.015625,-187500.015625,-26450.6738281,0.0
-187500.015625,-187500.015625,-187500.015625,-187500.015625,-187500.015625,-187500.015625,-187500.015625,-26565.6074219,0.0
-187500.015625,-187500.015625,-187500.015625,-187500.015625,-187500.015625,-187500.015625,-187500.015625,-26498.328125,0.0
-187500.015625,-187500.015625,-187500.015625,-187500.015625,-187500.015625,-187500.015625,-187500.015625,-26375.8632812,0.0
-187500.015625,-187500.015625,-187500.015625,-187500.015625,-187500.015625,-187500.015625,-187500.015625,-26424.1210938,0.0
-187500.015625,-187500.015625,-187500.015625,-187500.015625,-187500.015625,-187500.015625,-187500.015625,-26550.3183594,0.0
-187500.015625,-187500.015625,-187500.015625,-187500.015625,-187500.015625,-187500.015625,-187500.015625,-26515.6289062,0.0
-187500.015625,-187500.015625,-187500.015625,-187500.015625,-187500.015625,-187500.015625,-187500.015625,-26386.6367188,0.0
-187500.015625,-187500.015625,-187500.015625,-187500.015625,-187500.015625,-187500.015625,-187500.015625,-26399.109375,0.0
-187500.015625,-187500.015625,-187500.015625,-187500.015625,-187500.015625,-187500.015625,-187500.015625,-26531.1191406,0.0
-187500.015625,-187500.015625,-187500.015625,-187500.015625,-187500.015625,-187500.015625,-187500.015625,-26529.9121094,0.0
-187500.015625,-187500.015625,-187500.015625,-187500.015625,-187500.015625,-187500.015625,-187500.015625,-26393.9902344,0.0
-187500.015625,-187500.015625,-187500.015625,-187500.015625,-187500.015625,-187500.015625,-187500.015625,-26382.4785156,0.0
-187500.015625,-187500.015625,-187500.015625,-187500.015625,-187500.015625,-187500.015625,-187500.015625,-26514.2871094,0.0
-187500.015625,-187500.015625,-187500.015625,-187500.015625,-187500.015625,-187500.015625,-187500.015625,-26545.8027344,0.0
-187500.015625,-187500.015625,-187500.015625,-187500.015625,-187500.015625,-187500.015625,-187500.015625,-26420.3203125,0.0
-187500.015625,-187500.015625,-187500.015625,-187500.015625,-187500.015625,-187500.015625,-187500.015625,-26373.4941406,0.0
-187500.015625,-187500.015625,-187500.015625,-187500.015625,-187500.015625,-187500.015625,-187500.015625,-26489.5878906,0.0
-187500.015625,-187500.015625,-187500.015625,-187500.015625,-187500.015625,-187500.015625,-187500.015625,-26547.3007812,0.0
-187500.015625,-187500.015625,-187500.015625,-187500.015625,-187500.015625,-187500.015625,-187500.015625,-26443.0292969,0.0
-187500.015625,-187500.015625,-187500.015625,-187500.015625,-187500.015625,-187500.015625,-187500.015625,-26361.9160156,0.0
-187500.015625,-187500.015625,-187500.015625,-187500.015625,-187500.015625,-187500.015625,-187500.015625,-26464.0410156,0.0
-187500.015625,-187500.015625,-187500.015625,-187500.015625,-187500.015625,-187500.015625,-187500.015625,-26556.375,0.0
-187500.015625,-187500.015625,-187500.015625,-187500.015625,-187500.015625,-187500.015625,-187500.015625,-26472.4003906,0.0
-187500.015625,-187500.015625,-187500.015625,-187500.015625,-187500.015625,-187500.015625,-187500.015625,-26370.9003906,0.0
-187500.015625,-187500.015625,-187500.015625,-187500.015625,-187500.015625,-187500.015625,-187500.015625,-26439.6992188,0.0
-187500.015625,-187500.015625,-187500.015625,-187500.015625,-187500.015625,-187500.015625,-187500.015625,-26549.2011719,0.0
-187500.015625,-187500.015625,-187500.015625,-187500.015625,-187500.015625,-187500.015625,-187500.015625,-26490.1035156,0.0
-187500.015625,-187500.015625,-187500.015625,-187500.015625,-187500.015625,-187500.015625,-187500.015625,-26371.5039062,0.0
-187500.015625,-187500.015625,-187500.015625,-187500.015625,-187500.015625,-187500.015625,-187500.015625,-26417.3027344,0.0
-187500.015625,-187500.015625,-187500.015625,-187500.015625,-187500.015625,-187500.015625,-187500.015625,-26539.5449219,0.0
-187500.015625,-187500.015625,-187500.015625,-187500.015625,-187500.015625,-187500.015625,-187500.015625,-26513.59375,0.0
-187500.015625,-187500.015625,-187500.015625,-187500.015625,-187500.015625,-187500.015625,-187500.015625,-26387.2617188,0.0
-187500.015625,-187500.015625,-187500.015625,-187500.015625,-187500.015625,-187500.015625,-187500.015625,-26397.7226562,0.0
-187500.015625,-187500.015625,-187500.015625,-187500.015625,-187500.015625,-187500.015625,-187500.015625,-26530.0,0.0
-187500.015625,-187500.015625,-187500.015625,-187500.015625,-187500.015625,-187500.015625,-187500.015625,-26537.578125,0.0
-187500.015625,-187500.015625,-187500.015625,-187500.015625,-187500.015625,-187500.015625,-187500.015625,-26409.546875,0.0
-187500.015625,-187500.015625,-187500.015625,-187500.015625,-187500.015625,-187500.015625,-187500.015625,-26382.9042969,0.0
-187500.015625,-187500.015625,-187500.015625,-187500.015625,-187500.015625,-187500.015625,-187500.015625,-26508.6328125,0.0
-187500.015625,-187500.015625,-187500.015625,-187500.015625,-187500.015625,-187500.015625,-187500.015625,-26553.4023438,0.0
-187500.015625,-187500.015625,-187500.015625,-187500.015625,-187500.015625,-187500.015625,-187500.015625,-26434.984375,0.0
-187500.015625,-187500.015625,-187500.015625,-187500.015625,-187500.015625,-187500.015625,-187500.015625,-26382.4570312,0.0
-187500.015625,-187500.015625,-187500.015625,-187500.015625,-187500.015625,-187500.015625,-187500.015625,-26505.8828125,0.0
-187500.015625,-187500.015625,-187500.015625,-187500.015625,-187500.015625,-187500.015625,-187500.015625,-26577.7441406,0.0
-187500.015625,-187500.015625,-187500.015625,-187500.015625,-187500.015625,-187500.015625,-187500.015625,-26471.8183594,0.0
-187500.015625,-187500.015625,-187500.015625,-187500.015625,-187500.015625,-187500.015625,-187500.015625,-26384.625,0.0
-187500.015625,-187500.015625,-187500.015625,-187500.015625,-187500.015625,-187500.015625,-187500.015625,-26474.7246094,0.0
-187500.015625,-187500.015625,-187500.015625,-187500.015625,-187500.015625,-187500.015625,-187500.015625,-26567.0371094,0.0
-187500.015625,-187500.015625,-187500.015625,-187500.015625,-187500.015625,-187500.015625,-187500.015625,-26483.53125,0.0
-187500.015625,-187500.015625,-187500.015625,-187500.015625,-187500.015625,-187500.015625,-187500.015625,-26372.9570312,0.0
-187500.015625,-187500.015625,-187500.015625,-187500.015625,-187500.015625,-187500.015625,-187500.015625,-26441.3085938,0.0
-187500.015625,-187500.015625,-187500.015625,-187500.015625,-187500.015625,-187500.015625,-187500.015625,-26552.5097656,0.0
-187500.015625,-187500.015625,-187500.015625,-187500.015625,-187500.015625,-187500.015625,-187500.015625,-26501.5019531,0.0
-187500.015625,-187500.015625,-187500.015625,-187500.015625,-187500.015625,-187500.015625,-187500.015625,-26380.7128906,0.0
-187500.015625,-187500.015625,-187500.015625,-187500.015625,-187500.015625,-187500.015625,-187500.015625,-26425.0136719,0.0
-187500.015625,-187500.015625,-187500.015625,-187500.015625,-187500.015625,-187500.015625,-187500.015625,-26554.0058594,0.0
-187500.015625,-187500.015625,-187500.015625,-187500.015625,-187500.015625,-187500.015625,-187500.015625,-26525.2167969,0.0
-187500.015625,-187500.015625,-187500.015625,-187500.015625,-187500.015625,-187500.015625,-187500.015625,-26389.296875,0.0
-187500.015625,-187500.015625,-187500.015625,-187500.015625,-187500.015625,-187500.015625,-187500.015625,-26397.4550781,0.0
-187500.015625,-187500.015625,-187500.015625,-187500.015625,-187500.015625,-187500.015625,-187500.015625,-26529.8222656,0.0
-187500.015625,-187500.015625,-187500.015625,-187500.015625,-187500.015625,-187500.015625,-187500.015625,-26535.9238281,0.0
-187500.015625,-187500.015625,-187500.015625,-187500.015625,-187500.015625,-187500.015625,-187500.015625,-26407.7363281,0.0
-187500.015625,-187500.015625,-187500.015625,-187500.015625,-187500.015625,-187500.015625,-187500.015625,-26379.484375,0.0
-187500.015625,-187500.015625,-187500.015625,-187500.015625,-187500.015625,-187500.015625,-187500.015625,-26501.8828125,0.0
-187500.015625,-187500.015625,-187500.015625,-187500.015625,-187500.015625,-187500.015625,-187500.015625,-26548.6425781,0.0
-187500.015625,-187500.015625,-187500.015625,-187500.015625,-187500.015625,-187500.015625,-187500.015625,-26425.4394531,0.0
-187500.015625,-187500.015625,-187500.015625,-187500.015625,-187500.015625,-187500.015625,-187500.015625,-26367.1464844,0.0
-187500.015625,-187500.015625,-187500.015625,-187500.015625,-187500.015625,-187500.015625,-187500.015625,-26481.2734375,0.0
-187500.015625,-187500.015625,-187500.015625,-187500.015625,-187500.015625,-187500.015625,-187500.015625,-26554.7441406,0.0
-187500.015625,-187500.015625,-187500.015625,-187500.015625,-187500.015625,-187500.015625,-187500.015625,-26457.0214844,0.0
-187500.015625,-187500.015625,-187500.015625,-187500.015625,-187500.015625,-187500.015625,-187500.015625,-26362.7421875,0.0
-187500.015625,-187500.015625,-187500.015625,-187500.015625,-187500.015625,-187500.015625,-187500.015625,-26451.5234375,0.0
-187500.015625,-187500.015625,-187500.015625,-187500.015625,-187500.015625,-187500.015625,-187500.015625,-26554.2519531,0.0
-187500.015625,-187500.015625,-187500.015625,-187500.015625,-187500.015625,-187500.015625,-187500.015625,-26472.5351562,0.0
-187500.015625,-187500.015625,-187500.015625,-187500.015625,-187500.015625,-187500.015625,-187500.015625,-26364.3300781,0.0
-187500.015625,-187500.015625,-187500.015625,-187500.015625,-187500.015625,-187500.015625,-187500.015625,-26428.5917969,0.0
-187500.015625,-187500.015625,-187500.015625,-187500.015625,-187500.015625,-187500.015625,-187500.015625,-26542.1386719,0.0
-187500.015625,-187500.015625,-187500.015625,-187500.015625,-187500.015625,-187500.015625,-187500.015625,-26490.59375,0.0
-187500.015625,-187500.015625,-187500.015625,-187500.015625,-187500.015625,-187500.015625,-187500.015625,-26370.1191406,0.0
-187500.015625,-187500.015625,-187500.015625,-187500.015625,-187500.015625,-187500.015625,-187500.015625,-26402.0820312,0.0
-187500.015625,-187500.015625,-187500.015625,-187500.015625,-187500.015625,-187500.015625,-187500.015625,-26529.6875,0.0
-187500.015625,-187500.015625,-187500.015625,-187500.015625,-187500.015625,-187500.015625,-187500.015625,-26511.7167969,0.0
-187500.015625,-187500.015625,-187500.015625,-187500.015625,-187500.015625,-187500.015625,-187500.015625,-26387.1054688,0.0
-187500.015625,-187500.015625,-187500.015625,-187500.015625,-187500.015625,-187500.015625,-187500.015625,-26389.7207031,0.0
-187500.015625,-187500.015625,-187500.015625,-187500.015625,-187500.015625,-187500.015625,-187500.015625,-26515.7402344,0.0
-187500.015625,-187500.015625,-187500.015625,-187500.015625,-187500.015625,-187500.015625,-187500.015625,-26531.6328125,0.0
-187500.015625,-187500.015625,-187500.015625,-187500.015625,-187500.015625,-187500.015625,-187500.015625,-26407.4902344,0.0
-187500.015625,-187500.015625,-187500.015625,-187500.015625,-187500.015625,-187500.015625,-187500.015625,-26374.8789062,0.0
-187500.015625,-187500.015625,-187500.015625,-187500.015625,-187500.015625,-187500.015625,-187500.015625,-26495.8476562,0.0
-187500.015625,-187500.015625,-187500.015625,-187500.015625,-187500.015625,-187500.015625,-187500.015625,-26543.9472656,0.0
-187500.015625,-187500.015625,-187500.015625,-187500.015625,-187500.015625,-187500.015625,-187500.015625,-26422.2421875,0.0
-187500.015625,-187500.015625,-187500.015625,-187500.015625,-187500.015625,-187500.015625,-187500.015625,-26358.6523438,0.0
-187500.015625,-187500.015625,-187500.015625,-187500.015625,-187500.015625,-187500.015625,-187500.015625,-26465.4042969,0.0
-187500.015625,-187500.015625,-187500.015625,-187500.015625,-187500.015625,-187500.015625,-187500.015625,-26551.8828125,0.0
-187500.015625,-187500.015625,-187500.015625,-187500.015625,-187500.015625,-187500.015625,-187500.015625,-26455.1445312,0.0
-187500.015625,-187500.015625,-187500.015625,-187500.015625,-187500.015625,-187500.015625,-187500.015625,-26364.3964844,0.0
-187500.015625,-187500.015625,-187500.015625,-187500.015625,-187500.015625,-187500.015625,-187500.015625,-26453.0878906,0.0
-187500.015625,-187500.015625,-187500.015625,-187500.015625,-187500.015625,-187500.015625,-187500.015625,-26552.84375,0.0
-187500.015625,-187500.015625,-187500.015625,-187500.015625,-187500.015625,-187500.015625,-187500.015625,-26481.2070312,0.0
-187500.015625,-187500.015625,-187500.015625,-187500.015625,-187500.015625,-187500.015625,-187500.015625,-26375.1933594,0.0
-187500.015625,-187500.015625,-187500.015625,-187500.015625,-187500.015625,-187500.015625,-187500.015625,-26438.5371094,0.0
-187500.015625,-187500.015625,-187500.015625,-187500.015625,-187500.015625,-187500.015625,-187500.015625,-26551.8828125,0.0
-187500.015625,-187500.015625,-187500.015625,-187500.015625,-187500.015625,-187500.015625,-187500.015625,-26509.7050781,0.0
-187500.015625,-187500.015625,-187500.015625,-187500.015625,-187500.015625,-187500.015625,-187500.015625,-26383.2617188,0.0
-187500.015625,-187500.015625,-187500.015625,-187500.015625,-187500.015625,-187500.015625,-187500.015625,-26411.2675781,0.0
-187500.015625,-187500.015625,-187500.015625,-187500.015625,-187500.015625,-187500.015625,-187500.015625,-26537.5332031,0.0
-187500.015625,-187500.015625,-187500.015625,-187500.015625,-187500.015625,-187500.015625,-187500.015625,-26523.9433594,0.0
-187500.015625,-187500.015625,-187500.015625,-187500.015625,-187500.015625,-187500.015625,-187500.015625,-26391.1289062,0.0
-187500.015625,-187500.015625,-187500.015625,-187500.015625,-187500.015625,-187500.015625,-187500.015625,-26382.6582031,0.0
-187500.015625,-187500.015625,-187500.015625,-187500.015625,-187500.015625,-187500.015625,-187500.015625,-26507.3144531,0.0
-187500.015625,-187500.015625,-187500.015625,-187500.015625,-187500.015625,-187500.015625,-187500.015625,-26524.9042969,0.0
-187500.015625,-187500.015625,-187500.015625,-187500.015625,-187500.015625,-187500.015625,-187500.015625,-26401.2109375,0.0
-187500.015625,-187500.015625,-187500.015625,-187500.015625,-187500.015625,-187500.015625,-187500.015625,-26368.84375,0.0
-187500.015625,-187500.015625,-187500.015625,-187500.015625,-187500.015625,-187500.015625,-187500.015625,-26493.1660156,0.0
-187500.015625,-187500.015625,-187500.015625,-187500.015625,-187500.015625,-187500.015625,-187500.015625,-26546.09375,0.0
-187500.015625,-187500.015625,-187500.015625,-187500.015625,-187500.015625,-187500.015625,-187500.015625,-26428.2324219,0.0
-187500.015625,-187500.015625,-187500.015625,-187500.015625,-187500.015625,-187500.015625,-187500.015625,-26359.6582031,0.0
-187500.015625,-187500.015625,-187500.015625,-187500.015625,-187500.015625,-187500.015625,-187500.015625,-26462.140625,0.0
-187500.015625,-187500.015625,-187500.015625,-187500.015625,-187500.015625,-187500.015625,-187500.015625,-26545.8710938,0.0
-187500.015625,-187500.015625,-187500.015625,-187500.015625,-187500.015625,-187500.015625,-187500.015625,-26461.4257812,0.0
-187500.015625,-187500.015625,-187500.015625,-187500.015625,-187500.015625,-187500.015625,-187500.015625,-26362.09375,0.0
-187500.015625,-187500.015625,-187500.015625,-187500.015625,-187500.015625,-187500.015625,-187500.015625,-26441.3769531,0.0
-187500.015625,-187500.015625,-187500.015625,-187500.015625,-187500.015625,-187500.015625,-187500.015625,-26548.8652344,0.0
-187500.015625,-187500.015625,-187500.015625,-187500.015625,-187500.015625,-187500.015625,-187500.015625,-26481.9453125,0.0
-187500.015625,-187500.015625,-187500.015625,-187500.015625,-187500.015625,-187500.015625,-187500.015625,-26365.9394531,0.0
-187500.015625,-187500.015625,-187500.015625,-187500.015625,-187500.015625,-187500.015625,-187500.015625,-26420.0078125,0.0
-187500.015625,-187500.015625,-187500.015625,-187500.015625,-187500.015625,-187500.015625,-187500.015625,-26538.6054688,0.0
-187500.015625,-187500.015625,-187500.015625,-187500.015625,-187500.015625,-187500.015625,-187500.015625,-26505.0566406,0.0
-187500.015625,-187500.015625,-187500.015625,-187500.015625,-187500.015625,-187500.015625,-187500.015625,-26373.3144531,0.0
-187500.015625,-187500.015625,-187500.015625,-187500.015625,-187500.015625,-187500.015625,-187500.015625,-26399.9589844,0.0
-187500.015625,-187500.015625,-187500.015625,-187500.015625,-187500.015625,-187500.015625,-187500.015625,-26522.7363281,0.0
-187500.015625,-187500.015625,-187500.015625,-187500.015625,-187500.015625,-187500.015625,-187500.015625,-26517.7519531,0.0
-187500.015625,-187500.015625,-187500.015625,-187500.015625,-187500.015625,-187500.015625,-187500.015625,-26390.5253906,0.0
-187500.015625,-187500.015625,-187500.015625,-187500.015625,-187500.015625,-187500.015625,-187500.015625,-26382.9042969,0.0
-187500.015625,-187500.015625,-187500.015625,-187500.015625,-187500.015625,-187500.015625,-187500.015625,-26514.9140625,0.0
-187500.015625,-187500.015625,-187500.015625,-187500.015625,-187500.015625,-187500.015625,-187500.015625,-26536.2148438,0.0
-187500.015625,-187500.015625,-187500.015625,-187500.015625,-187500.015625,-187500.015625,-187500.015625,-26404.875,0.0
-187500.015625,-187500.015625,-187500.015625,-187500.015625,-187500.015625,-187500.015625,-187500.015625,-26367.0117188,0.0
-187500.015625,-187500.015625,-187500.015625,-187500.015625,-187500.015625,-187500.015625,-187500.015625,-26490.6621094,0.0
-187500.015625,-187500.015625,-187500.015625,-187500.015625,-187500.015625,-187500.015625,-187500.015625,-26546.3183594,0.0
-187500.015625,-187500.015625,-187500.015625,-187500.015625,-187500.015625,-187500.015625,-187500.015625,-26428.9257812,0.0
-187500.015625,-187500.015625,-187500.015625,-187500.015625,-187500.015625,-187500.015625,-187500.015625,-26360.6640625,0.0
-187500.015625,-187500.015625,-187500.015625,-187500.015625,-187500.015625,-187500.015625,-187500.015625,-26466.0976562,0.0
-187500.015625,-187500.015625,-187500.015625,-187500.015625,-187500.015625,-187500.015625,-187500.015625,-26555.75,0.0
-187500.015625,-187500.015625,-187500.015625,-187500.015625,-187500.015625,-187500.015625,-187500.015625,-26469.2929688,0.0
-187500.015625,-187500.015625,-187500.015625,-187500.015625,-187500.015625,-187500.015625,-187500.015625,-26360.1269531,0.0
-187500.015625,-187500.015625,-187500.015625,-187500.015625,-187500.015625,-187500.015625,-187500.015625,-26434.3125,0.0
-187500.015625,-187500.015625,-187500.015625,-187500.015625,-187500.015625,-187500.015625,-187500.015625,-26542.1816406,0.0
-187500.015625,-187500.015625,-187500.015625,-187500.015625,-187500.015625,-187500.015625,-187500.015625,-26474.9257812,0.0
-187500.015625,-187500.015625,-187500.015625,-187500.015625,-187500.015625,-187500.015625,-187500.015625,-26358.8984375,0.0
-187500.015625,-187500.015625,-187500.015625,-187500.015625,-187500.015625,-187500.015625,-187500.015625,-26409.7480469,0.0
-187500.015625,-187500.015625,-187500.015625,-187500.015625,-187500.015625,-187500.015625,-187500.015625,-26538.203125,0.0
-187500.015625,-187500.015625,-187500.015625,-187500.015625,-187500.015625,-187500.015625,-187500.015625,-26502.1503906,0.0
-187500.015625,-187500.015625,-187500.015625,-187500.015625,-187500.015625,-187500.015625,-187500.015625,-26373.4042969,0.0
-187500.015625,-187500.015625,-187500.015625,-187500.015625,-187500.015625,-187500.015625,-187500.015625,-26391.1523438,0.0
-187500.015625,-187500.015625,-187500.015625,-187500.015625,-187500.015625,-187500.015625,-187500.015625,-26520.0996094,0.0
-187500.015625,-187500.015625,-187500.015625,-187500.015625,-187500.015625,-187500.015625,-187500.015625,-26520.1210938,0.0
-187500.015625,-187500.015625,-187500.015625,-187500.015625,-187500.015625,-187500.015625,-187500.015625,-26399.1308594,0.0
-187500.015625,-187500.015625,-187500.015625,-187500.015625,-187500.015625,-187500.015625,-187500.015625,-26380.4453125,0.0
-187500.015625,-187500.015625,-187500.015625,-187500.015625,-187500.015625,-187500.015625,-187500.015625,-26501.8828125,0.0
-187500.015625,-187500.015625,-187500.015625,-187500.015625,-187500.015625,-187500.015625,-187500.015625,-26533.0410156,0.0
-187500.015625,-187500.015625,-187500.015625,-187500.015625,-187500.015625,-187500.015625,-187500.015625,-26414.8007812,0.0
-187500.015625,-187500.015625,-187500.015625,-187500.015625,-187500.015625,-187500.015625,-187500.015625,-26370.96875,0.0
-187500.015625,-187500.015625,-187500.015625,-187500.015625,-187500.015625,-187500.015625,-187500.015625,-26494.0136719,0.0
-187500.015625,-187500.015625,-187500.015625,-187500.015625,-187500.015625,-187500.015625,-187500.015625,-26545.8710938,0.0
-187500.015625,-187500.015625,-187500.015625,-187500.015625,-187500.015625,-187500.015625,-187500.015625,-26437.1074219,0.0
-187500.015625,-187500.015625,-187500.015625,-187500.015625,-187500.015625,-187500.015625,-187500.015625,-26362.1171875,0.0
-187500.015625,-187500.015625,-187500.015625,-187500.015625,-187500.015625,-187500.015625,-187500.015625,-26460.5761719,0.0
-187500.015625,-187500.015625,-187500.015625,-187500.015625,-187500.015625,-187500.015625,-187500.015625,-26546.5195312,0.0
-187500.015625,-187500.015625,-187500.015625,-187500.015625,-187500.015625,-187500.015625,-187500.015625,-26462.5429688,0.0
-187500.015625,-187500.015625,-187500.015625,-187500.015625,-187500.015625,-187500.015625,-187500.015625,-26356.7519531,0.0
-187500.015625,-187500.015625,-187500.015625,-187500.015625,-187500.015625,-187500.015625,-187500.015625,-26429.4179688,0.0
-187500.015625,-187500.015625,-187500.015625,-187500.015625,-187500.015625,-187500.015625,-187500.015625,-26542.2949219,0.0
-187500.015625,-187500.015625,-187500.015625,-187500.015625,-187500.015625,-187500.015625,-187500.015625,-26485.5214844,0.0
-187500.015625,-187500.015625,-187500.015625,-187500.015625,-187500.015625,-187500.015625,-187500.015625,-26372.3984375,0.0
-187500.015625,-187500.015625,-187500.015625,-187500.015625,-187500.015625,-187500.015625,-187500.015625,-26413.6601562,0.0
-187500.015625,-187500.015625,-187500.015625,-187500.015625,-187500.015625,-187500.015625,-187500.015625,-26536.7949219,0.0
-187500.015625,-187500.015625,-187500.015625,-187500.015625,-187500.015625,-187500.015625,-187500.015625,-26509.8847656,0.0
-187500.015625,-187500.015625,-187500.015625,-187500.015625,-187500.015625,-187500.015625,-187500.015625,-26384.78125,0.0
-187500.015625,-187500.015625,-187500.015625,-187500.015625,-187500.015625,-187500.015625,-187500.015625,-26392.6269531,0.0
-187500.015625,-187500.015625,-187500.015625,-187500.015625,-187500.015625,-187500.015625,-187500.015625,-26523.0488281,0.0
-187500.015625,-187500.015625,-187500.015625,-187500.015625,-187500.015625,-187500.015625,-187500.015625,-26528.390625,0.0
-187500.015625,-187500.015625,-187500.015625,-187500.015625,-187500.015625,-187500.015625,-187500.015625,-26397.4316406,0.0
-187500.015625,-187500.015625,-187500.015625,-187500.015625,-187500.015625,-187500.015625,-187500.015625,-26375.3710938,0.0
-187500.015625,-187500.015625,-187500.015625,-187500.015625,-187500.015625,-187500.015625,-187500.015625,-26499.9160156,0.0
-187500.015625,-187500.015625,-187500.015625,-187500.015625,-187500.015625,-187500.015625,-187500.015625,-26530.0449219,0.0
-187500.015625,-187500.015625,-187500.015625,-187500.015625,-187500.015625,-187500.015625,-187500.015625,-26410.6191406,0.0
-187500.015625,-187500.015625,-187500.015625,-187500.015625,-187500.015625,-187500.015625,-187500.015625,-26360.5078125,0.0
-187500.015625,-187500.015625,-187500.015625,-187500.015625,-187500.015625,-187500.015625,-187500.015625,-26470.7695312,0.0
-187500.015625,-187500.015625,-187500.015625,-187500.015625,-187500.015625,-187500.015625,-187500.015625,-26534.4042969,0.0
-187500.015625,-187500.015625,-187500.015625,-187500.015625,-187500.015625,-187500.015625,-187500.015625,-26430.4902344,0.0
-187500.015625,-187500.015625,-187500.015625,-187500.015625,-187500.015625,-187500.015625,-187500.015625,-26350.6289062,0.0
-187500.015625,-187500.015625,-187500.015625,-187500.015625,-187500.015625,-187500.015625,-187500.015625,-26445.265625,0.0
-187500.015625,-187500.015625,-187500.015625,-187500.015625,-187500.015625,-187500.015625,-187500.015625,-26539.5449219,0.0
-187500.015625,-187500.015625,-187500.015625,-187500.015625,-187500.015625,-187500.015625,-187500.015625,-26453.3339844,0.0
-187500.015625,-187500.015625,-187500.015625,-187500.015625,-187500.015625,-187500.015625,-187500.015625,-26342.1347656,0.0
-187500.015625,-187500.015625,-187500.015625,-187500.015625,-187500.015625,-187500.015625,-187500.015625,-26414.2636719,0.0
-187500.015625,-187500.015625,-187500.015625,-187500.015625,-187500.015625,-187500.015625,-187500.015625,-26531.9003906,0.0
-187500.015625,-187500.015625,-187500.015625,-187500.015625,-187500.015625,-187500.015625,-187500.015625,-26475.328125,0.0
-187500.015625,-187500.015625,-187500.015625,-187500.015625,-187500.015625,-187500.015625,-187500.015625,-26359.390625,0.0
-187500.015625,-187500.015625,-187500.015625,-187500.015625,-187500.015625,-187500.015625,-187500.015625,-26395.2636719,0.0
-187500.015625,-187500.015625,-187500.015625,-187500.015625,-187500.015625,-187500.015625,-187500.015625,-26524.2558594,0.0
-187500.015625,-187500.015625,-187500.015625,-187500.015625,-187500.015625,-187500.015625,-187500.015625,-26498.1503906,0.0
-187500.015625,-187500.015625,-187500.015625,-187500.015625,-187500.015625,-187500.015625,-187500.015625,-26370.0507812,0.0
-187500.015625,-187500.015625,-187500.015625,-187500.015625,-187500.015625,-187500.015625,-187500.015625,-26381.09375,0.0
-187500.015625,-187500.015625,-187500.015625,-187500.015625,-187500.015625,-187500.015625,-187500.015625,-26511.8730469,0.0
-187500.015625,-187500.015625,-187500.015625,-187500.015625,-187500.015625,-187500.015625,-187500.015625,-26521.2832031,0.0
-187500.015625,-187500.015625,-187500.015625,-187500.015625,-187500.015625,-187500.015625,-187500.015625,-26399.1308594,0.0
-187500.015625,-187500.015625,-187500.015625,-187500.015625,-187500.015625,-187500.015625,-187500.015625,-26374.1425781,0.0
-187500.015625,-187500.015625,-187500.015625,-187500.015625,-187500.015625,-187500.015625,-187500.015625,-26499.9609375,0.0
-187500.015625,-187500.015625,-187500.015625,-187500.015625,-187500.015625,-187500.015625,-187500.015625,-26544.640625,0.0
-187500.015625,-187500.015625,-187500.015625,-187500.015625,-187500.015625,-187500.015625,-187500.015625,-26422.4667969,0.0
-187500.015625,-187500.015625,-187500.015625,-187500.015625,-187500.015625,-187500.015625,-187500.015625,-26365.46875,0.0
-187500.015625,-187500.015625,-187500.015625,-187500.015625,-187500.015625,-187500.015625,-187500.015625,-26483.7109375,0.0
-187500.015625,-187500.015625,-187500.015625,-187500.015625,-187500.015625,-187500.015625,-187500.015625,-26556.5332031,0.0
-187500.015625,-187500.015625,-187500.015625,-187500.015625,-187500.015625,-187500.015625,-187500.015625,-26460.84375,0.0
-187500.015625,-187500.015625,-187500.015625,-187500.015625,-187500.015625,-187500.015625,-187500.015625,-26372.6445312,0.0
-187500.015625,-187500.015625,-187500.015625,-187500.015625,-187500.015625,-187500.015625,-187500.015625,-26457.7382812,0.0
-187500.015625,-187500.015625,-187500.015625,-187500.015625,-187500.015625,-187500.015625,-187500.015625,-26553.1796875,0.0
-187500.015625,-187500.015625,-187500.015625,-187500.015625,-187500.015625,-187500.015625,-187500.015625,-26474.8359375,0.0
-187500.015625,-187500.015625,-187500.015625,-187500.015625,-187500.015625,-187500.015625,-187500.015625,-26361.5136719,0.0
-187500.015625,-187500.015625,-187500.015625,-187500.015625,-187500.015625,-187500.015625,-187500.015625,-26424.1660156,0.0
-187500.015625,-187500.015625,-187500.015625,-187500.015625,-187500.015625,-187500.015625,-187500.015625,-26538.4941406,0.0
-187500.015625,-187500.015625,-187500.015625,-187500.015625,-187500.015625,-187500.015625,-187500.015625,-26488.8515625,0.0
-187500.015625,-187500.015625,-187500.015625,-187500.015625,-187500.015625,-187500.015625,-187500.015625,-26369.0019531,0.0
-187500.015625,-187500.015625,-187500.015625,-187500.015625,-187500.015625,-187500.015625,-187500.015625,-26397.6113281,0.0
-187500.015625,-187500.015625,-187500.015625,-187500.015625,-187500.015625,-187500.015625,-187500.015625,-26527.4082031,0.0
-187500.015625,-187500.015625,-187500.015625,-187500.015625,-187500.015625,-187500.015625,-187500.015625,-26509.1914062,0.0
-187500.015625,-187500.015625,-187500.015625,-187500.015625,-187500.015625,-187500.015625,-187500.015625,-26378.2773438,0.0
-187500.015625,-187500.015625,-187500.015625,-187500.015625,-187500.015625,-187500.015625,-187500.015625,-26382.9257812,0.0
-187500.015625,-187500.015625,-187500.015625,-187500.015625,-187500.015625,-187500.015625,-187500.015625,-26509.9960938,0.0
-187500.015625,-187500.015625,-187500.015625,-187500.015625,-187500.015625,-187500.015625,-187500.015625,-26523.3398438,0.0
-187500.015625,-187500.015625,-187500.015625,-187500.015625,-187500.015625,-187500.015625,-187500.015625,-26397.7226562,0.0
-187500.015625,-187500.015625,-187500.015625,-187500.015625,-187500.015625,-187500.015625,-187500.015625,-26361.78125,0.0
-187500.015625,-187500.015625,-187500.015625,-187500.015625,-187500.015625,-187500.015625,-187500.015625,-26480.6484375,0.0
-187500.015625,-187500.015625,-187500.015625,-187500.015625,-187500.015625,-187500.015625,-187500.015625,-26532.6601562,0.0
-187500.015625,-187500.015625,-187500.015625,-187500.015625,-187500.015625,-187500.015625,-187500.015625,-26419.0683594,0.0
-187500.015625,-187500.015625,-187500.015625,-187500.015625,-187500.015625,-187500.015625,-187500.015625,-26350.9414062,0.0
-187500.015625,-187500.015625,-187500.015625,-187500.015625,-187500.015625,-187500.015625,-187500.015625,-26463.6601562,0.0
-187500.015625,-187500.015625,-187500.015625,-187500.015625,-187500.015625,-187500.015625,-187500.015625,-26541.2207031,0.0
-187500.015625,-187500.015625,-187500.015625,-187500.015625,-187500.015625,-187500.015625,-187500.015625,-26445.8007812,0.0
-187500.015625,-187500.015625,-187500.015625,-187500.015625,-187500.015625,-187500.015625,-187500.015625,-26361.5136719,0.0
-187500.015625,-187500.015625,-187500.015625,-187500.015625,-187500.015625,-187500.015625,-187500.015625,-26448.2382812,0.0
-187500.015625,-187500.015625,-187500.015625,-187500.015625,-187500.015625,-187500.015625,-187500.015625,-26542.1152344,0.0
-187500.015625,-187500.015625,-187500.015625,-187500.015625,-187500.015625,-187500.015625,-187500.015625,-26464.5097656,0.0
-187500.015625,-187500.015625,-187500.015625,-187500.015625,-187500.015625,-187500.015625,-187500.015625,-26355.4785156,0.0
-187500.015625,-187500.015625,-187500.015625,-187500.015625,-187500.015625,-187500.015625,-187500.015625,-26412.5878906,0.0
-187500.015625,-187500.015625,-187500.015625,-187500.015625,-187500.015625,-187500.015625,-187500.015625,-26532.2363281,0.0
-187500.015625,-187500.015625,-187500.015625,-187500.015625,-187500.015625,-187500.015625,-187500.015625,-26487.5546875,0.0
-187500.015625,-187500.015625,-187500.015625,-187500.015625,-187500.015625,-187500.015625,-187500.015625,-26367.8828125,0.0
-187500.015625,-187500.015625,-187500.015625,-187500.015625,-187500.015625,-187500.015625,-187500.015625,-26396.6269531,0.0
-187500.015625,-187500.015625,-187500.015625,-187500.015625,-187500.015625,-187500.015625,-187500.015625,-26529.5976562,0.0
-187500.015625,-187500.015625,-187500.015625,-187500.015625,-187500.015625,-187500.015625,-187500.015625,-26516.5898438,0.0
-187500.015625,-187500.015625,-187500.015625,-187500.015625,-187500.015625,-187500.015625,-187500.015625,-26384.5800781,0.0
-187500.015625,-187500.015625,-187500.015625,-187500.015625,-187500.015625,-187500.015625,-187500.015625,-26376.3769531,0.0
-187500.015625,-187500.015625,-187500.015625,-187500.015625,-187500.015625,-187500.015625,-187500.015625,-26506.7988281,0.0
-187500.015625,-187500.015625,-187500.015625,-187500.015625,-187500.015625,-187500.015625,-187500.015625,-26529.5546875,0.0
-187500.015625,-187500.015625,-187500.015625,-187500.015625,-187500.015625,-187500.015625,-187500.015625,-26404.0703125,0.0
-187500.015625,-187500.015625,-187500.015625,-187500.015625,-187500.015625,-187500.015625,-187500.015625,-26366.296875,0.0
-187500.015625,-187500.015625,-187500.015625,-187500.015625,-187500.015625,-187500.015625,-187500.015625,-26483.7773438,0.0
-187500.015625,-187500.015625,-187500.015625,-187500.015625,-187500.015625,-187500.015625,-187500.015625,-26536.8632812,0.0
-187500.015625,-187500.015625,-187500.015625,-187500.015625,-187500.015625,-187500.015625,-187500.015625,-26427.2949219,0.0
-187500.015625,-187500.015625,-187500.015625,-187500.015625,-187500.015625,-187500.015625,-187500.015625,-26356.9765625,0.0
-187500.015625,-187500.015625,-187500.015625,-187500.015625,-187500.015625,-187500.015625,-187500.015625,-26461.2011719,0.0
-187500.015625,-187500.015625,-187500.015625,-187500.015625,-187500.015625,-187500.015625,-187500.015625,-26542.5839844,0.0
-187500.015625,-187500.015625,-187500.015625,-187500.015625,-187500.015625,-187500.015625,-187500.015625,-26447.2324219,0.0
-187500.015625,-187500.015625,-187500.015625,-187500.015625,-187500.015625,-187500.015625,-187500.015625,-26353.0195312,0.0
-187500.015625,-187500.015625,-187500.015625,-187500.015625,-187500.015625,-187500.015625,-187500.015625,-26429.2382812,0.0
-187500.015625,-187500.015625,-187500.015625,-187500.015625,-187500.015625,-187500.015625,-187500.015625,-26536.3261719,0.0
-187500.015625,-187500.015625,-187500.015625,-187500.015625,-187500.015625,-187500.015625,-187500.015625,-26461.1582031,0.0
-187500.015625,-187500.015625,-187500.015625,-187500.015625,-187500.015625,-187500.015625,-187500.015625,-26342.1113281,0.0
-187500.015625,-187500.015625,-187500.015625,-187500.015625,-187500.015625,-187500.015625,-187500.015625,-26396.0019531,0.0
-187500.015625,-187500.015625,-187500.015625,-187500.015625,-187500.015625,-187500.015625,-187500.015625,-26519.3613281,0.0
-187500.015625,-187500.015625,-187500.015625,-187500.015625,-187500.015625,-187500.015625,-187500.015625,-26489.5878906,0.0
-187500.015625,-187500.015625,-187500.015625,-187500.015625,-187500.015625,-187500.015625,-187500.015625,-26366.3867188,0.0
-187500.015625,-187500.015625,-187500.015625,-187500.015625,-187500.015625,-187500.015625,-187500.015625,-26387.5976562,0.0
-187500.015625,-187500.015625,-187500.015625,-187500.015625,-187500.015625,-187500.015625,-187500.015625,-26514.1972656,0.0
-187500.015625,-187500.015625,-187500.015625,-187500.015625,-187500.015625,-187500.015625,-187500.015625,-26504.0273438,0.0
-187500.015625,-187500.015625,-187500.015625,-187500.015625,-187500.015625,-187500.015625,-187500.015625,-26379.3496094,0.0
-187500.015625,-187500.015625,-187500.015625,-187500.015625,-187500.015625,-187500.015625,-187500.015625,-26367.59375,0.0
-187500.015625,-187500.015625,-187500.015625,-187500.015625,-187500.015625,-187500.015625,-187500.015625,-26498.0605469,0.0
-187500.015625,-187500.015625,-187500.015625,-187500.015625,-187500.015625,-187500.015625,-187500.015625,-26526.2460938,0.0
-187500.015625,-187500.015625,-187500.015625,-187500.015625,-187500.015625,-187500.015625,-187500.015625,-26405.9042969,0.0
-187500.015625,-187500.015625,-187500.015625,-187500.015625,-187500.015625,-187500.015625,-187500.015625,-26366.4746094,0.0
-187500.015625,-187500.015625,-187500.015625,-187500.015625,-187500.015625,-187500.015625,-187500.015625,-26484.6933594,0.0
-187500.015625,-187500.015625,-187500.015625,-187500.015625,-187500.015625,-187500.015625,-187500.015625,-26541.2890625,0.0
-187500.015625,-187500.015625,-187500.015625,-187500.015625,-187500.015625,-187500.015625,-187500.015625,-26434.1796875,0.0
-187500.015625,-187500.015625,-187500.015625,-187500.015625,-187500.015625,-187500.015625,-187500.015625,-26357.4003906,0.0
-187500.015625,-187500.015625,-187500.015625,-187500.015625,-187500.015625,-187500.015625,-187500.015625,-26461.5371094,0.0
-187500.015625,-187500.015625,-187500.015625,-187500.015625,-187500.015625,-187500.015625,-187500.015625,-26549.8945312,0.0
-187500.015625,-187500.015625,-187500.015625,-187500.015625,-187500.015625,-187500.015625,-187500.015625,-26458.5195312,0.0
-187500.015625,-187500.015625,-187500.015625,-187500.015625,-187500.015625,-187500.015625,-187500.015625,-26365.0234375,0.0
-187500.015625,-187500.015625,-187500.015625,-187500.015625,-187500.015625,-187500.015625,-187500.015625,-26449.7363281,0.0
-187500.015625,-187500.015625,-187500.015625,-187500.015625,-187500.015625,-187500.015625,-187500.015625,-26562.2773438,0.0
-187500.015625,-187500.015625,-187500.015625,-187500.015625,-187500.015625,-187500.015625,-187500.015625,-26499.6464844,0.0
-187500.015625,-187500.015625,-187500.015625,-187500.015625,-187500.015625,-187500.015625,-187500.015625,-26389.0058594,0.0
-187500.015625,-187500.015625,-187500.015625,-187500.015625,-187500.015625,-187500.015625,-187500.015625,-26434.3574219,0.0
-187500.015625,-187500.015625,-187500.015625,-187500.015625,-187500.015625,-187500.015625,-187500.015625,-26554.0292969,0.0
-187500.015625,-187500.015625,-187500.015625,-187500.015625,-187500.015625,-187500.015625,-187500.015625,-26516.2089844,0.0
-187500.015625,-187500.015625,-187500.015625,-187500.015625,-187500.015625,-187500.015625,-187500.015625,-26385.9667969,0.0
-187500.015625,-187500.015625,-187500.015625,-187500.015625,-187500.015625,-187500.015625,-187500.015625,-26401.2539062,0.0
-187500.015625,-187500.015625,-187500.015625,-187500.015625,-187500.015625,-187500.015625,-187500.015625,-26524.5683594,0.0
-187500.015625,-187500.015625,-187500.015625,-187500.015625,-187500.015625,-187500.015625,-187500.015625,-26520.3886719,0.0
-187500.015625,-187500.015625,-187500.015625,-187500.015625,-187500.015625,-187500.015625,-187500.015625,-26391.0839844,0.0
-187500.015625,-187500.015625,-187500.015625,-187500.015625,-187500.015625,-187500.015625,-187500.015625,-26373.4941406,0.0
-187500.015625,-187500.015625,-187500.015625,-187500.015625,-187500.015625,-187500.015625,-187500.015625,-26502.2617188,0.0
-187500.015625,-187500.015625,-187500.015625,-187500.015625,-187500.015625,-187500.015625,-187500.015625,-26532.9726562,0.0
-187500.015625,-187500.015625,-187500.015625,-187500.015625,-187500.015625,-187500.015625,-187500.015625,-26409.546875,0.0
-187500.015625,-187500.015625,-187500.015625,-187500.015625,-187500.015625,-187500.015625,-187500.015625,-26367.1464844,0.0
-187500.015625,-187500.015625,-187500.015625,-187500.015625,-187500.015625,-187500.015625,-187500.015625,-26481.1621094,0.0
-187500.015625,-187500.015625,-187500.015625,-187500.015625,-187500.015625,-187500.015625,-187500.015625,-26543.9257812,0.0
-187500.015625,-187500.015625,-187500.015625,-187500.015625,-187500.015625,-187500.015625,-187500.015625,-26434.7597656,0.0
-187500.015625,-187500.015625,-187500.015625,-187500.015625,-187500.015625,-187500.015625,-187500.015625,-26357.7128906,0.0
-187500.015625,-187500.015625,-187500.015625,-187500.015625,-187500.015625,-187500.015625,-187500.015625,-26460.9121094,0.0
-187500.015625,-187500.015625,-187500.015625,-187500.015625,-187500.015625,-187500.015625,-187500.015625,-26550.8769531,0.0
-187500.015625,-187500.015625,-187500.015625,-187500.015625,-187500.015625,-187500.015625,-187500.015625,-26464.734375,0.0
-187500.015625,-187500.015625,-187500.015625,-187500.015625,-187500.015625,-187500.015625,-187500.015625,-26364.84375,0.0
-187500.015625,-187500.015625,-187500.015625,-187500.015625,-187500.015625,-187500.015625,-187500.015625,-26446.9414062,0.0
-187500.015625,-187500.015625,-187500.015625,-187500.015625,-187500.015625,-187500.015625,-187500.015625,-26551.7714844,0.0
-187500.015625,-187500.015625,-187500.015625,-187500.015625,-187500.015625,-187500.015625,-187500.015625,-26488.3144531,0.0
-187500.015625,-187500.015625,-187500.015625,-187500.015625,-187500.015625,-187500.015625,-187500.015625,-26376.2421875,0.0
-187500.015625,-187500.015625,-187500.015625,-187500.015625,-187500.015625,-187500.015625,-187500.015625,-26417.2363281,0.0
-187500.015625,-187500.015625,-187500.015625,-187500.015625,-187500.015625,-187500.015625,-187500.015625,-26538.9199219,0.0
-187500.015625,-187500.015625,-187500.015625,-187500.015625,-187500.015625,-187500.015625,-187500.015625,-26509.6152344,0.0
-187500.015625,-187500.015625,-187500.015625,-187500.015625,-187500.015625,-187500.015625,-187500.015625,-26384.0,0.0
-187500.015625,-187500.015625,-187500.015625,-187500.015625,-187500.015625,-187500.015625,-187500.015625,-26396.6269531,0.0
-187500.015625,-187500.015625,-187500.015625,-187500.015625,-187500.015625,-187500.015625,-187500.015625,-26522.7363281,0.0
-187500.015625,-187500.015625,-187500.015625,-187500.015625,-187500.015625,-187500.015625,-187500.015625,-26524.6816406,0.0
-187500.015625,-187500.015625,-187500.015625,-187500.015625,-187500.015625,-187500.015625,-187500.015625,-26401.9023438,0.0
-187500.015625,-187500.015625,-187500.015625,-187500.015625,-187500.015625,-187500.015625,-187500.015625,-26381.3164062,0.0
-187500.015625,-187500.015625,-187500.015625,-187500.015625,-187500.015625,-187500.015625,-187500.015625,-26502.7089844,0.0
-187500.015625,-187500.015625,-187500.015625,-187500.015625,-187500.015625,-187500.015625,-187500.015625,-26538.8066406,0.0
-187500.015625,-187500.015625,-187500.015625,-187500.015625,-187500.015625,-187500.015625,-187500.015625,-26421.9296875,0.0
-187500.015625,-187500.015625,-187500.015625,-187500.015625,-187500.015625,-187500.015625,-187500.015625,-26371.0800781,0.0
-187500.015625,-187500.015625,-187500.015625,-187500.015625,-187500.015625,-187500.015625,-187500.015625,-26482.2578125,0.0
-187500.015625,-187500.015625,-187500.015625,-187500.015625,-187500.015625,-187500.015625,-187500.015625,-26545.6699219,0.0
-187500.015625,-187500.015625,-187500.015625,-187500.015625,-187500.015625,-187500.015625,-187500.015625,-26451.4121094,0.0
-187500.015625,-187500.015625,-187500.015625,-187500.015625,-187500.015625,-187500.015625,-187500.015625,-26372.5996094,0.0
-187500.015625,-187500.015625,-187500.015625,-187500.015625,-187500.015625,-187500.015625,-187500.015625,-26465.3828125,0.0
-187500.015625,-187500.015625,-187500.015625,-187500.015625,-187500.015625,-187500.015625,-187500.015625,-26550.453125,0.0
-187500.015625,-187500.015625,-187500.015625,-187500.015625,-187500.015625,-187500.015625,-187500.015625,-26472.0429688,0.0
-187500.015625,-187500.015625,-187500.015625,-187500.015625,-187500.015625,-187500.015625,-187500.015625,-26371.3027344,0.0
-187500.015625,-187500.015625,-187500.015625,-187500.015625,-187500.015625,-187500.015625,-187500.015625,-26434.2011719,0.0
-187500.015625,-187500.015625,-187500.015625,-187500.015625,-187500.015625,-187500.015625,-187500.015625,-26550.8320312,0.0
-187500.015625,-187500.015625,-187500.015625,-187500.015625,-187500.015625,-187500.015625,-187500.015625,-26492.046875,0.0
-187500.015625,-187500.015625,-187500.015625,-187500.015625,-187500.015625,-187500.015625,-187500.015625,-26369.2910156,0.0
-187500.015625,-187500.015625,-187500.015625,-187500.015625,-187500.015625,-187500.015625,-187500.015625,-26408.9667969,0.0
-187500.015625,-187500.015625,-187500.015625,-187500.015625,-187500.015625,-187500.015625,-187500.015625,-26535.5,0.0
-187500.015625,-187500.015625,-187500.015625,-187500.015625,-187500.015625,-187500.015625,-187500.015625,-26509.2363281,0.0
-187500.015625,-187500.015625,-187500.015625,-187500.015625,-187500.015625,-187500.015625,-187500.015625,-26380.7128906,0.0
-187500.015625,-187500.015625,-187500.015625,-187500.015625,-187500.015625,-187500.015625,-187500.015625,-26383.1953125,0.0
-187500.015625,-187500.015625,-187500.015625,-187500.015625,-187500.015625,-187500.015625,-187500.015625,-26513.1914062,0.0
-187500.015625,-187500.015625,-187500.015625,-187500.015625,-187500.015625,-187500.015625,-187500.015625,-26525.015625,0.0
-187500.015625,-187500.015625,-187500.015625,-187500.015625,-187500.015625,-187500.015625,-187500.015625,-26400.1816406,0.0
-187500.015625,-187500.015625,-187500.015625,-187500.015625,-187500.015625,-187500.015625,-187500.015625,-26361.3574219,0.0
-187500.015625,-187500.015625,-187500.015625,-187500.015625,-187500.015625,-187500.015625,-187500.015625,-26483.4414062,0.0
-187500.015625,-187500.015625,-187500.015625,-187500.015625,-187500.015625,-187500.015625,-187500.015625,-26533.7558594,0.0
-187500.015625,-187500.015625,-187500.015625,-187500.015625,-187500.015625,-187500.015625,-187500.015625,-26415.6054688,0.0
-187500.015625,-187500.015625,-187500.015625,-187500.015625,-187500.015625,-187500.015625,-187500.015625,-26360.3515625,0.0
-187500.015625,-187500.015625,-187500.015625,-187500.015625,-187500.015625,-187500.015625,-187500.015625,-26474.2109375,0.0
-187500.015625,-187500.015625,-187500.015625,-187500.015625,-187500.015625,-187500.015625,-187500.015625,-26548.9101562,0.0
-187500.015625,-187500.015625,-187500.015625,-187500.015625,-187500.015625,-187500.015625,-187500.015625,-26443.4550781,0.0
-187500.015625,-187500.015625,-187500.015625,-187500.015625,-187500.015625,-187500.015625,-187500.015625,-26358.0488281,0.0
-187500.015625,-187500.015625,-187500.015625,-187500.015625,-187500.015625,-187500.015625,-187500.015625,-26447.3671875,0.0
-187500.015625,-187500.015625,-187500.015625,-187500.015625,-187500.015625,-187500.015625,-187500.015625,-26544.796875,0.0
-187500.015625,-187500.015625,-187500.015625,-187500.015625,-187500.015625,-187500.015625,-187500.015625,-26468.0195312,0.0
-187500.015625,-187500.015625,-187500.015625,-187500.015625,-187500.015625,-187500.015625,-187500.015625,-26363.5703125,0.0
-187500.015625,-187500.015625,-187500.015625,-187500.015625,-187500.015625,-187500.015625,-187500.015625,-26428.4570312,0.0
-187500.015625,-187500.015625,-187500.015625,-187500.015625,-187500.015625,-187500.015625,-187500.015625,-26544.3945312,0.0
-187500.015625,-187500.015625,-187500.015625,-187500.015625,-187500.015625,-187500.015625,-187500.015625,-26501.3691406,0.0
-187500.015625,-187500.015625,-187500.015625,-187500.015625,-187500.015625,-187500.015625,-187500.015625,-26382.8144531,0.0
-187500.015625,-187500.015625,-187500.015625,-187500.015625,-187500.015625,-187500.015625,-187500.015625,-26414.8671875,0.0
-187500.015625,-187500.015625,-187500.015625,-187500.015625,-187500.015625,-187500.015625,-187500.015625,-26536.5273438,0.0
-187500.015625,-187500.015625,-187500.015625,-187500.015625,-187500.015625,-187500.015625,-187500.015625,-26518.1328125,0.0
-187500.015625,-187500.015625,-187500.015625,-187500.015625,-187500.015625,-187500.015625,-187500.015625,-26385.0722656,0.0
-187500.015625,-187500.015625,-187500.015625,-187500.015625,-187500.015625,-187500.015625,-187500.015625,-26375.1933594,0.0
-187500.015625,-187500.015625,-187500.015625,-187500.015625,-187500.015625,-187500.015625,-187500.015625,-26506.0839844,0.0
-187500.015625,-187500.015625,-187500.015625,-187500.015625,-187500.015625,-187500.015625,-187500.015625,-26518.3554688,0.0
-187500.015625,-187500.015625,-187500.015625,-187500.015625,-187500.015625,-187500.015625,-187500.015625,-26392.4472656,0.0
-187500.015625,-187500.015625,-187500.015625,-187500.015625,-187500.015625,-187500.015625,-187500.015625,-26361.5136719,0.0
-187500.015625,-187500.015625,-187500.015625,-187500.015625,-187500.015625,-187500.015625,-187500.015625,-26484.671875,0.0
-187500.015625,-187500.015625,-187500.015625,-187500.015625,-187500.015625,-187500.015625,-187500.015625,-26532.5488281,0.0
-187500.015625,-187500.015625,-187500.015625,-187500.015625,-187500.015625,-187500.015625,-187500.015625,-26415.1347656,0.0
-187500.015625,-187500.015625,-187500.015625,-187500.015625,-187500.015625,-187500.015625,-187500.015625,-26359.4570312,0.0
-187500.015625,-187500.015625,-187500.015625,-187500.015625,-187500.015625,-187500.015625,-187500.015625,-26467.0800781,0.0
-187500.015625,-187500.015625,-187500.015625,-187500.015625,-187500.015625,-187500.015625,-187500.015625,-26544.796875,0.0
-187500.015625,-187500.015625,-187500.015625,-187500.015625,-187500.015625,-187500.015625,-187500.015625,-26449.6230469,0.0
-187500.015625,-187500.015625,-187500.015625,-187500.015625,-187500.015625,-187500.015625,-187500.015625,-26358.2285156,0.0
-187500.015625,-187500.015625,-187500.015625,-187500.015625,-187500.015625,-187500.015625,-187500.015625,-26452.1269531,0.0
-187500.015625,-187500.015625,-187500.015625,-187500.015625,-187500.015625,-187500.015625,-187500.015625,-26550.9433594,0.0
-187500.015625,-187500.015625,-187500.015625,-187500.015625,-187500.015625,-187500.015625,-187500.015625,-26474.7910156,0.0
-187500.015625,-187500.015625,-187500.015625,-187500.015625,-187500.015625,-187500.015625,-187500.015625,-26368.7109375,0.0
-187500.015625,-187500.015625,-187500.015625,-187500.015625,-187500.015625,-187500.015625,-187500.015625,-26424.9257812,0.0
-187500.015625,-187500.015625,-187500.015625,-187500.015625,-187500.015625,-187500.015625,-187500.015625,-26540.2148438,0.0
-187500.015625,-187500.015625,-187500.015625,-187500.015625,-187500.015625,-187500.015625,-187500.015625,-26500.5195312,0.0
-187500.015625,-187500.015625,-187500.015625,-187500.015625,-187500.015625,-187500.015625,-187500.015625,-26377.8964844,0.0
-187500.015625,-187500.015625,-187500.015625,-187500.015625,-187500.015625,-187500.015625,-187500.015625,-26400.3613281,0.0
-187500.015625,-187500.015625,-187500.015625,-187500.015625,-187500.015625,-187500.015625,-187500.015625,-26527.0957031,0.0
-187500.015625,-187500.015625,-187500.015625,-187500.015625,-187500.015625,-187500.015625,-187500.015625,-26515.8066406,0.0
-187500.015625,-187500.015625,-187500.015625,-187500.015625,-187500.015625,-187500.015625,-187500.015625,-26385.6523438,0.0
-187500.015625,-187500.015625,-187500.015625,-187500.015625,-187500.015625,-187500.015625,-187500.015625,-26377.6074219,0.0
-187500.015625,-187500.015625,-187500.015625,-187500.015625,-187500.015625,-187500.015625,-187500.015625,-26510.0859375,0.0
-187500.015625,-187500.015625,-187500.015625,-187500.015625,-187500.015625,-187500.015625,-187500.015625,-26533.8007812,0.0
-187500.015625,-187500.015625,-187500.015625,-187500.015625,-187500.015625,-187500.015625,-187500.015625,-26410.3515625,0.0
-187500.015625,-187500.015625,-187500.015625,-187500.015625,-187500.015625,-187500.015625,-187500.015625,-26369.2695312,0.0
-187500.015625,-187500.015625,-187500.015625,-187500.015625,-187500.015625,-187500.015625,-187500.015625,-26491.0410156,0.0
-187500.015625,-187500.015625,-187500.015625,-187500.015625,-187500.015625,-187500.015625,-187500.015625,-26547.5917969,0.0
-187500.015625,-187500.015625,-187500.015625,-187500.015625,-187500.015625,-187500.015625,-187500.015625,-26433.7089844,0.0
-187500.015625,-187500.015625,-187500.015625,-187500.015625,-187500.015625,-187500.015625,-187500.015625,-26362.9667969,0.0
-187500.015625,-187500.015625,-187500.015625,-187500.015625,-187500.015625,-187500.015625,-187500.015625,-26468.9804688,0.0
-187500.015625,-187500.015625,-187500.015625,-187500.015625,-187500.015625,-187500.015625,-187500.015625,-26549.5371094,0.0
-187500.015625,-187500.015625,-187500.015625,-187500.015625,-187500.015625,-187500.015625,-187500.015625,-26457.2910156,0.0
-187500.015625,-187500.015625,-187500.015625,-187500.015625,-187500.015625,-187500.015625,-187500.015625,-26362.0722656,0.0
-187500.015625,-187500.015625,-187500.015625,-187500.015625,-187500.015625,-187500.015625,-187500.015625,-26440.8613281,0.0
-187500.015625,-187500.015625,-187500.015625,-187500.015625,-187500.015625,-187500.015625,-187500.015625,-26543.03125,0.0
-187500.015625,-187500.015625,-187500.015625,-187500.015625,-187500.015625,-187500.015625,-187500.015625,-26480.1113281,0.0
-187500.015625,-187500.015625,-187500.015625,-187500.015625,-187500.015625,-187500.015625,-187500.015625,-26364.7089844,0.0
-187500.015625,-187500.015625,-187500.015625,-187500.015625,-187500.015625,-187500.015625,-187500.015625,-26417.6835938,0.0
-187500.015625,-187500.015625,-187500.015625,-187500.015625,-187500.015625,-187500.015625,-187500.015625,-26535.8339844,0.0
-187500.015625,-187500.015625,-187500.015625,-187500.015625,-187500.015625,-187500.015625,-187500.015625,-26494.171875,0.0
-187500.015625,-187500.015625,-187500.015625,-187500.015625,-187500.015625,-187500.015625,-187500.015625,-26370.6113281,0.0
-187500.015625,-187500.015625,-187500.015625,-187500.015625,-187500.015625,-187500.015625,-187500.015625,-26392.0449219,0.0
-187500.015625,-187500.015625,-187500.015625,-187500.015625,-187500.015625,-187500.015625,-187500.015625,-26525.3964844,0.0
-187500.015625,-187500.015625,-187500.015625,-187500.015625,-187500.015625,-187500.015625,-187500.015625,-26517.9980469,0.0
-187500.015625,-187500.015625,-187500.015625,-187500.015625,-187500.015625,-187500.015625,-187500.015625,-26388.7382812,0.0
-187500.015625,-187500.015625,-187500.015625,-187500.015625,-187500.015625,-187500.015625,-187500.015625,-26367.7050781,0.0
-187500.015625,-187500.015625,-187500.015625,-187500.015625,-187500.015625,-187500.015625,-187500.015625,-26499.8476562,0.0
-187500.015625,-187500.015625,-187500.015625,-187500.015625,-187500.015625,-187500.015625,-187500.015625,-26528.078125,0.0
-187500.015625,-187500.015625,-187500.015625,-187500.015625,-187500.015625,-187500.015625,-187500.015625,-26401.0976562,0.0
-187500.015625,-187500.015625,-187500.015625,-187500.015625,-187500.015625,-187500.015625,-187500.015625,-26359.0546875,0.0
-187500.015625,-187500.015625,-187500.015625,-187500.015625,-187500.015625,-187500.015625,-187500.015625,-26481.0507812,0.0
-187500.015625,-187500.015625,-187500.015625,-187500.015625,-187500.015625,-187500.015625,-187500.015625,-26540.9980469,0.0
-187500.015625,-187500.015625,-187500.015625,-187500.015625,-187500.015625,-187500.015625,-187500.015625,-26436.078125,0.0
-187500.015625,-187500.015625,-187500.015625,-187500.015625,-187500.015625,-187500.015625,-187500.015625,-26356.5058594,0.0
-187500.015625,-187500.015625,-187500.015625,-187500.015625,-187500.015625,-187500.015625,-187500.015625,-26451.7246094,0.0
-187500.015625,-187500.015625,-187500.015625,-187500.015625,-187500.015625,-187500.015625,-187500.015625,-26543.0546875,0.0
-187500.015625,-187500.015625,-187500.015625,-187500.015625,-187500.015625,-187500.015625,-187500.015625,-26458.2519531,0.0
-187500.015625,-187500.015625,-187500.015625,-187500.015625,-187500.015625,-187500.015625,-187500.015625,-26361.1777344,0.0
-187500.015625,-187500.015625,-187500.015625,-187500.015625,-187500.015625,-187500.015625,-187500.015625,-26433.1054688,0.0
-187500.015625,-187500.015625,-187500.015625,-187500.015625,-187500.015625,-187500.015625,-187500.015625,-26538.875,0.0
-187500.015625,-187500.015625,-187500.015625,-187500.015625,-187500.015625,-187500.015625,-187500.015625,-26477.1171875,0.0
-187500.015625,-187500.015625,-187500.015625,-187500.015625,-187500.015625,-187500.015625,-187500.015625,-26365.3574219,0.0
-187500.015625,-187500.015625,-187500.015625,-187500.015625,-187500.015625,-187500.015625,-187500.015625,-26420.8574219,0.0
-187500.015625,-187500.015625,-187500.015625,-187500.015625,-187500.015625,-187500.015625,-187500.015625,-26539.2539062,0.0
-187500.015625,-187500.015625,-187500.015625,-187500.015625,-187500.015625,-187500.015625,-187500.015625,-26504.2285156,0.0
-187500.015625,-187500.015625,-187500.015625,-187500.015625,-187500.015625,-187500.015625,-187500.015625,-26379.8867188,0.0
-187500.015625,-187500.015625,-187500.015625,-187500.015625,-187500.015625,-187500.015625,-187500.015625,-26396.4492188,0.0
-187500.015625,-187500.015625,-187500.015625,-187500.015625,-187500.015625,-187500.015625,-187500.015625,-26525.9101562,0.0
-187500.015625,-187500.015625,-187500.015625,-187500.015625,-187500.015625,-187500.015625,-187500.015625,-26528.0332031,0.0
-187500.015625,-187500.015625,-187500.015625,-187500.015625,-187500.015625,-187500.015625,-187500.015625,-26399.8457031,0.0
-187500.015625,-187500.015625,-187500.015625,-187500.015625,-187500.015625,-187500.015625,-187500.015625,-26379.3046875,0.0
-187500.015625,-187500.015625,-187500.015625,-187500.015625,-187500.015625,-187500.015625,-187500.015625,-26500.7871094,0.0
-187500.015625,-187500.015625,-187500.015625,-187500.015625,-187500.015625,-187500.015625,-187500.015625,-26534.2929688,0.0
-187500.015625,-187500.015625,-187500.015625,-187500.015625,-187500.015625,-187500.015625,-187500.015625,-26419.0234375,0.0
-187500.015625,-187500.015625,-187500.015625,-187500.015625,-187500.015625,-187500.015625,-187500.015625,-26368.3300781,0.0
-187500.015625,-187500.015625,-187500.015625,-187500.015625,-187500.015625,-187500.015625,-187500.015625,-26480.625,0.0
-187500.015625,-187500.015625,-187500.015625,-187500.015625,-187500.015625,-187500.015625,-187500.015625,-26542.2714844,0.0
-187500.015625,-187500.015625,-187500.015625,-187500.015625,-187500.015625,-187500.015625,-187500.015625,-26430.6464844,0.0
-187500.015625,-187500.015625,-187500.015625,-187500.015625,-187500.015625,-187500.015625,-187500.015625,-26353.3320312,0.0
-187500.015625,-187500.015625,-187500.015625,-187500.015625,-187500.015625,-187500.015625,-187500.015625,-26453.4238281,0.0
-187500.015625,-187500.015625,-187500.015625,-187500.015625,-187500.015625,-187500.015625,-187500.015625,-26545.8710938,0.0
-187500.015625,-187500.015625,-187500.015625,-187500.015625,-187500.015625,-187500.015625,-187500.015625,-26459.5488281,0.0
-187500.015625,-187500.015625,-187500.015625,-187500.015625,-187500.015625,-187500.015625,-187500.015625,-26359.2773438,0.0
-187500.015625,-187500.015625,-187500.015625,-187500.015625,-187500.015625,-187500.015625,-187500.015625,-26427.9433594,0.0
-187500.015625,-187500.015625,-187500.015625,-187500.015625,-187500.015625,-187500.015625,-187500.015625,-26539.0976562,0.0
-187500.015625,-187500.015625,-187500.015625,-187500.015625,-187500.015625,-187500.015625,-187500.015625,-26488.7832031,0.0
-187500.015625,-187500.015625,-187500.015625,-187500.015625,-187500.015625,-187500.015625,-187500.015625,-26366.296875,0.0
-187500.015625,-187500.015625,-187500.015625,-187500.015625,-187500.015625,-187500.015625,-187500.015625,-26410.7089844,0.0
-187500.015625,-187500.015625,-187500.015625,-187500.015625,-187500.015625,-187500.015625,-187500.015625,-26536.7949219,0.0
-187500.015625,-187500.015625,-187500.015625,-187500.015625,-187500.015625,-187500.015625,-187500.015625,-26509.59375,0.0
-187500.015625,-187500.015625,-187500.015625,-187500.015625,-187500.015625,-187500.015625,-187500.015625,-26379.4179688,0.0
-187500.015625,-187500.015625,-187500.015625,-187500.015625,-187500.015625,-187500.015625,-187500.015625,-26393.3652344,0.0
-187500.015625,-187500.015625,-187500.015625,-187500.015625,-187500.015625,-187500.015625,-187500.015625,-26523.2949219,0.0
-187500.015625,-187500.015625,-187500.015625,-187500.015625,-187500.015625,-187500.015625,-187500.015625,-26531.6542969,0.0
-187500.015625,-187500.015625,-187500.015625,-187500.015625,-187500.015625,-187500.015625,-187500.015625,-26399.7792969,0.0
-187500.015625,-187500.015625,-187500.015625,-187500.015625,-187500.015625,-187500.015625,-187500.015625,-26382.7480469,0.0
-187500.015625,-187500.015625,-187500.015625,-187500.015625,-187500.015625,-187500.015625,-187500.015625,-26503.7382812,0.0
-187500.015625,-187500.015625,-187500.015625,-187500.015625,-187500.015625,-187500.015625,-187500.015625,-26547.8828125,0.0
-187500.015625,-187500.015625,-187500.015625,-187500.015625,-187500.015625,-187500.015625,-187500.015625,-26432.2109375,0.0
-187500.015625,-187500.015625,-187500.015625,-187500.015625,-187500.015625,-187500.015625,-187500.015625,-26379.2832031,0.0
-187500.015625,-187500.015625,-187500.015625,-187500.015625,-187500.015625,-187500.015625,-187500.015625,-26494.9082031,0.0
-187500.015625,-187500.015625,-187500.015625,-187500.015625,-187500.015625,-187500.015625,-187500.015625,-26568.2675781,0.0
-187500.015625,-187500.015625,-187500.015625,-187500.015625,-187500.015625,-187500.015625,-187500.015625,-26454.765625,0.0
-187500.015625,-187500.015625,-187500.015625,-187500.015625,-187500.015625,-187500.015625,-187500.015625,-26371.2363281,0.0
-187500.015625,-187500.015625,-187500.015625,-187500.015625,-187500.015625,-187500.015625,-187500.015625,-26461.359375,0.0
-187500.015625,-187500.015625,-187500.015625,-187500.015625,-187500.015625,-187500.015625,-187500.015625,-26555.5703125,0.0
-187500.015625,-187500.015625,-187500.015625,-187500.015625,-187500.015625,-187500.015625,-187500.015625,-26474.7480469,0.0
-187500.015625,-187500.015625,-187500.015625,-187500.015625,-187500.015625,-187500.015625,-187500.015625,-26362.4746094,0.0
-187500.015625,-187500.015625,-187500.015625,-187500.015625,-187500.015625,-187500.015625,-187500.015625,-26424.1425781,0.0
-187500.015625,-187500.015625,-187500.015625,-187500.015625,-187500.015625,-187500.015625,-187500.015625,-26535.5664062,0.0
-187500.015625,-187500.015625,-187500.015625,-187500.015625,-187500.015625,-187500.015625,-187500.015625,-26484.4472656,0.0
-187500.015625,-187500.015625,-187500.015625,-187500.015625,-187500.015625,-187500.015625,-187500.015625,-26364.8222656,0.0
-187500.015625,-187500.015625,-187500.015625,-187500.015625,-187500.015625,-187500.015625,-187500.015625,-26398.125,0.0
-187500.015625,-187500.015625,-187500.015625,-187500.015625,-187500.015625,-187500.015625,-187500.015625,-26522.8476562,0.0
-187500.015625,-187500.015625,-187500.015625,-187500.015625,-187500.015625,-187500.015625,-187500.015625,-26502.7753906,0.0
-187500.015625,-187500.015625,-187500.015625,-187500.015625,-187500.015625,-187500.015625,-187500.015625,-26373.7617188,0.0
-187500.015625,-187500.015625,-187500.015625,-187500.015625,-187500.015625,-187500.015625,-187500.015625,-26377.3828125,0.0
-187500.015625,-187500.015625,-187500.015625,-187500.015625,-187500.015625,-187500.015625,-187500.015625,-26509.3027344,0.0
-187500.015625,-187500.015625,-187500.015625,-187500.015625,-187500.015625,-187500.015625,-187500.015625,-26520.7480469,0.0
-187500.015625,-187500.015625,-187500.015625,-187500.015625,-187500.015625,-187500.015625,-187500.015625,-26387.0390625,0.0
-187500.015625,-187500.015625,-187500.015625,-187500.015625,-187500.015625,-187500.015625,-187500.015625,-26356.5507812,0.0
-187500.015625,-187500.015625,-187500.015625,-187500.015625,-187500.015625,-187500.015625,-187500.015625,-26485.7226562,0.0
-187500.015625,-187500.015625,-187500.015625,-187500.015625,-187500.015625,-187500.015625,-187500.015625,-26537.9355469,0.0
-187500.015625,-187500.015625,-187500.015625,-187500.015625,-187500.015625,-187500.015625,-187500.015625,-26422.421875,0.0
-187500.015625,-187500.015625,-187500.015625,-187500.015625,-187500.015625,-187500.015625,-187500.015625,-26362.3183594,0.0
-187500.015625,-187500.015625,-187500.015625,-187500.015625,-187500.015625,-187500.015625,-187500.015625,-26467.1484375,0.0
-187500.015625,-187500.015625,-187500.015625,-187500.015625,-187500.015625,-187500.015625,-187500.015625,-26545.0214844,0.0
-187500.015625,-187500.015625,-187500.015625,-187500.015625,-187500.015625,-187500.015625,-187500.015625,-26445.2871094,0.0
-187500.015625,-187500.015625,-187500.015625,-187500.015625,-187500.015625,-187500.015625,-187500.015625,-26359.6796875,0.0
-187500.015625,-187500.015625,-187500.015625,-187500.015625,-187500.015625,-187500.015625,-187500.015625,-26446.1601562,0.0
-187500.015625,-187500.015625,-187500.015625,-187500.015625,-187500.015625,-187500.015625,-187500.015625,-26541.1757812,0.0
-187500.015625,-187500.015625,-187500.015625,-187500.015625,-187500.015625,-187500.015625,-187500.015625,-26464.890625,0.0
-187500.015625,-187500.015625,-187500.015625,-187500.015625,-187500.015625,-187500.015625,-187500.015625,-26352.9980469,0.0
-187500.015625,-187500.015625,-187500.015625,-187500.015625,-187500.015625,-187500.015625,-187500.015625,-26418.3769531,0.0
-187500.015625,-187500.015625,-187500.015625,-187500.015625,-187500.015625,-187500.015625,-187500.015625,-26538.5390625,0.0
-187500.015625,-187500.015625,-187500.015625,-187500.015625,-187500.015625,-187500.015625,-187500.015625,-26494.0136719,0.0
-187500.015625,-187500.015625,-187500.015625,-187500.015625,-187500.015625,-187500.015625,-187500.015625,-26364.3300781,0.0
-187500.015625,-187500.015625,-187500.015625,-187500.015625,-187500.015625,-187500.015625,-187500.015625,-26398.1699219,0.0
-187500.015625,-187500.015625,-187500.015625,-187500.015625,-187500.015625,-187500.015625,-187500.015625,-26529.3085938,0.0
-187500.015625,-187500.015625,-187500.015625,-187500.015625,-187500.015625,-187500.015625,-187500.015625,-26513.125,0.0
-187500.015625,-187500.015625,-187500.015625,-187500.015625,-187500.015625,-187500.015625,-187500.015625,-26383.640625,0.0
-187500.015625,-187500.015625,-187500.015625,-187500.015625,-187500.015625,-187500.015625,-187500.015625,-26380.1542969,0.0
-187500.015625,-187500.015625,-187500.015625,-187500.015625,-187500.015625,-187500.015625,-187500.015625,-26505.3476562,0.0
-187500.015625,-187500.015625,-187500.015625,-187500.015625,-187500.015625,-187500.015625,-187500.015625,-26527.3183594,0.0
-187500.015625,-187500.015625,-187500.015625,-187500.015625,-187500.015625,-187500.015625,-187500.015625,-26408.609375,0.0
-187500.015625,-187500.015625,-187500.015625,-187500.015625,-187500.015625,-187500.015625,-187500.015625,-26375.6621094,0.0
-187500.015625,-187500.015625,-187500.015625,-187500.015625,-187500.015625,-187500.015625,-187500.015625,-26503.7148438,0.0
-187500.015625,-187500.015625,-187500.015625,-187500.015625,-187500.015625,-187500.015625,-187500.015625,-26557.8066406,0.0
-187500.015625,-187500.015625,-187500.015625,-187500.015625,-187500.015625,-187500.015625,-187500.015625,-26447.2988281,0.0
-187500.015625,-187500.015625,-187500.015625,-187500.015625,-187500.015625,-187500.015625,-187500.015625,-26380.2441406,0.0
-187500.015625,-187500.015625,-187500.015625,-187500.015625,-187500.015625,-187500.015625,-187500.015625,-26482.3691406,0.0
-187500.015625,-187500.015625,-187500.015625,-187500.015625,-187500.015625,-187500.015625,-187500.015625,-26561.3164062,0.0
-187500.015625,-187500.015625,-187500.015625,-187500.015625,-187500.015625,-187500.015625,-187500.015625,-26459.8378906,0.0
-187500.015625,-187500.015625,-187500.015625,-187500.015625,-187500.015625,-187500.015625,-187500.015625,-26368.3535156,0.0
-187500.015625,-187500.015625,-187500.015625,-187500.015625,-187500.015625,-187500.015625,-187500.015625,-26455.6816406,0.0
-187500.015625,-187500.015625,-187500.015625,-187500.015625,-187500.015625,-187500.015625,-187500.015625,-26557.0917969,0.0
-187500.015625,-187500.015625,-187500.015625,-187500.015625,-187500.015625,-187500.015625,-187500.015625,-26483.6210938,0.0
-187500.015625,-187500.015625,-187500.015625,-187500.015625,-187500.015625,-187500.015625,-187500.015625,-26375.8847656,0.0
-187500.015625,-187500.015625,-187500.015625,-187500.015625,-187500.015625,-187500.015625,-187500.015625,-26433.2851562,0.0
-187500.015625,-187500.015625,-187500.015625,-187500.015625,-187500.015625,-187500.015625,-187500.015625,-26549.0449219,0.0
-187500.015625,-187500.015625,-187500.015625,-187500.015625,-187500.015625,-187500.015625,-187500.015625,-26505.8164062,0.0
-187500.015625,-187500.015625,-187500.015625,-187500.015625,-187500.015625,-187500.015625,-187500.015625,-26381.9433594,0.0
-187500.015625,-187500.015625,-187500.015625,-187500.015625,-187500.015625,-187500.015625,-187500.015625,-26407.2675781,0.0
-187500.015625,-187500.015625,-187500.015625,-187500.015625,-187500.015625,-187500.015625,-187500.015625,-26535.8574219,0.0
-187500.015625,-187500.015625,-187500.015625,-187500.015625,-187500.015625,-187500.015625,-187500.015625,-26519.40625,0.0
-187500.015625,-187500.015625,-187500.015625,-187500.015625,-187500.015625,-187500.015625,-187500.015625,-26384.4453125,0.0
-187500.015625,-187500.015625,-187500.015625,-187500.015625,-187500.015625,-187500.015625,-187500.015625,-26377.8964844,0.0
-187500.015625,-187500.015625,-187500.015625,-187500.015625,-187500.015625,-187500.015625,-187500.015625,-26509.6386719,0.0
-187500.015625,-187500.015625,-187500.015625,-187500.015625,-187500.015625,-187500.015625,-187500.015625,-26530.515625,0.0
-187500.015625,-187500.015625,-187500.015625,-187500.015625,-187500.015625,-187500.015625,-187500.015625,-26406.484375,0.0
-187500.015625,-187500.015625,-187500.015625,-187500.015625,-187500.015625,-187500.015625,-187500.015625,-26369.8496094,0.0
-187500.015625,-187500.015625,-187500.015625,-187500.015625,-187500.015625,-187500.015625,-187500.015625,-26488.9628906,0.0
-187500.015625,-187500.015625,-187500.015625,-187500.015625,-187500.015625,-187500.015625,-187500.015625,-26551.2128906,0.0
-187500.015625,-187500.015625,-187500.015625,-187500.015625,-187500.015625,-187500.015625,-187500.015625,-26432.5917969,0.0
-187500.015625,-187500.015625,-187500.015625,-187500.015625,-187500.015625,-187500.015625,-187500.015625,-26364.8222656,0.0
-187500.015625,-187500.015625,-187500.015625,-187500.015625,-187500.015625,-187500.015625,-187500.015625,-26475.4394531,0.0
-187500.015625,-187500.015625,-187500.015625,-187500.015625,-187500.015625,-187500.015625,-187500.015625,-26557.0917969,0.0
-187500.015625,-187500.015625,-187500.015625,-187500.015625,-187500.015625,-187500.015625,-187500.015625,-26460.9335938,0.0
-187500.015625,-187500.015625,-187500.015625,-187500.015625,-187500.015625,-187500.015625,-187500.015625,-26367.7949219,0.0
-187500.015625,-187500.015625,-187500.015625,-187500.015625,-187500.015625,-187500.015625,-187500.015625,-26456.375,0.0
-187500.015625,-187500.015625,-187500.015625,-187500.015625,-187500.015625,-187500.015625,-187500.015625,-26565.8535156,0.0
-187500.015625,-187500.015625,-187500.015625,-187500.015625,-187500.015625,-187500.015625,-187500.015625,-26489.7011719,0.0
-187500.015625,-187500.015625,-187500.015625,-187500.015625,-187500.015625,-187500.015625,-187500.015625,-26374.3652344,0.0
-187500.015625,-187500.015625,-187500.015625,-187500.015625,-187500.015625,-187500.015625,-187500.015625,-26425.1269531,0.0
-187500.015625,-187500.015625,-187500.015625,-187500.015625,-187500.015625,-187500.015625,-187500.015625,-26547.4355469,0.0
-187500.015625,-187500.015625,-187500.015625,-187500.015625,-187500.015625,-187500.015625,-187500.015625,-26504.2285156,0.0
-187500.015625,-187500.015625,-187500.015625,-187500.015625,-187500.015625,-187500.015625,-187500.015625,-26380.8691406,0.0
-187500.015625,-187500.015625,-187500.015625,-187500.015625,-187500.015625,-187500.015625,-187500.015625,-26403.7578125,0.0
-187500.015625,-187500.015625,-187500.015625,-187500.015625,-187500.015625,-187500.015625,-187500.015625,-26532.0800781,0.0
-187500.015625,-187500.015625,-187500.015625,-187500.015625,-187500.015625,-187500.015625,-187500.015625,-26525.171875,0.0
-187500.015625,-187500.015625,-187500.015625,-187500.015625,-187500.015625,-187500.015625,-187500.015625,-26392.2910156,0.0
-187500.015625,-187500.015625,-187500.015625,-187500.015625,-187500.015625,-187500.015625,-187500.015625,-26377.7636719,0.0
-187500.015625,-187500.015625,-187500.015625,-187500.015625,-187500.015625,-187500.015625,-187500.015625,-26499.6015625,0.0
-187500.015625,-187500.015625,-187500.015625,-187500.015625,-187500.015625,-187500.015625,-187500.015625,-26527.2070312,0.0
-187500.015625,-187500.015625,-187500.015625,-187500.015625,-187500.015625,-187500.015625,-187500.015625,-26399.8242188,0.0
-187500.015625,-187500.015625,-187500.015625,-187500.015625,-187500.015625,-187500.015625,-187500.015625,-26353.0859375,0.0
-187500.015625,-187500.015625,-187500.015625,-187500.015625,-187500.015625,-187500.015625,-187500.015625,-26473.1152344,0.0
-187500.015625,-187500.015625,-187500.015625,-187500.015625,-187500.015625,-187500.015625,-187500.015625,-26536.1914062,0.0
-187500.015625,-187500.015625,-187500.015625,-187500.015625,-187500.015625,-187500.015625,-187500.015625,-26425.5742188,0.0
-187500.015625,-187500.015625,-187500.015625,-187500.015625,-187500.015625,-187500.015625,-187500.015625,-26345.8671875,0.0
-187500.015625,-187500.015625,-187500.015625,-187500.015625,-187500.015625,-187500.015625,-187500.015625,-26453.8925781,0.0
-187500.015625,-187500.015625,-187500.015625,-187500.015625,-187500.015625,-187500.015625,-187500.015625,-26543.4121094,0.0
-187500.015625,-187500.015625,-187500.015625,-187500.015625,-187500.015625,-187500.015625,-187500.015625,-26456.5527344,0.0
-187500.015625,-187500.015625,-187500.015625,-187500.015625,-187500.015625,-187500.015625,-187500.015625,-26361.6914062,0.0
-187500.015625,-187500.015625,-187500.015625,-187500.015625,-187500.015625,-187500.015625,-187500.015625,-26443.9238281,0.0
-187500.015625,-187500.015625,-187500.015625,-187500.015625,-187500.015625,-187500.015625,-187500.015625,-26550.3847656,0.0
-187500.015625,-187500.015625,-187500.015625,-187500.015625,-187500.015625,-187500.015625,-187500.015625,-26488.3378906,0.0
-187500.015625,-187500.015625,-187500.015625,-187500.015625,-187500.015625,-187500.015625,-187500.015625,-26368.8222656,0.0
-187500.015625,-187500.015625,-187500.015625,-187500.015625,-187500.015625,-187500.015625,-187500.015625,-26416.7226562,0.0
-187500.015625,-187500.015625,-187500.015625,-187500.015625,-187500.015625,-187500.015625,-187500.015625,-26543.703125,0.0
-187500.015625,-187500.015625,-187500.015625,-187500.015625,-187500.015625,-187500.015625,-187500.015625,-26510.9355469,0.0
-187500.015625,-187500.015625,-187500.015625,-187500.015625,-187500.015625,-187500.015625,-187500.015625,-26380.625,0.0
-187500.015625,-187500.015625,-187500.015625,-187500.015625,-187500.015625,-187500.015625,-187500.015625,-26399.2207031,0.0
-187500.015625,-187500.015625,-187500.015625,-187500.015625,-187500.015625,-187500.015625,-187500.015625,-26530.2460938,0.0
-187500.015625,-187500.015625,-187500.015625,-187500.015625,-187500.015625,-187500.015625,-187500.015625,-26532.6835938,0.0
-187500.015625,-187500.015625,-187500.015625,-187500.015625,-187500.015625,-187500.015625,-187500.015625,-26404.09375,0.0
-187500.015625,-187500.015625,-187500.015625,-187500.015625,-187500.015625,-187500.015625,-187500.015625,-26393.0078125,0.0
-187500.015625,-187500.015625,-187500.015625,-187500.015625,-187500.015625,-187500.015625,-187500.015625,-26516.34375,0.0
-187500.015625,-187500.015625,-187500.015625,-187500.015625,-187500.015625,-187500.015625,-187500.015625,-26547.3242188,0.0
-187500.015625,-187500.015625,-187500.015625,-187500.015625,-187500.015625,-187500.015625,-187500.015625,-26423.9863281,0.0
-187500.015625,-187500.015625,-187500.015625,-187500.015625,-187500.015625,-187500.015625,-187500.015625,-26375.1035156,0.0
-187500.015625,-187500.015625,-187500.015625,-187500.015625,-187500.015625,-187500.015625,-187500.015625,-26489.4550781,0.0
-187500.015625,-187500.015625,-187500.015625,-187500.015625,-187500.015625,-187500.015625,-187500.015625,-26545.8027344,0.0
-187500.015625,-187500.015625,-187500.015625,-187500.015625,-187500.015625,-187500.015625,-187500.015625,-26436.2792969,0.0
-187500.015625,-187500.015625,-187500.015625,-187500.015625,-187500.015625,-187500.015625,-187500.015625,-26351.4765625,0.0
-187500.015625,-187500.015625,-187500.015625,-187500.015625,-187500.015625,-187500.015625,-187500.015625,-26450.5175781,0.0
-187500.015625,-187500.015625,-187500.015625,-187500.015625,-187500.015625,-187500.015625,-187500.015625,-26542.8300781,0.0
-187500.015625,-187500.015625,-187500.015625,-187500.015625,-187500.015625,-187500.015625,-187500.015625,-26458.6992188,0.0
-187500.015625,-187500.015625,-187500.015625,-187500.015625,-187500.015625,-187500.015625,-187500.015625,-26353.4003906,0.0
-187500.015625,-187500.015625,-187500.015625,-187500.015625,-187500.015625,-187500.015625,-187500.015625,-26424.6113281,0.0
-187500.015625,-187500.015625,-187500.015625,-187500.015625,-187500.015625,-187500.015625,-187500.015625,-26542.6738281,0.0
-187500.015625,-187500.015625,-187500.015625,-187500.015625,-187500.015625,-187500.015625,-187500.015625,-26488.4941406,0.0
-187500.015625,-187500.015625,-187500.015625,-187500.015625,-187500.015625,-187500.015625,-187500.015625,-26368.3085938,0.0
-187500.015625,-187500.015625,-187500.015625,-187500.015625,-187500.015625,-187500.015625,-187500.015625,-26414.5546875,0.0
-187500.015625,-187500.015625,-187500.015625,-187500.015625,-187500.015625,-187500.015625,-187500.015625,-26540.484375,0.0
-187500.015625,-187500.015625,-187500.015625,-187500.015625,-187500.015625,-187500.015625,-187500.015625,-26508.0957031,0.0
-187500.015625,-187500.015625,-187500.015625,-187500.015625,-187500.015625,-187500.015625,-187500.015625,-26381.7871094,0.0
-187500.015625,-187500.015625,-187500.015625,-187500.015625,-187500.015625,-187500.015625,-187500.015625,-26390.4589844,0.0
-187500.015625,-187500.015625,-187500.015625,-187500.015625,-187500.015625,-187500.015625,-187500.015625,-26517.0371094,0.0
-187500.015625,-187500.015625,-187500.015625,-187500.015625,-187500.015625,-187500.015625,-187500.015625,-26520.6347656,0.0
-187500.015625,-187500.015625,-187500.015625,-187500.015625,-187500.015625,-187500.015625,-187500.015625,-26397.8125,0.0
-187500.015625,-187500.015625,-187500.015625,-187500.015625,-187500.015625,-187500.015625,-187500.015625,-26378.6132812,0.0
-187500.015625,-187500.015625,-187500.015625,-187500.015625,-187500.015625,-187500.015625,-187500.015625,-26505.2792969,0.0
-187500.015625,-187500.015625,-187500.015625,-187500.015625,-187500.015625,-187500.015625,-187500.015625,-26541.4453125,0.0
-187500.015625,-187500.015625,-187500.015625,-187500.015625,-187500.015625,-187500.015625,-187500.015625,-26414.1972656,0.0
-187500.015625,-187500.015625,-187500.015625,-187500.015625,-187500.015625,-187500.015625,-187500.015625,-26373.7167969,0.0
-187500.015625,-187500.015625,-187500.015625,-187500.015625,-187500.015625,-187500.015625,-187500.015625,-26480.8945312,0.0
-187500.015625,-187500.015625,-187500.015625,-187500.015625,-187500.015625,-187500.015625,-187500.015625,-26548.3300781,0.0
-187500.015625,-187500.015625,-187500.015625,-187500.015625,-187500.015625,-187500.015625,-187500.015625,-26444.9082031,0.0
-187500.015625,-187500.015625,-187500.015625,-187500.015625,-187500.015625,-187500.015625,-187500.015625,-26356.9980469,0.0
-187500.015625,-187500.015625,-187500.015625,-187500.015625,-187500.015625,-187500.015625,-187500.015625,-26449.1777344,0.0
-187500.015625,-187500.015625,-187500.015625,-187500.015625,-187500.015625,-187500.015625,-187500.015625,-26547.546875,0.0
-187500.015625,-187500.015625,-187500.015625,-187500.015625,-187500.015625,-187500.015625,-187500.015625,-26470.5234375,0.0
-187500.015625,-187500.015625,-187500.015625,-187500.015625,-187500.015625,-187500.015625,-187500.015625,-26360.5527344,0.0
-187500.015625,-187500.015625,-187500.015625,-187500.015625,-187500.015625,-187500.015625,-187500.015625,-26432.8144531,0.0
-187500.015625,-187500.015625,-187500.015625,-187500.015625,-187500.015625,-187500.015625,-187500.015625,-26539.9472656,0.0
-187500.015625,-187500.015625,-187500.015625,-187500.015625,-187500.015625,-187500.015625,-187500.015625,-26479.1953125,0.0
-187500.015625,-187500.015625,-187500.015625,-187500.015625,-187500.015625,-187500.015625,-187500.015625,-26364.8222656,0.0
-187500.015625,-187500.015625,-187500.015625,-187500.015625,-187500.015625,-187500.015625,-187500.015625,-26398.6171875,0.0
-187500.015625,-187500.015625,-187500.015625,-187500.015625,-187500.015625,-187500.015625,-187500.015625,-26524.9492188,0.0
-187500.015625,-187500.015625,-187500.015625,-187500.015625,-187500.015625,-187500.015625,-187500.015625,-26503.4023438,0.0
-187500.015625,-187500.015625,-187500.015625,-187500.015625,-187500.015625,-187500.015625,-187500.015625,-26374.8125,0.0
-187500.015625,-187500.015625,-187500.015625,-187500.015625,-187500.015625,-187500.015625,-187500.015625,-26382.7480469,0.0
-187500.015625,-187500.015625,-187500.015625,-187500.015625,-187500.015625,-187500.015625,-187500.015625,-26515.6738281,0.0
-187500.015625,-187500.015625,-187500.015625,-187500.015625,-187500.015625,-187500.015625,-187500.015625,-26529.2636719,0.0
-187500.015625,-187500.015625,-187500.015625,-187500.015625,-187500.015625,-187500.015625,-187500.015625,-26408.0488281,0.0
-187500.015625,-187500.015625,-187500.015625,-187500.015625,-187500.015625,-187500.015625,-187500.015625,-26379.0820312,0.0
-187500.015625,-187500.015625,-187500.015625,-187500.015625,-187500.015625,-187500.015625,-187500.015625,-26504.1171875,0.0
-187500.015625,-187500.015625,-187500.015625,-187500.015625,-187500.015625,-187500.015625,-187500.015625,-26549.8710938,0.0
-187500.015625,-187500.015625,-187500.015625,-187500.015625,-187500.015625,-187500.015625,-187500.015625,-26429.7988281,0.0
-187500.015625,-187500.015625,-187500.015625,-187500.015625,-187500.015625,-187500.015625,-187500.015625,-26364.6875,0.0
-187500.015625,-187500.015625,-187500.015625,-187500.015625,-187500.015625,-187500.015625,-187500.015625,-26474.6796875,0.0
-187500.015625,-187500.015625,-187500.015625,-187500.015625,-187500.015625,-187500.015625,-187500.015625,-26545.4003906,0.0
-187500.015625,-187500.015625,-187500.015625,-187500.015625,-187500.015625,-187500.015625,-187500.015625,-26446.3378906,0.0
-187500.015625,-187500.015625,-187500.015625,-187500.015625,-187500.015625,-187500.015625,-187500.015625,-26361.2890625,0.0
-187500.015625,-187500.015625,-187500.015625,-187500.015625,-187500.015625,-187500.015625,-187500.015625,-26443.9472656,0.0
-187500.015625,-187500.015625,-187500.015625,-187500.015625,-187500.015625,-187500.015625,-187500.015625,-26542.71875,0.0
-187500.015625,-187500.015625,-187500.015625,-187500.015625,-187500.015625,-187500.015625,-187500.015625,-26464.8007812,0.0
-187500.015625,-187500.015625,-187500.015625,-187500.015625,-187500.015625,-187500.015625,-187500.015625,-26354.9863281,0.0
-187500.015625,-187500.015625,-187500.015625,-187500.015625,-187500.015625,-187500.015625,-187500.015625,-26412.5195312,0.0
-187500.015625,-187500.015625,-187500.015625,-187500.015625,-187500.015625,-187500.015625,-187500.015625,-26537.6679688,0.0
-187500.015625,-187500.015625,-187500.015625,-187500.015625,-187500.015625,-187500.015625,-187500.015625,-26492.5839844,0.0
-187500.015625,-187500.015625,-187500.015625,-187500.015625,-187500.015625,-187500.015625,-187500.015625,-26370.5214844,0.0
-187500.015625,-187500.015625,-187500.015625,-187500.015625,-187500.015625,-187500.015625,-187500.015625,-26400.40625,0.0
-187500.015625,-187500.015625,-187500.015625,-187500.015625,-187500.015625,-187500.015625,-187500.015625,-26522.6699219,0.0
-187500.015625,-187500.015625,-187500.015625,-187500.015625,-187500.015625,-187500.015625,-187500.015625,-26511.8066406,0.0
-187500.015625,-187500.015625,-187500.015625,-187500.015625,-187500.015625,-187500.015625,-187500.015625,-26384.3339844,0.0
-187500.015625,-187500.015625,-187500.015625,-187500.015625,-187500.015625,-187500.015625,-187500.015625,-26380.4238281,0.0
-187500.015625,-187500.015625,-187500.015625,-187500.015625,-187500.015625,-187500.015625,-187500.015625,-26512.8339844,0.0
-187500.015625,-187500.015625,-187500.015625,-187500.015625,-187500.015625,-187500.015625,-187500.015625,-26532.125,0.0
-187500.015625,-187500.015625,-187500.015625,-187500.015625,-187500.015625,-187500.015625,-187500.015625,-26410.7324219,0.0
-187500.015625,-187500.015625,-187500.015625,-187500.015625,-187500.015625,-187500.015625,-187500.015625,-26373.4042969,0.0
-187500.015625,-187500.015625,-187500.015625,-187500.015625,-187500.015625,-187500.015625,-187500.015625,-26500.2050781,0.0
-187500.015625,-187500.015625,-187500.015625,-187500.015625,-187500.015625,-187500.015625,-187500.015625,-26550.2070312,0.0
-187500.015625,-187500.015625,-187500.015625,-187500.015625,-187500.015625,-187500.015625,-187500.015625,-26438.8046875,0.0
-187500.015625,-187500.015625,-187500.015625,-187500.015625,-187500.015625,-187500.015625,-187500.015625,-26373.5390625,0.0
-187500.015625,-187500.015625,-187500.015625,-187500.015625,-187500.015625,-187500.015625,-187500.015625,-26480.0664062,0.0
-187500.015625,-187500.015625,-187500.015625,-187500.015625,-187500.015625,-187500.015625,-187500.015625,-26554.0058594,0.0
-187500.015625,-187500.015625,-187500.015625,-187500.015625,-187500.015625,-187500.015625,-187500.015625,-26450.8535156,0.0
-187500.015625,-187500.015625,-187500.015625,-187500.015625,-187500.015625,-187500.015625,-187500.015625,-26356.5292969,0.0
-187500.015625,-187500.015625,-187500.015625,-187500.015625,-187500.015625,-187500.015625,-187500.015625,-26439.453125,0.0
-187500.015625,-187500.015625,-187500.015625,-187500.015625,-187500.015625,-187500.015625,-187500.015625,-26537.3984375,0.0
-187500.015625,-187500.015625,-187500.015625,-187500.015625,-187500.015625,-187500.015625,-187500.015625,-26458.4082031,0.0
-187500.015625,-187500.015625,-187500.015625,-187500.015625,-187500.015625,-187500.015625,-187500.015625,-26345.8671875,0.0
-187500.015625,-187500.015625,-187500.015625,-187500.015625,-187500.015625,-187500.015625,-187500.015625,-26405.4785156,0.0
-187500.015625,-187500.015625,-187500.015625,-187500.015625,-187500.015625,-187500.015625,-187500.015625,-26520.5019531,0.0
-187500.015625,-187500.015625,-187500.015625,-187500.015625,-187500.015625,-187500.015625,-187500.015625,-26479.1289062,0.0
-187500.015625,-187500.015625,-187500.015625,-187500.015625,-187500.015625,-187500.015625,-187500.015625,-26353.8242188,0.0
-187500.015625,-187500.015625,-187500.015625,-187500.015625,-187500.015625,-187500.015625,-187500.015625,-26378.1660156,0.0
-187500.015625,-187500.015625,-187500.015625,-187500.015625,-187500.015625,-187500.015625,-187500.015625,-26509.4824219,0.0
-187500.015625,-187500.015625,-187500.015625,-187500.015625,-187500.015625,-187500.015625,-187500.015625,-26504.2285156,0.0
-187500.015625,-187500.015625,-187500.015625,-187500.015625,-187500.015625,-187500.015625,-187500.015625,-26378.7460938,0.0
-187500.015625,-187500.015625,-187500.015625,-187500.015625,-187500.015625,-187500.015625,-187500.015625,-26369.8496094,0.0
-187500.015625,-187500.015625,-187500.015625,-187500.015625,-187500.015625,-187500.015625,-187500.015625,-26502.5527344,0.0
-187500.015625,-187500.015625,-187500.015625,-187500.015625,-187500.015625,-187500.015625,-187500.015625,-26530.828125,0.0
-187500.015625,-187500.015625,-187500.015625,-187500.015625,-187500.015625,-187500.015625,-187500.015625,-26397.34375,0.0
-187500.015625,-187500.015625,-187500.015625,-187500.015625,-187500.015625,-187500.015625,-187500.015625,-26356.9765625,0.0
-187500.015625,-187500.015625,-187500.015625,-187500.015625,-187500.015625,-187500.015625,-187500.015625,-26479.8652344,0.0
-187500.015625,-187500.015625,-187500.015625,-187500.015625,-187500.015625,-187500.015625,-187500.015625,-26537.0195312,0.0
-187500.015625,-187500.015625,-187500.015625,-187500.015625,-187500.015625,-187500.015625,-187500.015625,-26425.640625,0.0
-187500.015625,-187500.015625,-187500.015625,-187500.015625,-187500.015625,-187500.015625,-187500.015625,-26356.640625,0.0
-187500.015625,-187500.015625,-187500.015625,-187500.015625,-187500.015625,-187500.015625,-187500.015625,-26465.1132812,0.0
-187500.015625,-187500.015625,-187500.015625,-187500.015625,-187500.015625,-187500.015625,-187500.015625,-26553.2246094,0.0
-187500.015625,-187500.015625,-187500.015625,-187500.015625,-187500.015625,-187500.015625,-187500.015625,-26455.2792969,0.0
-187500.015625,-187500.015625,-187500.015625,-187500.015625,-187500.015625,-187500.015625,-187500.015625,-26355.4785156,0.0
-187500.015625,-187500.015625,-187500.015625,-187500.015625,-187500.015625,-187500.015625,-187500.015625,-26441.0410156,0.0
-187500.015625,-187500.015625,-187500.015625,-187500.015625,-187500.015625,-187500.015625,-187500.015625,-26543.703125,0.0
-187500.015625,-187500.015625,-187500.015625,-187500.015625,-187500.015625,-187500.015625,-187500.015625,-26474.7246094,0.0
-187500.015625,-187500.015625,-187500.015625,-187500.015625,-187500.015625,-187500.015625,-187500.015625,-26359.7695312,0.0
-187500.015625,-187500.015625,-187500.015625,-187500.015625,-187500.015625,-187500.015625,-187500.015625,-26407.5136719,0.0
-187500.015625,-187500.015625,-187500.015625,-187500.015625,-187500.015625,-187500.015625,-187500.015625,-26528.1015625,0.0
-187500.015625,-187500.015625,-187500.015625,-187500.015625,-187500.015625,-187500.015625,-187500.015625,-26497.5234375,0.0
-187500.015625,-187500.015625,-187500.015625,-187500.015625,-187500.015625,-187500.015625,-187500.015625,-26372.5332031,0.0
-187500.015625,-187500.015625,-187500.015625,-187500.015625,-187500.015625,-187500.015625,-187500.015625,-26393.9902344,0.0
-187500.015625,-187500.015625,-187500.015625,-187500.015625,-187500.015625,-187500.015625,-187500.015625,-26524.6816406,0.0
-187500.015625,-187500.015625,-187500.015625,-187500.015625,-187500.015625,-187500.015625,-187500.015625,-26523.2734375,0.0
-187500.015625,-187500.015625,-187500.015625,-187500.015625,-187500.015625,-187500.015625,-187500.015625,-26394.125,0.0
-187500.015625,-187500.015625,-187500.015625,-187500.015625,-187500.015625,-187500.015625,-187500.015625,-26384.7597656,0.0
-187500.015625,-187500.015625,-187500.015625,-187500.015625,-187500.015625,-187500.015625,-187500.015625,-26512.2988281,0.0
-187500.015625,-187500.015625,-187500.015625,-187500.015625,-187500.015625,-187500.015625,-187500.015625,-26534.515625,0.0
-187500.015625,-187500.015625,-187500.015625,-187500.015625,-187500.015625,-187500.015625,-187500.015625,-26402.796875,0.0
-187500.015625,-187500.015625,-187500.015625,-187500.015625,-187500.015625,-187500.015625,-187500.015625,-26358.8984375,0.0
-187500.015625,-187500.015625,-187500.015625,-187500.015625,-187500.015625,-187500.015625,-187500.015625,-26483.5097656,0.0
-187500.015625,-187500.015625,-187500.015625,-187500.015625,-187500.015625,-187500.015625,-187500.015625,-26542.5175781,0.0
-187500.015625,-187500.015625,-187500.015625,-187500.015625,-187500.015625,-187500.015625,-187500.015625,-26434.3125,0.0
-187500.015625,-187500.015625,-187500.015625,-187500.015625,-187500.015625,-187500.015625,-187500.015625,-26363.703125,0.0
-187500.015625,-187500.015625,-187500.015625,-187500.015625,-187500.015625,-187500.015625,-187500.015625,-26466.2304688,0.0
-187500.015625,-187500.015625,-187500.015625,-187500.015625,-187500.015625,-187500.015625,-187500.015625,-26555.28125,0.0
-187500.015625,-187500.015625,-187500.015625,-187500.015625,-187500.015625,-187500.015625,-187500.015625,-26466.9472656,0.0
-187500.015625,-187500.015625,-187500.015625,-187500.015625,-187500.015625,-187500.015625,-187500.015625,-26363.3007812,0.0
-187500.015625,-187500.015625,-187500.015625,-187500.015625,-187500.015625,-187500.015625,-187500.015625,-26437.7773438,0.0
-187500.015625,-187500.015625,-187500.015625,-187500.015625,-187500.015625,-187500.015625,-187500.015625,-26551.1230469,0.0
-187500.015625,-187500.015625,-187500.015625,-187500.015625,-187500.015625,-187500.015625,-187500.015625,-26484.3359375,0.0
-187500.015625,-187500.015625,-187500.015625,-187500.015625,-187500.015625,-187500.015625,-187500.015625,-26366.6542969,0.0
-187500.015625,-187500.015625,-187500.015625,-187500.015625,-187500.015625,-187500.015625,-187500.015625,-26417.0117188,0.0
-187500.015625,-187500.015625,-187500.015625,-187500.015625,-187500.015625,-187500.015625,-187500.015625,-26534.9628906,0.0
-187500.015625,-187500.015625,-187500.015625,-187500.015625,-187500.015625,-187500.015625,-187500.015625,-26504.2734375,0.0
-187500.015625,-187500.015625,-187500.015625,-187500.015625,-187500.015625,-187500.015625,-187500.015625,-26376.3769531,0.0
-187500.015625,-187500.015625,-187500.015625,-187500.015625,-187500.015625,-187500.015625,-187500.015625,-26400.1367188,0.0
-187500.015625,-187500.015625,-187500.015625,-187500.015625,-187500.015625,-187500.015625,-187500.015625,-26522.1113281,0.0
-187500.015625,-187500.015625,-187500.015625,-187500.015625,-187500.015625,-187500.015625,-187500.015625,-26520.7246094,0.0
-187500.015625,-187500.015625,-187500.015625,-187500.015625,-187500.015625,-187500.015625,-187500.015625,-26392.3144531,0.0
-187500.015625,-187500.015625,-187500.015625,-187500.015625,-187500.015625,-187500.015625,-187500.015625,-26377.9199219,0.0
-187500.015625,-187500.015625,-187500.015625,-187500.015625,-187500.015625,-187500.015625,-187500.015625,-26506.5976562,0.0
-187500.015625,-187500.015625,-187500.015625,-187500.015625,-187500.015625,-187500.015625,-187500.015625,-26537.6445312,0.0
-187500.015625,-187500.015625,-187500.015625,-187500.015625,-187500.015625,-187500.015625,-187500.015625,-26416.2753906,0.0
-187500.015625,-187500.015625,-187500.015625,-187500.015625,-187500.015625,-187500.015625,-187500.015625,-26375.0585938,0.0
-187500.015625,-187500.015625,-187500.015625,-187500.015625,-187500.015625,-187500.015625,-187500.015625,-26490.8847656,0.0
-187500.015625,-187500.015625,-187500.015625,-187500.015625,-187500.015625,-187500.015625,-187500.015625,-26556.3320312,0.0
-187500.015625,-187500.015625,-187500.015625,-187500.015625,-187500.015625,-187500.015625,-187500.015625,-26452.7089844,0.0
-187500.015625,-187500.015625,-187500.015625,-187500.015625,-187500.015625,-187500.015625,-187500.015625,-26379.6855469,0.0
-187500.015625,-187500.015625,-187500.015625,-187500.015625,-187500.015625,-187500.015625,-187500.015625,-26472.8691406,0.0
-187500.015625,-187500.015625,-187500.015625,-187500.015625,-187500.015625,-187500.015625,-187500.015625,-26557.5820312,0.0
-187500.015625,-187500.015625,-187500.015625,-187500.015625,-187500.015625,-187500.015625,-187500.015625,-26472.8925781,0.0
-187500.015625,-187500.015625,-187500.015625,-187500.015625,-187500.015625,-187500.015625,-187500.015625,-26374.7675781,0.0
-187500.015625,-187500.015625,-187500.015625,-187500.015625,-187500.015625,-187500.015625,-187500.015625,-26442.9628906,0.0
-187500.015625,-187500.015625,-187500.015625,-187500.015625,-187500.015625,-187500.015625,-187500.015625,-26551.234375,0.0
-187500.015625,-187500.015625,-187500.015625,-187500.015625,-187500.015625,-187500.015625,-187500.015625,-26492.9648438,0.0
-187500.015625,-187500.015625,-187500.015625,-187500.015625,-187500.015625,-187500.015625,-187500.015625,-26374.5214844,0.0
-187500.015625,-187500.015625,-187500.015625,-187500.015625,-187500.015625,-187500.015625,-187500.015625,-26417.3476562,0.0
-187500.015625,-187500.015625,-187500.015625,-187500.015625,-187500.015625,-187500.015625,-187500.015625,-26538.9199219,0.0
-187500.015625,-187500.015625,-187500.015625,-187500.015625,-187500.015625,-187500.015625,-187500.015625,-26509.7714844,0.0
-187500.015625,-187500.015625,-187500.015625,-187500.015625,-187500.015625,-187500.015625,-187500.015625,-26379.5058594,0.0
-187500.015625,-187500.015625,-187500.015625,-187500.015625,-187500.015625,-187500.015625,-187500.015625,-26386.0546875,0.0
-187500.015625,-187500.015625,-187500.015625,-187500.015625,-187500.015625,-187500.015625,-187500.015625,-26516.6796875,0.0
-187500.015625,-187500.015625,-187500.015625,-187500.015625,-187500.015625,-187500.015625,-187500.015625,-26524.4121094,0.0
-187500.015625,-187500.015625,-187500.015625,-187500.015625,-187500.015625,-187500.015625,-187500.015625,-26395.2636719,0.0
-187500.015625,-187500.015625,-187500.015625,-187500.015625,-187500.015625,-187500.015625,-187500.015625,-26368.0390625,0.0
-187500.015625,-187500.015625,-187500.015625,-187500.015625,-187500.015625,-187500.015625,-187500.015625,-26499.3789062,0.0
-187500.015625,-187500.015625,-187500.015625,-187500.015625,-187500.015625,-187500.015625,-187500.015625,-26540.7070312,0.0
-187500.015625,-187500.015625,-187500.015625,-187500.015625,-187500.015625,-187500.015625,-187500.015625,-26419.2929688,0.0
-187500.015625,-187500.015625,-187500.015625,-187500.015625,-187500.015625,-187500.015625,-187500.015625,-26367.9511719,0.0
-187500.015625,-187500.015625,-187500.015625,-187500.015625,-187500.015625,-187500.015625,-187500.015625,-26484.8046875,0.0
-187500.015625,-187500.015625,-187500.015625,-187500.015625,-187500.015625,-187500.015625,-187500.015625,-26554.9003906,0.0
-187500.015625,-187500.015625,-187500.015625,-187500.015625,-187500.015625,-187500.015625,-187500.015625,-26449.3554688,0.0
-187500.015625,-187500.015625,-187500.015625,-187500.015625,-187500.015625,-187500.015625,-187500.015625,-26368.8222656,0.0
-187500.015625,-187500.015625,-187500.015625,-187500.015625,-187500.015625,-187500.015625,-187500.015625,-26462.1191406,0.0
-187500.015625,-187500.015625,-187500.015625,-187500.015625,-187500.015625,-187500.015625,-187500.015625,-26555.3925781,0.0
-187500.015625,-187500.015625,-187500.015625,-187500.015625,-187500.015625,-187500.015625,-187500.015625,-26473.71875,0.0
-187500.015625,-187500.015625,-187500.015625,-187500.015625,-187500.015625,-187500.015625,-187500.015625,-26367.3925781,0.0
-187500.015625,-187500.015625,-187500.015625,-187500.015625,-187500.015625,-187500.015625,-187500.015625,-26435.4746094,0.0
-187500.015625,-187500.015625,-187500.015625,-187500.015625,-187500.015625,-187500.015625,-187500.015625,-26550.3183594,0.0
-187500.015625,-187500.015625,-187500.015625,-187500.015625,-187500.015625,-187500.015625,-187500.015625,-26493.9023438,0.0
-187500.015625,-187500.015625,-187500.015625,-187500.015625,-187500.015625,-187500.015625,-187500.015625,-26374.5898438,0.0
-187500.015625,-187500.015625,-187500.015625,-187500.015625,-187500.015625,-187500.015625,-187500.015625,-26414.4414062,0.0
-187500.015625,-187500.015625,-187500.015625,-187500.015625,-187500.015625,-187500.015625,-187500.015625,-26539.5449219,0.0
-187500.015625,-187500.015625,-187500.015625,-187500.015625,-187500.015625,-187500.015625,-187500.015625,-26516.96875,0.0
-187500.015625,-187500.015625,-187500.015625,-187500.015625,-187500.015625,-187500.015625,-187500.015625,-26391.0839844,0.0
-187500.015625,-187500.015625,-187500.015625,-187500.015625,-187500.015625,-187500.015625,-187500.015625,-26397.1191406,0.0
-187500.015625,-187500.015625,-187500.015625,-187500.015625,-187500.015625,-187500.015625,-187500.015625,-26521.5078125,0.0
-187500.015625,-187500.015625,-187500.015625,-187500.015625,-187500.015625,-187500.015625,-187500.015625,-26528.0566406,0.0
-187500.015625,-187500.015625,-187500.015625,-187500.015625,-187500.015625,-187500.015625,-187500.015625,-26405.2109375,0.0
-187500.015625,-187500.015625,-187500.015625,-187500.015625,-187500.015625,-187500.015625,-187500.015625,-26377.6503906,0.0
-187500.015625,-187500.015625,-187500.015625,-187500.015625,-187500.015625,-187500.015625,-187500.015625,-26495.1328125,0.0
-187500.015625,-187500.015625,-187500.015625,-187500.015625,-187500.015625,-187500.015625,-187500.015625,-26539.03125,0.0
-187500.015625,-187500.015625,-187500.015625,-187500.015625,-187500.015625,-187500.015625,-187500.015625,-26421.2363281,0.0
-187500.015625,-187500.015625,-187500.015625,-187500.015625,-187500.015625,-187500.015625,-187500.015625,-26354.5175781,0.0
-187500.015625,-187500.015625,-187500.015625,-187500.015625,-187500.015625,-187500.015625,-187500.015625,-26465.359375,0.0
-187500.015625,-187500.015625,-187500.015625,-187500.015625,-187500.015625,-187500.015625,-187500.015625,-26542.7421875,0.0
-187500.015625,-187500.015625,-187500.015625,-187500.015625,-187500.015625,-187500.015625,-187500.015625,-26436.7265625,0.0
-187500.015625,-187500.015625,-187500.015625,-187500.015625,-187500.015625,-187500.015625,-187500.015625,-26340.8378906,0.0
-187500.015625,-187500.015625,-187500.015625,-187500.015625,-187500.015625,-187500.015625,-187500.015625,-26441.1972656,0.0
-187500.015625,-187500.015625,-187500.015625,-187500.015625,-187500.015625,-187500.015625,-187500.015625,-26546.9433594,0.0
-187500.015625,-187500.015625,-187500.015625,-187500.015625,-187500.015625,-187500.015625,-187500.015625,-26465.4042969,0.0
-187500.015625,-187500.015625,-187500.015625,-187500.015625,-187500.015625,-187500.015625,-187500.015625,-26353.7128906,0.0
-187500.015625,-187500.015625,-187500.015625,-187500.015625,-187500.015625,-187500.015625,-187500.015625,-26418.578125,0.0
-187500.015625,-187500.015625,-187500.015625,-187500.015625,-187500.015625,-187500.015625,-187500.015625,-26542.0703125,0.0
-187500.015625,-187500.015625,-187500.015625,-187500.015625,-187500.015625,-187500.015625,-187500.015625,-26495.0878906,0.0
-187500.015625,-187500.015625,-187500.015625,-187500.015625,-187500.015625,-187500.015625,-187500.015625,-26368.8222656,0.0
-187500.015625,-187500.015625,-187500.015625,-187500.015625,-187500.015625,-187500.015625,-187500.015625,-26403.3789062,0.0
-187500.015625,-187500.015625,-187500.015625,-187500.015625,-187500.015625,-187500.015625,-187500.015625,-26533.890625,0.0
-187500.015625,-187500.015625,-187500.015625,-187500.015625,-187500.015625,-187500.015625,-187500.015625,-26517.4160156,0.0
-187500.015625,-187500.015625,-187500.015625,-187500.015625,-187500.015625,-187500.015625,-187500.015625,-26387.375,0.0
-187500.015625,-187500.015625,-187500.015625,-187500.015625,-187500.015625,-187500.015625,-187500.015625,-26386.5019531,0.0
-187500.015625,-187500.015625,-187500.015625,-187500.015625,-187500.015625,-187500.015625,-187500.015625,-26515.1152344,0.0
-187500.015625,-187500.015625,-187500.015625,-187500.015625,-187500.015625,-187500.015625,-187500.015625,-26529.6210938,0.0
-187500.015625,-187500.015625,-187500.015625,-187500.015625,-187500.015625,-187500.015625,-187500.015625,-26399.9589844,0.0
-187500.015625,-187500.015625,-187500.015625,-187500.015625,-187500.015625,-187500.015625,-187500.015625,-26368.1289062,0.0
-187500.015625,-187500.015625,-187500.015625,-187500.015625,-187500.015625,-187500.015625,-187500.015625,-26491.7128906,0.0
-187500.015625,-187500.015625,-187500.015625,-187500.015625,-187500.015625,-187500.015625,-187500.015625,-26543.3671875,0.0
-187500.015625,-187500.015625,-187500.015625,-187500.015625,-187500.015625,-187500.015625,-187500.015625,-26429.7988281,0.0
-187500.015625,-187500.015625,-187500.015625,-187500.015625,-187500.015625,-187500.015625,-187500.015625,-26366.3417969,0.0
-187500.015625,-187500.015625,-187500.015625,-187500.015625,-187500.015625,-187500.015625,-187500.015625,-26477.4960938,0.0
-187500.015625,-187500.015625,-187500.015625,-187500.015625,-187500.015625,-187500.015625,-187500.015625,-26555.1464844,0.0
-187500.015625,-187500.015625,-187500.015625,-187500.015625,-187500.015625,-187500.015625,-187500.015625,-26453.7148438,0.0
-187500.015625,-187500.015625,-187500.015625,-187500.015625,-187500.015625,-187500.015625,-187500.015625,-26361.5136719,0.0
-187500.015625,-187500.015625,-187500.015625,-187500.015625,-187500.015625,-187500.015625,-187500.015625,-26448.2597656,0.0
-187500.015625,-187500.015625,-187500.015625,-187500.015625,-187500.015625,-187500.015625,-187500.015625,-26549.9824219,0.0
-187500.015625,-187500.015625,-187500.015625,-187500.015625,-187500.015625,-187500.015625,-187500.015625,-26474.7910156,0.0
-187500.015625,-187500.015625,-187500.015625,-187500.015625,-187500.015625,-187500.015625,-187500.015625,-26362.6308594,0.0
-187500.015625,-187500.015625,-187500.015625,-187500.015625,-187500.015625,-187500.015625,-187500.015625,-26427.40625,0.0
-187500.015625,-187500.015625,-187500.015625,-187500.015625,-187500.015625,-187500.015625,-187500.015625,-26543.8144531,0.0
-187500.015625,-187500.015625,-187500.015625,-187500.015625,-187500.015625,-187500.015625,-187500.015625,-26497.4121094,0.0
-187500.015625,-187500.015625,-187500.015625,-187500.015625,-187500.015625,-187500.015625,-187500.015625,-26370.5214844,0.0
-187500.015625,-187500.015625,-187500.015625,-187500.015625,-187500.015625,-187500.015625,-187500.015625,-26401.6347656,0.0
-187500.015625,-187500.015625,-187500.015625,-187500.015625,-187500.015625,-187500.015625,-187500.015625,-26528.9277344,0.0
-187500.015625,-187500.015625,-187500.015625,-187500.015625,-187500.015625,-187500.015625,-187500.015625,-26523.3183594,0.0
-187500.015625,-187500.015625,-187500.015625,-187500.015625,-187500.015625,-187500.015625,-187500.015625,-26392.0683594,0.0
-187500.015625,-187500.015625,-187500.015625,-187500.015625,-187500.015625,-187500.015625,-187500.015625,-26390.2792969,0.0
-187500.015625,-187500.015625,-187500.015625,-187500.015625,-187500.015625,-187500.015625,-187500.015625,-26518.0878906,0.0
-187500.015625,-187500.015625,-187500.015625,-187500.015625,-187500.015625,-187500.015625,-187500.015625,-26537.6894531,0.0
-187500.015625,-187500.015625,-187500.015625,-187500.015625,-187500.015625,-187500.015625,-187500.015625,-26404.40625,0.0
-187500.015625,-187500.015625,-187500.015625,-187500.015625,-187500.015625,-187500.015625,-187500.015625,-26365.8945312,0.0
-187500.015625,-187500.015625,-187500.015625,-187500.015625,-187500.015625,-187500.015625,-187500.015625,-26489.9902344,0.0
-187500.015625,-187500.015625,-187500.015625,-187500.015625,-187500.015625,-187500.015625,-187500.015625,-26541.5117188,0.0
-187500.015625,-187500.015625,-187500.015625,-187500.015625,-187500.015625,-187500.015625,-187500.015625,-26425.2832031,0.0
-187500.015625,-187500.015625,-187500.015625,-187500.015625,-187500.015625,-187500.015625,-187500.015625,-26356.6621094,0.0
-187500.015625,-187500.015625,-187500.015625,-187500.015625,-187500.015625,-187500.015625,-187500.015625,-26460.7109375,0.0
-187500.015625,-187500.015625,-187500.015625,-187500.015625,-187500.015625,-187500.015625,-187500.015625,-26539.6347656,0.0
-187500.015625,-187500.015625,-187500.015625,-187500.015625,-187500.015625,-187500.015625,-187500.015625,-26444.7285156,0.0
-187500.015625,-187500.015625,-187500.015625,-187500.015625,-187500.015625,-187500.015625,-187500.015625,-26346.515625,0.0
-187500.015625,-187500.015625,-187500.015625,-187500.015625,-187500.015625,-187500.015625,-187500.015625,-26431.25,0.0
-187500.015625,-187500.015625,-187500.015625,-187500.015625,-187500.015625,-187500.015625,-187500.015625,-26535.6777344,0.0
-187500.015625,-187500.015625,-187500.015625,-187500.015625,-187500.015625,-187500.015625,-187500.015625,-26468.9140625,0.0
-187500.015625,-187500.015625,-187500.015625,-187500.015625,-187500.015625,-187500.015625,-187500.015625,-26354.3613281,0.0
-187500.015625,-187500.015625,-187500.015625,-187500.015625,-187500.015625,-187500.015625,-187500.015625,-26412.296875,0.0
-187500.015625,-187500.015625,-187500.015625,-187500.015625,-187500.015625,-187500.015625,-187500.015625,-26538.71875,0.0
-187500.015625,-187500.015625,-187500.015625,-187500.015625,-187500.015625,-187500.015625,-187500.015625,-26499.2675781,0.0
-187500.015625,-187500.015625,-187500.015625,-187500.015625,-187500.015625,-187500.015625,-187500.015625,-26372.0410156,0.0
-187500.015625,-187500.015625,-187500.015625,-187500.015625,-187500.015625,-187500.015625,-187500.015625,-26391.9570312,0.0
-187500.015625,-187500.015625,-187500.015625,-187500.015625,-187500.015625,-187500.015625,-187500.015625,-26520.6582031,0.0
-187500.015625,-187500.015625,-187500.015625,-187500.015625,-187500.015625,-187500.015625,-187500.015625,-26521.796875,0.0
-187500.015625,-187500.015625,-187500.015625,-187500.015625,-187500.015625,-187500.015625,-187500.015625,-26397.9921875,0.0
-187500.015625,-187500.015625,-187500.015625,-187500.015625,-187500.015625,-187500.015625,-187500.015625,-26386.9941406,0.0
-187500.015625,-187500.015625,-187500.015625,-187500.015625,-187500.015625,-187500.015625,-187500.015625,-26517.640625,0.0
-187500.015625,-187500.015625,-187500.015625,-187500.015625,-187500.015625,-187500.015625,-187500.015625,-26550.0507812,0.0
-187500.015625,-187500.015625,-187500.015625,-187500.015625,-187500.015625,-187500.015625,-187500.015625,-26426.5117188,0.0
-187500.015625,-187500.015625,-187500.015625,-187500.015625,-187500.015625,-187500.015625,-187500.015625,-26382.0097656,0.0
-187500.015625,-187500.015625,-187500.015625,-187500.015625,-187500.015625,-187500.015625,-187500.015625,-26502.3515625,0.0
-187500.015625,-187500.015625,-187500.015625,-187500.015625,-187500.015625,-187500.015625,-187500.015625,-26557.6054688,0.0
-187500.015625,-187500.015625,-187500.015625,-187500.015625,-187500.015625,-187500.015625,-187500.015625,-26437.53125,0.0
-187500.015625,-187500.015625,-187500.015625,-187500.015625,-187500.015625,-187500.015625,-187500.015625,-26359.3457031,0.0
-187500.015625,-187500.015625,-187500.015625,-187500.015625,-187500.015625,-187500.015625,-187500.015625,-26469.71875,0.0
-187500.015625,-187500.015625,-187500.015625,-187500.015625,-187500.015625,-187500.015625,-187500.015625,-26558.9902344,0.0
-187500.015625,-187500.015625,-187500.015625,-187500.015625,-187500.015625,-187500.015625,-187500.015625,-26459.234375,0.0
-187500.015625,-187500.015625,-187500.015625,-187500.015625,-187500.015625,-187500.015625,-187500.015625,-26353.6015625,0.0
-187500.015625,-187500.015625,-187500.015625,-187500.015625,-187500.015625,-187500.015625,-187500.015625,-26435.5644531,0.0
-187500.015625,-187500.015625,-187500.015625,-187500.015625,-187500.015625,-187500.015625,-187500.015625,-26544.5742188,0.0
-187500.015625,-187500.015625,-187500.015625,-187500.015625,-187500.015625,-187500.015625,-187500.015625,-26477.1621094,0.0
-187500.015625,-187500.015625,-187500.015625,-187500.015625,-187500.015625,-187500.015625,-187500.015625,-26360.3964844,0.0
-187500.015625,-187500.015625,-187500.015625,-187500.015625,-187500.015625,-187500.015625,-187500.015625,-26412.0058594,0.0
-187500.015625,-187500.015625,-187500.015625,-187500.015625,-187500.015625,-187500.015625,-187500.015625,-26531.609375,0.0
-187500.015625,-187500.015625,-187500.015625,-187500.015625,-187500.015625,-187500.015625,-187500.015625,-26493.0078125,0.0
-187500.015625,-187500.015625,-187500.015625,-187500.015625,-187500.015625,-187500.015625,-187500.015625,-26366.0507812,0.0
-187500.015625,-187500.015625,-187500.015625,-187500.015625,-187500.015625,-187500.015625,-187500.015625,-26387.2402344,0.0
-187500.015625,-187500.015625,-187500.015625,-187500.015625,-187500.015625,-187500.015625,-187500.015625,-26517.953125,0.0
-187500.015625,-187500.015625,-187500.015625,-187500.015625,-187500.015625,-187500.015625,-187500.015625,-26517.0820312,0.0
-187500.015625,-187500.015625,-187500.015625,-187500.015625,-187500.015625,-187500.015625,-187500.015625,-26385.8105469,0.0
-187500.015625,-187500.015625,-187500.015625,-187500.015625,-187500.015625,-187500.015625,-187500.015625,-26374.4316406,0.0
-187500.015625,-187500.015625,-187500.015625,-187500.015625,-187500.015625,-187500.015625,-187500.015625,-26506.4199219,0.0
-187500.015625,-187500.015625,-187500.015625,-187500.015625,-187500.015625,-187500.015625,-187500.015625,-26535.2539062,0.0
-187500.015625,-187500.015625,-187500.015625,-187500.015625,-187500.015625,-187500.015625,-187500.015625,-26414.0390625,0.0
-187500.015625,-187500.015625,-187500.015625,-187500.015625,-187500.015625,-187500.015625,-187500.015625,-26367.7949219,0.0
-187500.015625,-187500.015625,-187500.015625,-187500.015625,-187500.015625,-187500.015625,-187500.015625,-26485.1640625,0.0
-187500.015625,-187500.015625,-187500.015625,-187500.015625,-187500.015625,-187500.015625,-187500.015625,-26546.9433594,0.0
-187500.015625,-187500.015625,-187500.015625,-187500.015625,-187500.015625,-187500.015625,-187500.015625,-26434.5820312,0.0
-187500.015625,-187500.015625,-187500.015625,-187500.015625,-187500.015625,-187500.015625,-187500.015625,-26359.6796875,0.0
-187500.015625,-187500.015625,-187500.015625,-187500.015625,-187500.015625,-187500.015625,-187500.015625,-26458.4082031,0.0
-187500.015625,-187500.015625,-187500.015625,-187500.015625,-187500.015625,-187500.015625,-187500.015625,-26545.7578125,0.0
-187500.015625,-187500.015625,-187500.015625,-187500.015625,-187500.015625,-187500.015625,-187500.015625,-26459.8613281,0.0
-187500.015625,-187500.015625,-187500.015625,-187500.015625,-187500.015625,-187500.015625,-187500.015625,-26357.4667969,0.0
-187500.015625,-187500.015625,-187500.015625,-187500.015625,-187500.015625,-187500.015625,-187500.015625,-26434.8046875,0.0
-187500.015625,-187500.015625,-187500.015625,-187500.015625,-187500.015625,-187500.015625,-187500.015625,-26544.6191406,0.0
-187500.015625,-187500.015625,-187500.015625,-187500.015625,-187500.015625,-187500.015625,-187500.015625,-26488.1582031,0.0
-187500.015625,-187500.015625,-187500.015625,-187500.015625,-187500.015625,-187500.015625,-187500.015625,-26366.4980469,0.0
-187500.015625,-187500.015625,-187500.015625,-187500.015625,-187500.015625,-187500.015625,-187500.015625,-26404.875,0.0
-187500.015625,-187500.015625,-187500.015625,-187500.015625,-187500.015625,-187500.015625,-187500.015625,-26523.9433594,0.0
-187500.015625,-187500.015625,-187500.015625,-187500.015625,-187500.015625,-187500.015625,-187500.015625,-26501.5019531,0.0
-187500.015625,-187500.015625,-187500.015625,-187500.015625,-187500.015625,-187500.015625,-187500.015625,-26378.9707031,0.0
-187500.015625,-187500.015625,-187500.015625,-187500.015625,-187500.015625,-187500.015625,-187500.015625,-26388.9394531,0.0
-187500.015625,-187500.015625,-187500.015625,-187500.015625,-187500.015625,-187500.015625,-187500.015625,-26515.0917969,0.0
-187500.015625,-187500.015625,-187500.015625,-187500.015625,-187500.015625,-187500.015625,-187500.015625,-26524.390625,0.0
-187500.015625,-187500.015625,-187500.015625,-187500.015625,-187500.015625,-187500.015625,-187500.015625,-26402.9316406,0.0
-187500.015625,-187500.015625,-187500.015625,-187500.015625,-187500.015625,-187500.015625,-187500.015625,-26374.2988281,0.0
-187500.015625,-187500.015625,-187500.015625,-187500.015625,-187500.015625,-187500.015625,-187500.015625,-26502.3300781,0.0
-187500.015625,-187500.015625,-187500.015625,-187500.015625,-187500.015625,-187500.015625,-187500.015625,-26540.0371094,0.0
-187500.015625,-187500.015625,-187500.015625,-187500.015625,-187500.015625,-187500.015625,-187500.015625,-26420.3652344,0.0
-187500.015625,-187500.015625,-187500.015625,-187500.015625,-187500.015625,-187500.015625,-187500.015625,-26364.4628906,0.0
-187500.015625,-187500.015625,-187500.015625,-187500.015625,-187500.015625,-187500.015625,-187500.015625,-26479.6191406,0.0
-187500.015625,-187500.015625,-187500.015625,-187500.015625,-187500.015625,-187500.015625,-187500.015625,-26549.15625,0.0
-187500.015625,-187500.015625,-187500.015625,-187500.015625,-187500.015625,-187500.015625,-187500.015625,-26438.0449219,0.0
-187500.015625,-187500.015625,-187500.015625,-187500.015625,-187500.015625,-187500.015625,-187500.015625,-26358.4511719,0.0
-187500.015625,-187500.015625,-187500.015625,-187500.015625,-187500.015625,-187500.015625,-187500.015625,-26456.2167969,0.0
-187500.015625,-187500.015625,-187500.015625,-187500.015625,-187500.015625,-187500.015625,-187500.015625,-26552.2636719,0.0
-187500.015625,-187500.015625,-187500.015625,-187500.015625,-187500.015625,-187500.015625,-187500.015625,-26466.1640625,0.0
-187500.015625,-187500.015625,-187500.015625,-187500.015625,-187500.015625,-187500.015625,-187500.015625,-26360.6640625,0.0
-187500.015625,-187500.015625,-187500.015625,-187500.015625,-187500.015625,-187500.015625,-187500.015625,-26422.0410156,0.0
-187500.015625,-187500.015625,-187500.015625,-187500.015625,-187500.015625,-187500.015625,-187500.015625,-26535.5664062,0.0
-187500.015625,-187500.015625,-187500.015625,-187500.015625,-187500.015625,-187500.015625,-187500.015625,-26485.6777344,0.0
-187500.015625,-187500.015625,-187500.015625,-187500.015625,-187500.015625,-187500.015625,-187500.015625,-26367.9960938,0.0
-187500.015625,-187500.015625,-187500.015625,-187500.015625,-187500.015625,-187500.015625,-187500.015625,-26403.9589844,0.0
-187500.015625,-187500.015625,-187500.015625,-187500.015625,-187500.015625,-187500.015625,-187500.015625,-26531.8789062,0.0
-187500.015625,-187500.015625,-187500.015625,-187500.015625,-187500.015625,-187500.015625,-187500.015625,-26512.2753906,0.0
-187500.015625,-187500.015625,-187500.015625,-187500.015625,-187500.015625,-187500.015625,-187500.015625,-26382.4121094,0.0
-187500.015625,-187500.015625,-187500.015625,-187500.015625,-187500.015625,-187500.015625,-187500.015625,-26391.7109375,0.0
-187500.015625,-187500.015625,-187500.015625,-187500.015625,-187500.015625,-187500.015625,-187500.015625,-26519.6289062,0.0
-187500.015625,-187500.015625,-187500.015625,-187500.015625,-187500.015625,-187500.015625,-187500.015625,-26530.6484375,0.0
-187500.015625,-187500.015625,-187500.015625,-187500.015625,-187500.015625,-187500.015625,-187500.015625,-26404.25,0.0
-187500.015625,-187500.015625,-187500.015625,-187500.015625,-187500.015625,-187500.015625,-187500.015625,-26378.7910156,0.0
-187500.015625,-187500.015625,-187500.015625,-187500.015625,-187500.015625,-187500.015625,-187500.015625,-26504.6992188,0.0
-187500.015625,-187500.015625,-187500.015625,-187500.015625,-187500.015625,-187500.015625,-187500.015625,-26554.2304688,0.0
-187500.015625,-187500.015625,-187500.015625,-187500.015625,-187500.015625,-187500.015625,-187500.015625,-26438.8046875,0.0
-187500.015625,-187500.015625,-187500.015625,-187500.015625,-187500.015625,-187500.015625,-187500.015625,-26368.1523438,0.0
-187500.015625,-187500.015625,-187500.015625,-187500.015625,-187500.015625,-187500.015625,-187500.015625,-26482.3242188,0.0
-187500.015625,-187500.015625,-187500.015625,-187500.015625,-187500.015625,-187500.015625,-187500.015625,-26560.1757812,0.0
-187500.015625,-187500.015625,-187500.015625,-187500.015625,-187500.015625,-187500.015625,-187500.015625,-26455.0097656,0.0
-187500.015625,-187500.015625,-187500.015625,-187500.015625,-187500.015625,-187500.015625,-187500.015625,-26364.3300781,0.0
-187500.015625,-187500.015625,-187500.015625,-187500.015625,-187500.015625,-187500.015625,-187500.015625,-26450.6523438,0.0
-187500.015625,-187500.015625,-187500.015625,-187500.015625,-187500.015625,-187500.015625,-187500.015625,-26550.0957031,0.0
-187500.015625,-187500.015625,-187500.015625,-187500.015625,-187500.015625,-187500.015625,-187500.015625,-26471.0136719,0.0
-187500.015625,-187500.015625,-187500.015625,-187500.015625,-187500.015625,-187500.015625,-187500.015625,-26354.3613281,0.0
-187500.015625,-187500.015625,-187500.015625,-187500.015625,-187500.015625,-187500.015625,-187500.015625,-26420.0078125,0.0
-187500.015625,-187500.015625,-187500.015625,-187500.015625,-187500.015625,-187500.015625,-187500.015625,-26545.6699219,0.0
-187500.015625,-187500.015625,-187500.015625,-187500.015625,-187500.015625,-187500.015625,-187500.015625,-26494.7734375,0.0
-187500.015625,-187500.015625,-187500.015625,-187500.015625,-187500.015625,-187500.015625,-187500.015625,-26376.4433594,0.0
-187500.015625,-187500.015625,-187500.015625,-187500.015625,-187500.015625,-187500.015625,-187500.015625,-26407.0429688,0.0
-187500.015625,-187500.015625,-187500.015625,-187500.015625,-187500.015625,-187500.015625,-187500.015625,-26530.0,0.0
-187500.015625,-187500.015625,-187500.015625,-187500.015625,-187500.015625,-187500.015625,-187500.015625,-26512.1855469,0.0
-187500.015625,-187500.015625,-187500.015625,-187500.015625,-187500.015625,-187500.015625,-187500.015625,-26384.3574219,0.0
-187500.015625,-187500.015625,-187500.015625,-187500.015625,-187500.015625,-187500.015625,-187500.015625,-26385.9433594,0.0
-187500.015625,-187500.015625,-187500.015625,-187500.015625,-187500.015625,-187500.015625,-187500.015625,-26512.8339844,0.0
-187500.015625,-187500.015625,-187500.015625,-187500.015625,-187500.015625,-187500.015625,-187500.015625,-26527.6308594,0.0
-187500.015625,-187500.015625,-187500.015625,-187500.015625,-187500.015625,-187500.015625,-187500.015625,-26403.3339844,0.0
-187500.015625,-187500.015625,-187500.015625,-187500.015625,-187500.015625,-187500.015625,-187500.015625,-26370.5214844,0.0
-187500.015625,-187500.015625,-187500.015625,-187500.015625,-187500.015625,-187500.015625,-187500.015625,-26495.4453125,0.0
-187500.015625,-187500.015625,-187500.015625,-187500.015625,-187500.015625,-187500.015625,-187500.015625,-26547.1894531,0.0
-187500.015625,-187500.015625,-187500.015625,-187500.015625,-187500.015625,-187500.015625,-187500.015625,-26426.6230469,0.0
-187500.015625,-187500.015625,-187500.015625,-187500.015625,-187500.015625,-187500.015625,-187500.015625,-26363.3691406,0.0
-187500.015625,-187500.015625,-187500.015625,-187500.015625,-187500.015625,-187500.015625,-187500.015625,-26474.3222656,0.0
-187500.015625,-187500.015625,-187500.015625,-187500.015625,-187500.015625,-187500.015625,-187500.015625,-26551.8164062,0.0
-187500.015625,-187500.015625,-187500.015625,-187500.015625,-187500.015625,-187500.015625,-187500.015625,-26453.2226562,0.0
-187500.015625,-187500.015625,-187500.015625,-187500.015625,-187500.015625,-187500.015625,-187500.015625,-26367.8828125,0.0
-187500.015625,-187500.015625,-187500.015625,-187500.015625,-187500.015625,-187500.015625,-187500.015625,-26457.1796875,0.0
-187500.015625,-187500.015625,-187500.015625,-187500.015625,-187500.015625,-187500.015625,-187500.015625,-26553.0683594,0.0
-187500.015625,-187500.015625,-187500.015625,-187500.015625,-187500.015625,-187500.015625,-187500.015625,-26481.7871094,0.0
-187500.015625,-187500.015625,-187500.015625,-187500.015625,-187500.015625,-187500.015625,-187500.015625,-26366.0722656,0.0
-187500.015625,-187500.015625,-187500.015625,-187500.015625,-187500.015625,-187500.015625,-187500.015625,-26427.7421875,0.0
-187500.015625,-187500.015625,-187500.015625,-187500.015625,-187500.015625,-187500.015625,-187500.015625,-26543.1660156,0.0
-187500.015625,-187500.015625,-187500.015625,-187500.015625,-187500.015625,-187500.015625,-187500.015625,-26500.6972656,0.0
-187500.015625,-187500.015625,-187500.015625,-187500.015625,-187500.015625,-187500.015625,-187500.015625,-26367.7265625,0.0
-187500.015625,-187500.015625,-187500.015625,-187500.015625,-187500.015625,-187500.015625,-187500.015625,-26392.2460938,0.0
-187500.015625,-187500.015625,-187500.015625,-187500.015625,-187500.015625,-187500.015625,-187500.015625,-26523.7421875,0.0
-187500.015625,-187500.015625,-187500.015625,-187500.015625,-187500.015625,-187500.015625,-187500.015625,-26517.484375,0.0
-187500.015625,-187500.015625,-187500.015625,-187500.015625,-187500.015625,-187500.015625,-187500.015625,-26387.3964844,0.0
-187500.015625,-187500.015625,-187500.015625,-187500.015625,-187500.015625,-187500.015625,-187500.015625,-26380.9589844,0.0
-187500.015625,-187500.015625,-187500.015625,-187500.015625,-187500.015625,-187500.015625,-187500.015625,-26513.7285156,0.0
-187500.015625,-187500.015625,-187500.015625,-187500.015625,-187500.015625,-187500.015625,-187500.015625,-26526.0,0.0
-187500.015625,-187500.015625,-187500.015625,-187500.015625,-187500.015625,-187500.015625,-187500.015625,-26399.734375,0.0
-187500.015625,-187500.015625,-187500.015625,-187500.015625,-187500.015625,-187500.015625,-187500.015625,-26366.7207031,0.0
-187500.015625,-187500.015625,-187500.015625,-187500.015625,-187500.015625,-187500.015625,-187500.015625,-26484.8945312,0.0
-187500.015625,-187500.015625,-187500.015625,-187500.015625,-187500.015625,-187500.015625,-187500.015625,-26544.3730469,0.0
-187500.015625,-187500.015625,-187500.015625,-187500.015625,-187500.015625,-187500.015625,-187500.015625,-26436.5488281,0.0
-187500.015625,-187500.015625,-187500.015625,-187500.015625,-187500.015625,-187500.015625,-187500.015625,-26368.6660156,0.0
-187500.015625,-187500.015625,-187500.015625,-187500.015625,-187500.015625,-187500.015625,-187500.015625,-26474.9921875,0.0
-187500.015625,-187500.015625,-187500.015625,-187500.015625,-187500.015625,-187500.015625,-187500.015625,-26559.8398438,0.0
-187500.015625,-187500.015625,-187500.015625,-187500.015625,-187500.015625,-187500.015625,-187500.015625,-26463.6152344,0.0
-187500.015625,-187500.015625,-187500.015625,-187500.015625,-187500.015625,-187500.015625,-187500.015625,-26367.0351562,0.0
-187500.015625,-187500.015625,-187500.015625,-187500.015625,-187500.015625,-187500.015625,-187500.015625,-26444.7734375,0.0
-187500.015625,-187500.015625,-187500.015625,-187500.015625,-187500.015625,-187500.015625,-187500.015625,-26547.1445312,0.0
-187500.015625,-187500.015625,-187500.015625,-187500.015625,-187500.015625,-187500.015625,-187500.015625,-26478.4804688,0.0
-187500.015625,-187500.015625,-187500.015625,-187500.015625,-187500.015625,-187500.015625,-187500.015625,-26361.0,0.0
-187500.015625,-187500.015625,-187500.015625,-187500.015625,-187500.015625,-187500.015625,-187500.015625,-26407.2890625,0.0
-187500.015625,-187500.015625,-187500.015625,-187500.015625,-187500.015625,-187500.015625,-187500.015625,-26531.2070312,0.0
-187500.015625,-187500.015625,-187500.015625,-187500.015625,-187500.015625,-187500.015625,-187500.015625,-26488.6054688,0.0
-187500.015625,-187500.015625,-187500.015625,-187500.015625,-187500.015625,-187500.015625,-187500.015625,-26368.3984375,0.0
-187500.015625,-187500.015625,-187500.015625,-187500.015625,-187500.015625,-187500.015625,-187500.015625,-26394.9296875,0.0
-187500.015625,-187500.015625,-187500.015625,-187500.015625,-187500.015625,-187500.015625,-187500.015625,-26524.1894531,0.0
-187500.015625,-187500.015625,-187500.015625,-187500.015625,-187500.015625,-187500.015625,-187500.015625,-26519.9433594,0.0
-187500.015625,-187500.015625,-187500.015625,-187500.015625,-187500.015625,-187500.015625,-187500.015625,-26390.9511719,0.0
-187500.015625,-187500.015625,-187500.015625,-187500.015625,-187500.015625,-187500.015625,-187500.015625,-26379.8867188,0.0
-187500.015625,-187500.015625,-187500.015625,-187500.015625,-187500.015625,-187500.015625,-187500.015625,-26506.1738281,0.0
-187500.015625,-187500.015625,-187500.015625,-187500.015625,-187500.015625,-187500.015625,-187500.015625,-26532.8164062,0.0
-187500.015625,-187500.015625,-187500.015625,-187500.015625,-187500.015625,-187500.015625,-187500.015625,-26410.3066406,0.0
-187500.015625,-187500.015625,-187500.015625,-187500.015625,-187500.015625,-187500.015625,-187500.015625,-26374.9238281,0.0
-187500.015625,-187500.015625,-187500.015625,-187500.015625,-187500.015625,-187500.015625,-187500.015625,-26499.6914062,0.0
-187500.015625,-187500.015625,-187500.015625,-187500.015625,-187500.015625,-187500.015625,-187500.015625,-26558.9453125,0.0
-187500.015625,-187500.015625,-187500.015625,-187500.015625,-187500.015625,-187500.015625,-187500.015625,-26447.8574219,0.0
-187500.015625,-187500.015625,-187500.015625,-187500.015625,-187500.015625,-187500.015625,-187500.015625,-26376.890625,0.0
-187500.015625,-187500.015625,-187500.015625,-187500.015625,-187500.015625,-187500.015625,-187500.015625,-26478.9042969,0.0
-187500.015625,-187500.015625,-187500.015625,-187500.015625,-187500.015625,-187500.015625,-187500.015625,-26557.2480469,0.0
-187500.015625,-187500.015625,-187500.015625,-187500.015625,-187500.015625,-187500.015625,-187500.015625,-26460.2636719,0.0
-187500.015625,-187500.015625,-187500.015625,-187500.015625,-187500.015625,-187500.015625,-187500.015625,-26365.6035156,0.0
-187500.015625,-187500.015625,-187500.015625,-187500.015625,-187500.015625,-187500.015625,-187500.015625,-26443.9472656,0.0
-187500.015625,-187500.015625,-187500.015625,-187500.015625,-187500.015625,-187500.015625,-187500.015625,-26550.6757812,0.0
-187500.015625,-187500.015625,-187500.015625,-187500.015625,-187500.015625,-187500.015625,-187500.015625,-26479.1503906,0.0
-187500.015625,-187500.015625,-187500.015625,-187500.015625,-187500.015625,-187500.015625,-187500.015625,-26359.0761719,0.0
-187500.015625,-187500.015625,-187500.015625,-187500.015625,-187500.015625,-187500.015625,-187500.015625,-26414.4199219,0.0
-187500.015625,-187500.015625,-187500.015625,-187500.015625,-187500.015625,-187500.015625,-187500.015625,-26541.9375,0.0
-187500.015625,-187500.015625,-187500.015625,-187500.015625,-187500.015625,-187500.015625,-187500.015625,-26510.8222656,0.0
-187500.015625,-187500.015625,-187500.015625,-187500.015625,-187500.015625,-187500.015625,-187500.015625,-26390.59375,0.0
-187500.015625,-187500.015625,-187500.015625,-187500.015625,-187500.015625,-187500.015625,-187500.015625,-26410.0605469,0.0
-187500.015625,-187500.015625,-187500.015625,-187500.015625,-187500.015625,-187500.015625,-187500.015625,-26542.6074219,0.0
-187500.015625,-187500.015625,-187500.015625,-187500.015625,-187500.015625,-187500.015625,-187500.015625,-26537.7128906,0.0
-187500.015625,-187500.015625,-187500.015625,-187500.015625,-187500.015625,-187500.015625,-187500.015625,-26408.8769531,0.0
-187500.015625,-187500.015625,-187500.015625,-187500.015625,-187500.015625,-187500.015625,-187500.015625,-26394.59375,0.0
-187500.015625,-187500.015625,-187500.015625,-187500.015625,-187500.015625,-187500.015625,-187500.015625,-26516.3652344,0.0
-187500.015625,-187500.015625,-187500.015625,-187500.015625,-187500.015625,-187500.015625,-187500.015625,-26550.4746094,0.0
-187500.015625,-187500.015625,-187500.015625,-187500.015625,-187500.015625,-187500.015625,-187500.015625,-26432.4570312,0.0
-187500.015625,-187500.015625,-187500.015625,-187500.015625,-187500.015625,-187500.015625,-187500.015625,-26378.6132812,0.0
-187500.015625,-187500.015625,-187500.015625,-187500.015625,-187500.015625,-187500.015625,-187500.015625,-26486.1699219,0.0
-187500.015625,-187500.015625,-187500.015625,-187500.015625,-187500.015625,-187500.015625,-187500.015625,-26546.6308594,0.0
-187500.015625,-187500.015625,-187500.015625,-187500.015625,-187500.015625,-187500.015625,-187500.015625,-26437.6660156,0.0
-187500.015625,-187500.015625,-187500.015625,-187500.015625,-187500.015625,-187500.015625,-187500.015625,-26357.9824219,0.0
-187500.015625,-187500.015625,-187500.015625,-187500.015625,-187500.015625,-187500.015625,-187500.015625,-26456.1289062,0.0
-187500.015625,-187500.015625,-187500.015625,-187500.015625,-187500.015625,-187500.015625,-187500.015625,-26549.78125,0.0
-187500.015625,-187500.015625,-187500.015625,-187500.015625,-187500.015625,-187500.015625,-187500.015625,-26468.6894531,0.0
-187500.015625,-187500.015625,-187500.015625,-187500.015625,-187500.015625,-187500.015625,-187500.015625,-26366.2070312,0.0
-187500.015625,-187500.015625,-187500.015625,-187500.015625,-187500.015625,-187500.015625,-187500.015625,-26437.7324219,0.0
-187500.015625,-187500.015625,-187500.015625,-187500.015625,-187500.015625,-187500.015625,-187500.015625,-26554.453125,0.0
-187500.015625,-187500.015625,-187500.015625,-187500.015625,-187500.015625,-187500.015625,-187500.015625,-26497.9707031,0.0
-187500.015625,-187500.015625,-187500.015625,-187500.015625,-187500.015625,-187500.015625,-187500.015625,-26378.8359375,0.0
-187500.015625,-187500.015625,-187500.015625,-187500.015625,-187500.015625,-187500.015625,-187500.015625,-26415.671875,0.0
-187500.015625,-187500.015625,-187500.015625,-187500.015625,-187500.015625,-187500.015625,-187500.015625,-26540.3710938,0.0
-187500.015625,-187500.015625,-187500.015625,-187500.015625,-187500.015625,-187500.015625,-187500.015625,-26509.0566406,0.0
-187500.015625,-187500.015625,-187500.015625,-187500.015625,-187500.015625,-187500.015625,-187500.015625,-26382.0097656,0.0
-187500.015625,-187500.015625,-187500.015625,-187500.015625,-187500.015625,-187500.015625,-187500.015625,-26390.0117188,0.0
-187500.015625,-187500.015625,-187500.015625,-187500.015625,-187500.015625,-187500.015625,-187500.015625,-26518.3769531,0.0
-187500.015625,-187500.015625,-187500.015625,-187500.015625,-187500.015625,-187500.015625,-187500.015625,-26514.734375,0.0
-187500.015625,-187500.015625,-187500.015625,-187500.015625,-187500.015625,-187500.015625,-187500.015625,-26381.8300781,0.0
-187500.015625,-187500.015625,-187500.015625,-187500.015625,-187500.015625,-187500.015625,-187500.015625,-26360.4179688,0.0
-187500.015625,-187500.015625,-187500.015625,-187500.015625,-187500.015625,-187500.015625,-187500.015625,-26487.1972656,0.0
-187500.015625,-187500.015625,-187500.015625,-187500.015625,-187500.015625,-187500.015625,-187500.015625,-26526.8046875,0.0
-187500.015625,-187500.015625,-187500.015625,-187500.015625,-187500.015625,-187500.015625,-187500.015625,-26408.0058594,0.0
-187500.015625,-187500.015625,-187500.015625,-187500.015625,-187500.015625,-187500.015625,-187500.015625,-26349.890625,0.0
-187500.015625,-187500.015625,-187500.015625,-187500.015625,-187500.015625,-187500.015625,-187500.015625,-26465.6054688,0.0
-187500.015625,-187500.015625,-187500.015625,-187500.015625,-187500.015625,-187500.015625,-187500.015625,-26532.4375,0.0
-187500.015625,-187500.015625,-187500.015625,-187500.015625,-187500.015625,-187500.015625,-187500.015625,-26435.1171875,0.0
-187500.015625,-187500.015625,-187500.015625,-187500.015625,-187500.015625,-187500.015625,-187500.015625,-26351.7226562,0.0
-187500.015625,-187500.015625,-187500.015625,-187500.015625,-187500.015625,-187500.015625,-187500.015625,-26442.9179688,0.0
-187500.015625,-187500.015625,-187500.015625,-187500.015625,-187500.015625,-187500.015625,-187500.015625,-26538.8300781,0.0
-187500.015625,-187500.015625,-187500.015625,-187500.015625,-187500.015625,-187500.015625,-187500.015625,-26455.9941406,0.0
-187500.015625,-187500.015625,-187500.015625,-187500.015625,-187500.015625,-187500.015625,-187500.015625,-26349.3769531,0.0
-187500.015625,-187500.015625,-187500.015625,-187500.015625,-187500.015625,-187500.015625,-187500.015625,-26418.3535156,0.0
-187500.015625,-187500.015625,-187500.015625,-187500.015625,-187500.015625,-187500.015625,-187500.015625,-26534.4042969,0.0
-187500.015625,-187500.015625,-187500.015625,-187500.015625,-187500.015625,-187500.015625,-187500.015625,-26484.0449219,0.0
-187500.015625,-187500.015625,-187500.015625,-187500.015625,-187500.015625,-187500.015625,-187500.015625,-26364.1054688,0.0
-187500.015625,-187500.015625,-187500.015625,-187500.015625,-187500.015625,-187500.015625,-187500.015625,-26401.6796875,0.0
-187500.015625,-187500.015625,-187500.015625,-187500.015625,-187500.015625,-187500.015625,-187500.015625,-26526.8496094,0.0
-187500.015625,-187500.015625,-187500.015625,-187500.015625,-187500.015625,-187500.015625,-187500.015625,-26503.3125,0.0
-187500.015625,-187500.015625,-187500.015625,-187500.015625,-187500.015625,-187500.015625,-187500.015625,-26378.7246094,0.0
-187500.015625,-187500.015625,-187500.015625,-187500.015625,-187500.015625,-187500.015625,-187500.015625,-26385.1621094,0.0
-187500.015625,-187500.015625,-187500.015625,-187500.015625,-187500.015625,-187500.015625,-187500.015625,-26513.4609375,0.0
-187500.015625,-187500.015625,-187500.015625,-187500.015625,-187500.015625,-187500.015625,-187500.015625,-26523.2285156,0.0
-187500.015625,-187500.015625,-187500.015625,-187500.015625,-187500.015625,-187500.015625,-187500.015625,-26395.734375,0.0
-187500.015625,-187500.015625,-187500.015625,-187500.015625,-187500.015625,-187500.015625,-187500.015625,-26368.4414062,0.0
-187500.015625,-187500.015625,-187500.015625,-187500.015625,-187500.015625,-187500.015625,-187500.015625,-26490.5273438,0.0
-187500.015625,-187500.015625,-187500.015625,-187500.015625,-187500.015625,-187500.015625,-187500.015625,-26527.453125,0.0
-187500.015625,-187500.015625,-187500.015625,-187500.015625,-187500.015625,-187500.015625,-187500.015625,-26410.4179688,0.0
-187500.015625,-187500.015625,-187500.015625,-187500.015625,-187500.015625,-187500.015625,-187500.015625,-26358.09375,0.0
-187500.015625,-187500.015625,-187500.015625,-187500.015625,-187500.015625,-187500.015625,-187500.015625,-26466.9023438,0.0
-187500.015625,-187500.015625,-187500.015625,-187500.015625,-187500.015625,-187500.015625,-187500.015625,-26534.9179688,0.0
-187500.015625,-187500.015625,-187500.015625,-187500.015625,-187500.015625,-187500.015625,-187500.015625,-26436.3242188,0.0
-187500.015625,-187500.015625,-187500.015625,-187500.015625,-187500.015625,-187500.015625,-187500.015625,-26352.4609375,0.0
-187500.015625,-187500.015625,-187500.015625,-187500.015625,-187500.015625,-187500.015625,-187500.015625,-26441.8222656,0.0
-187500.015625,-187500.015625,-187500.015625,-187500.015625,-187500.015625,-187500.015625,-187500.015625,-26541.9589844,0.0
-187500.015625,-187500.015625,-187500.015625,-187500.015625,-187500.015625,-187500.015625,-187500.015625,-26467.1035156,0.0
-187500.015625,-187500.015625,-187500.015625,-187500.015625,-187500.015625,-187500.015625,-187500.015625,-26354.7636719,0.0
-187500.015625,-187500.015625,-187500.015625,-187500.015625,-187500.015625,-187500.015625,-187500.015625,-26421.7734375,0.0
-187500.015625,-187500.015625,-187500.015625,-187500.015625,-187500.015625,-187500.015625,-187500.015625,-26537.1308594,0.0
-187500.015625,-187500.015625,-187500.015625,-187500.015625,-187500.015625,-187500.015625,-187500.015625,-26487.9355469,0.0
-187500.015625,-187500.015625,-187500.015625,-187500.015625,-187500.015625,-187500.015625,-187500.015625,-26365.0234375,0.0
-187500.015625,-187500.015625,-187500.015625,-187500.015625,-187500.015625,-187500.015625,-187500.015625,-26396.5390625,0.0
-187500.015625,-187500.015625,-187500.015625,-187500.015625,-187500.015625,-187500.015625,-187500.015625,-26520.03125,0.0
-187500.015625,-187500.015625,-187500.015625,-187500.015625,-187500.015625,-187500.015625,-187500.015625,-26506.0625,0.0
-187500.015625,-187500.015625,-187500.015625,-187500.015625,-187500.015625,-187500.015625,-187500.015625,-26376.3320312,0.0
-187500.015625,-187500.015625,-187500.015625,-187500.015625,-187500.015625,-187500.015625,-187500.015625,-26382.1894531,0.0
-187500.015625,-187500.015625,-187500.015625,-187500.015625,-187500.015625,-187500.015625,-187500.015625,-26511.5605469,0.0
-187500.015625,-187500.015625,-187500.015625,-187500.015625,-187500.015625,-187500.015625,-187500.015625,-26525.8203125,0.0
-187500.015625,-187500.015625,-187500.015625,-187500.015625,-187500.015625,-187500.015625,-187500.015625,-26396.3378906,0.0
-187500.015625,-187500.015625,-187500.015625,-187500.015625,-187500.015625,-187500.015625,-187500.015625,-26362.4511719,0.0
-187500.015625,-187500.015625,-187500.015625,-187500.015625,-187500.015625,-187500.015625,-187500.015625,-26478.9042969,0.0
-187500.015625,-187500.015625,-187500.015625,-187500.015625,-187500.015625,-187500.015625,-187500.015625,-26525.84375,0.0
-187500.015625,-187500.015625,-187500.015625,-187500.015625,-187500.015625,-187500.015625,-187500.015625,-26406.8417969,0.0
-187500.015625,-187500.015625,-187500.015625,-187500.015625,-187500.015625,-187500.015625,-187500.015625,-26346.4707031,0.0
-187500.015625,-187500.015625,-187500.015625,-187500.015625,-187500.015625,-187500.015625,-187500.015625,-26458.6757812,0.0
-187500.015625,-187500.015625,-187500.015625,-187500.015625,-187500.015625,-187500.015625,-187500.015625,-26533.4648438,0.0
-187500.015625,-187500.015625,-187500.015625,-187500.015625,-187500.015625,-187500.015625,-187500.015625,-26436.5703125,0.0
-187500.015625,-187500.015625,-187500.015625,-187500.015625,-187500.015625,-187500.015625,-187500.015625,-26345.8671875,0.0
-187500.015625,-187500.015625,-187500.015625,-187500.015625,-187500.015625,-187500.015625,-187500.015625,-26434.7148438,0.0
-187500.015625,-187500.015625,-187500.015625,-187500.015625,-187500.015625,-187500.015625,-187500.015625,-26533.6445312,0.0
-187500.015625,-187500.015625,-187500.015625,-187500.015625,-187500.015625,-187500.015625,-187500.015625,-26467.1484375,0.0
-187500.015625,-187500.015625,-187500.015625,-187500.015625,-187500.015625,-187500.015625,-187500.015625,-26354.4492188,0.0
-187500.015625,-187500.015625,-187500.015625,-187500.015625,-187500.015625,-187500.015625,-187500.015625,-26415.5371094,0.0
-187500.015625,-187500.015625,-187500.015625,-187500.015625,-187500.015625,-187500.015625,-187500.015625,-26536.3046875,0.0
-187500.015625,-187500.015625,-187500.015625,-187500.015625,-187500.015625,-187500.015625,-187500.015625,-26491.265625,0.0
-187500.015625,-187500.015625,-187500.015625,-187500.015625,-187500.015625,-187500.015625,-187500.015625,-26367.4804688,0.0
-187500.015625,-187500.015625,-187500.015625,-187500.015625,-187500.015625,-187500.015625,-187500.015625,-26399.7792969,0.0
-187500.015625,-187500.015625,-187500.015625,-187500.015625,-187500.015625,-187500.015625,-187500.015625,-26523.2285156,0.0
-187500.015625,-187500.015625,-187500.015625,-187500.015625,-187500.015625,-187500.015625,-187500.015625,-26509.6835938,0.0
-187500.015625,-187500.015625,-187500.015625,-187500.015625,-187500.015625,-187500.015625,-187500.015625,-26379.5058594,0.0
-187500.015625,-187500.015625,-187500.015625,-187500.015625,-187500.015625,-187500.015625,-187500.015625,-26373.1367188,0.0
-187500.015625,-187500.015625,-187500.015625,-187500.015625,-187500.015625,-187500.015625,-187500.015625,-26499.8710938,0.0
-187500.015625,-187500.015625,-187500.015625,-187500.015625,-187500.015625,-187500.015625,-187500.015625,-26522.2441406,0.0
-187500.015625,-187500.015625,-187500.015625,-187500.015625,-187500.015625,-187500.015625,-187500.015625,-26400.2265625,0.0
-187500.015625,-187500.015625,-187500.015625,-187500.015625,-187500.015625,-187500.015625,-187500.015625,-26354.5175781,0.0
-187500.015625,-187500.015625,-187500.015625,-187500.015625,-187500.015625,-187500.015625,-187500.015625,-26476.1113281,0.0
-187500.015625,-187500.015625,-187500.015625,-187500.015625,-187500.015625,-187500.015625,-187500.015625,-26526.9824219,0.0
-187500.015625,-187500.015625,-187500.015625,-187500.015625,-187500.015625,-187500.015625,-187500.015625,-26412.5429688,0.0
-187500.015625,-187500.015625,-187500.015625,-187500.015625,-187500.015625,-187500.015625,-187500.015625,-26351.2324219,0.0
-187500.015625,-187500.015625,-187500.015625,-187500.015625,-187500.015625,-187500.015625,-187500.015625,-26457.2226562,0.0
-187500.015625,-187500.015625,-187500.015625,-187500.015625,-187500.015625,-187500.015625,-187500.015625,-26536.9296875,0.0
-187500.015625,-187500.015625,-187500.015625,-187500.015625,-187500.015625,-187500.015625,-187500.015625,-26438.2460938,0.0
-187500.015625,-187500.015625,-187500.015625,-187500.015625,-187500.015625,-187500.015625,-187500.015625,-26350.2265625,0.0
-187500.015625,-187500.015625,-187500.015625,-187500.015625,-187500.015625,-187500.015625,-187500.015625,-26432.7480469,0.0
-187500.015625,-187500.015625,-187500.015625,-187500.015625,-187500.015625,-187500.015625,-187500.015625,-26538.1582031,0.0
-187500.015625,-187500.015625,-187500.015625,-187500.015625,-187500.015625,-187500.015625,-187500.015625,-26466.2988281,0.0
-187500.015625,-187500.015625,-187500.015625,-187500.015625,-187500.015625,-187500.015625,-187500.015625,-26351.2089844,0.0
-187500.015625,-187500.015625,-187500.015625,-187500.015625,-187500.015625,-187500.015625,-187500.015625,-26406.0605469,0.0
-187500.015625,-187500.015625,-187500.015625,-187500.015625,-187500.015625,-187500.015625,-187500.015625,-26525.6425781,0.0
-187500.015625,-187500.015625,-187500.015625,-187500.015625,-187500.015625,-187500.015625,-187500.015625,-26483.1289062,0.0
-187500.015625,-187500.015625,-187500.015625,-187500.015625,-187500.015625,-187500.015625,-187500.015625,-26355.4550781,0.0
-187500.015625,-187500.015625,-187500.015625,-187500.015625,-187500.015625,-187500.015625,-187500.015625,-26379.1269531,0.0
-187500.015625,-187500.015625,-187500.015625,-187500.015625,-187500.015625,-187500.015625,-187500.015625,-26504.3632812,0.0
-187500.015625,-187500.015625,-187500.015625,-187500.015625,-187500.015625,-187500.015625,-187500.015625,-26498.6855469,0.0
-187500.015625,-187500.015625,-187500.015625,-187500.015625,-187500.015625,-187500.015625,-187500.015625,-26371.4589844,0.0
-187500.015625,-187500.015625,-187500.015625,-187500.015625,-187500.015625,-187500.015625,-187500.015625,-26362.4296875,0.0
-187500.015625,-187500.015625,-187500.015625,-187500.015625,-187500.015625,-187500.015625,-187500.015625,-26493.65625,0.0
-187500.015625,-187500.015625,-187500.015625,-187500.015625,-187500.015625,-187500.015625,-187500.015625,-26526.0898438,0.0
-187500.015625,-187500.015625,-187500.015625,-187500.015625,-187500.015625,-187500.015625,-187500.015625,-26395.5546875,0.0
-187500.015625,-187500.015625,-187500.015625,-187500.015625,-187500.015625,-187500.015625,-187500.015625,-26349.2871094,0.0
-187500.015625,-187500.015625,-187500.015625,-187500.015625,-187500.015625,-187500.015625,-187500.015625,-26472.265625,0.0
-187500.015625,-187500.015625,-187500.015625,-187500.015625,-187500.015625,-187500.015625,-187500.015625,-26531.7890625,0.0
-187500.015625,-187500.015625,-187500.015625,-187500.015625,-187500.015625,-187500.015625,-187500.015625,-26416.9453125,0.0
-187500.015625,-187500.015625,-187500.015625,-187500.015625,-187500.015625,-187500.015625,-187500.015625,-26346.515625,0.0
-187500.015625,-187500.015625,-187500.015625,-187500.015625,-187500.015625,-187500.015625,-187500.015625,-26451.4121094,0.0
-187500.015625,-187500.015625,-187500.015625,-187500.015625,-187500.015625,-187500.015625,-187500.015625,-26538.5605469,0.0
-187500.015625,-187500.015625,-187500.015625,-187500.015625,-187500.015625,-187500.015625,-187500.015625,-26449.7578125,0.0
-187500.015625,-187500.015625,-187500.015625,-187500.015625,-187500.015625,-187500.015625,-187500.015625,-26350.2265625,0.0
-187500.015625,-187500.015625,-187500.015625,-187500.015625,-187500.015625,-187500.015625,-187500.015625,-26428.0097656,0.0
-187500.015625,-187500.015625,-187500.015625,-187500.015625,-187500.015625,-187500.015625,-187500.015625,-26534.515625,0.0
-187500.015625,-187500.015625,-187500.015625,-187500.015625,-187500.015625,-187500.015625,-187500.015625,-26462.1640625,0.0
-187500.015625,-187500.015625,-187500.015625,-187500.015625,-187500.015625,-187500.015625,-187500.015625,-26343.7890625,0.0
-187500.015625,-187500.015625,-187500.015625,-187500.015625,-187500.015625,-187500.015625,-187500.015625,-26393.5878906,0.0
-187500.015625,-187500.015625,-187500.015625,-187500.015625,-187500.015625,-187500.015625,-187500.015625,-26522.2890625,0.0
-187500.015625,-187500.015625,-187500.015625,-187500.015625,-187500.015625,-187500.015625,-187500.015625,-26488.203125,0.0
-187500.015625,-187500.015625,-187500.015625,-187500.015625,-187500.015625,-187500.015625,-187500.015625,-26361.0429688,0.0
-187500.015625,-187500.015625,-187500.015625,-187500.015625,-187500.015625,-187500.015625,-187500.015625,-26378.4335938,0.0
-187500.015625,-187500.015625,-187500.015625,-187500.015625,-187500.015625,-187500.015625,-187500.015625,-26507.515625,0.0
-187500.015625,-187500.015625,-187500.015625,-187500.015625,-187500.015625,-187500.015625,-187500.015625,-26508.1855469,0.0
-187500.015625,-187500.015625,-187500.015625,-187500.015625,-187500.015625,-187500.015625,-187500.015625,-26380.6679688,0.0
-187500.015625,-187500.015625,-187500.015625,-187500.015625,-187500.015625,-187500.015625,-187500.015625,-26366.4746094,0.0
-187500.015625,-187500.015625,-187500.015625,-187500.015625,-187500.015625,-187500.015625,-187500.015625,-26491.265625,0.0
-187500.015625,-187500.015625,-187500.015625,-187500.015625,-187500.015625,-187500.015625,-187500.015625,-26523.3847656,0.0
-187500.015625,-187500.015625,-187500.015625,-187500.015625,-187500.015625,-187500.015625,-187500.015625,-26395.9121094,0.0
-187500.015625,-187500.015625,-187500.015625,-187500.015625,-187500.015625,-187500.015625,-187500.015625,-26346.1347656,0.0
-187500.015625,-187500.015625,-187500.015625,-187500.015625,-187500.015625,-187500.015625,-187500.015625,-26464.8457031,0.0
-187500.015625,-187500.015625,-187500.015625,-187500.015625,-187500.015625,-187500.015625,-187500.015625,-26526.3125,0.0
-187500.015625,-187500.015625,-187500.015625,-187500.015625,-187500.015625,-187500.015625,-187500.015625,-26413.6152344,0.0
-187500.015625,-187500.015625,-187500.015625,-187500.015625,-187500.015625,-187500.015625,-187500.015625,-26343.2304688,0.0
-187500.015625,-187500.015625,-187500.015625,-187500.015625,-187500.015625,-187500.015625,-187500.015625,-26443.9472656,0.0
-187500.015625,-187500.015625,-187500.015625,-187500.015625,-187500.015625,-187500.015625,-187500.015625,-26532.9960938,0.0
-187500.015625,-187500.015625,-187500.015625,-187500.015625,-187500.015625,-187500.015625,-187500.015625,-26445.1542969,0.0
-187500.015625,-187500.015625,-187500.015625,-187500.015625,-187500.015625,-187500.015625,-187500.015625,-26346.3144531,0.0
-187500.015625,-187500.015625,-187500.015625,-187500.015625,-187500.015625,-187500.015625,-187500.015625,-26421.2148438,0.0
-187500.015625,-187500.015625,-187500.015625,-187500.015625,-187500.015625,-187500.015625,-187500.015625,-26530.7832031,0.0
-187500.015625,-187500.015625,-187500.015625,-187500.015625,-187500.015625,-187500.015625,-187500.015625,-26471.171875,0.0
-187500.015625,-187500.015625,-187500.015625,-187500.015625,-187500.015625,-187500.015625,-187500.015625,-26356.3496094,0.0
-187500.015625,-187500.015625,-187500.015625,-187500.015625,-187500.015625,-187500.015625,-187500.015625,-26401.5898438,0.0
-187500.015625,-187500.015625,-187500.015625,-187500.015625,-187500.015625,-187500.015625,-187500.015625,-26520.3886719,0.0
-187500.015625,-187500.015625,-187500.015625,-187500.015625,-187500.015625,-187500.015625,-187500.015625,-26497.0097656,0.0
-187500.015625,-187500.015625,-187500.015625,-187500.015625,-187500.015625,-187500.015625,-187500.015625,-26373.1816406,0.0
-187500.015625,-187500.015625,-187500.015625,-187500.015625,-187500.015625,-187500.015625,-187500.015625,-26381.3398438,0.0
-187500.015625,-187500.015625,-187500.015625,-187500.015625,-187500.015625,-187500.015625,-187500.015625,-26504.6757812,0.0
-187500.015625,-187500.015625,-187500.015625,-187500.015625,-187500.015625,-187500.015625,-187500.015625,-26506.2402344,0.0
-187500.015625,-187500.015625,-187500.015625,-187500.015625,-187500.015625,-187500.015625,-187500.015625,-26375.3710938,0.0
-187500.015625,-187500.015625,-187500.015625,-187500.015625,-187500.015625,-187500.015625,-187500.015625,-26357.5351562,0.0
-187500.015625,-187500.015625,-187500.015625,-187500.015625,-187500.015625,-187500.015625,-187500.015625,-26478.1679688,0.0
-187500.015625,-187500.015625,-187500.015625,-187500.015625,-187500.015625,-187500.015625,-187500.015625,-26512.5214844,0.0
-187500.015625,-187500.015625,-187500.015625,-187500.015625,-187500.015625,-187500.015625,-187500.015625,-26394.8613281,0.0
-187500.015625,-187500.015625,-187500.015625,-187500.015625,-187500.015625,-187500.015625,-187500.015625,-26345.4433594,0.0
-187500.015625,-187500.015625,-187500.015625,-187500.015625,-187500.015625,-187500.015625,-187500.015625,-26454.7207031,0.0
-187500.015625,-187500.015625,-187500.015625,-187500.015625,-187500.015625,-187500.015625,-187500.015625,-26520.703125,0.0
-187500.015625,-187500.015625,-187500.015625,-187500.015625,-187500.015625,-187500.015625,-187500.015625,-26414.1074219,0.0
-187500.015625,-187500.015625,-187500.015625,-187500.015625,-187500.015625,-187500.015625,-187500.015625,-26337.1953125,0.0
-187500.015625,-187500.015625,-187500.015625,-187500.015625,-187500.015625,-187500.015625,-187500.015625,-26435.9902344,0.0
-187500.015625,-187500.015625,-187500.015625,-187500.015625,-187500.015625,-187500.015625,-187500.015625,-26528.8828125,0.0
-187500.015625,-187500.015625,-187500.015625,-187500.015625,-187500.015625,-187500.015625,-187500.015625,-26443.1425781,0.0
-187500.015625,-187500.015625,-187500.015625,-187500.015625,-187500.015625,-187500.015625,-187500.015625,-26344.5703125,0.0
-187500.015625,-187500.015625,-187500.015625,-187500.015625,-187500.015625,-187500.015625,-187500.015625,-26416.8105469,0.0
-187500.015625,-187500.015625,-187500.015625,-187500.015625,-187500.015625,-187500.015625,-187500.015625,-26528.4589844,0.0
-187500.015625,-187500.015625,-187500.015625,-187500.015625,-187500.015625,-187500.015625,-187500.015625,-26466.7675781,0.0
-187500.015625,-187500.015625,-187500.015625,-187500.015625,-187500.015625,-187500.015625,-187500.015625,-26345.2421875,0.0
-187500.015625,-187500.015625,-187500.015625,-187500.015625,-187500.015625,-187500.015625,-187500.015625,-26385.609375,0.0
-187500.015625,-187500.015625,-187500.015625,-187500.015625,-187500.015625,-187500.015625,-187500.015625,-26512.1425781,0.0
-187500.015625,-187500.015625,-187500.015625,-187500.015625,-187500.015625,-187500.015625,-187500.015625,-26490.4160156,0.0
-187500.015625,-187500.015625,-187500.015625,-187500.015625,-187500.015625,-187500.015625,-187500.015625,-26365.6699219,0.0
-187500.015625,-187500.015625,-187500.015625,-187500.015625,-187500.015625,-187500.015625,-187500.015625,-26367.4355469,0.0
-187500.015625,-187500.015625,-187500.015625,-187500.015625,-187500.015625,-187500.015625,-187500.015625,-26502.9335938,0.0
-187500.015625,-187500.015625,-187500.015625,-187500.015625,-187500.015625,-187500.015625,-187500.015625,-26513.0585938,0.0
-187500.015625,-187500.015625,-187500.015625,-187500.015625,-187500.015625,-187500.015625,-187500.015625,-26381.4511719,0.0
-187500.015625,-187500.015625,-187500.015625,-187500.015625,-187500.015625,-187500.015625,-187500.015625,-26352.5058594,0.0
-187500.015625,-187500.015625,-187500.015625,-187500.015625,-187500.015625,-187500.015625,-187500.015625,-26483.5546875,0.0
-187500.015625,-187500.015625,-187500.015625,-187500.015625,-187500.015625,-187500.015625,-187500.015625,-26520.3886719,0.0
-187500.015625,-187500.015625,-187500.015625,-187500.015625,-187500.015625,-187500.015625,-187500.015625,-26401.7460938,0.0
-187500.015625,-187500.015625,-187500.015625,-187500.015625,-187500.015625,-187500.015625,-187500.015625,-26347.1855469,0.0
-187500.015625,-187500.015625,-187500.015625,-187500.015625,-187500.015625,-187500.015625,-187500.015625,-26459.9726562,0.0
-187500.015625,-187500.015625,-187500.015625,-187500.015625,-187500.015625,-187500.015625,-187500.015625,-26531.3867188,0.0
-187500.015625,-187500.015625,-187500.015625,-187500.015625,-187500.015625,-187500.015625,-187500.015625,-26429.7304688,0.0
-187500.015625,-187500.015625,-187500.015625,-187500.015625,-187500.015625,-187500.015625,-187500.015625,-26348.8183594,0.0
-187500.015625,-187500.015625,-187500.015625,-187500.015625,-187500.015625,-187500.015625,-187500.015625,-26442.0683594,0.0
-187500.015625,-187500.015625,-187500.015625,-187500.015625,-187500.015625,-187500.015625,-187500.015625,-26541.7792969,0.0
-187500.015625,-187500.015625,-187500.015625,-187500.015625,-187500.015625,-187500.015625,-187500.015625,-26473.7421875,0.0
-187500.015625,-187500.015625,-187500.015625,-187500.015625,-187500.015625,-187500.015625,-187500.015625,-26365.9394531,0.0
-187500.015625,-187500.015625,-187500.015625,-187500.015625,-187500.015625,-187500.015625,-187500.015625,-26430.9824219,0.0
-187500.015625,-187500.015625,-187500.015625,-187500.015625,-187500.015625,-187500.015625,-187500.015625,-26547.9707031,0.0
-187500.015625,-187500.015625,-187500.015625,-187500.015625,-187500.015625,-187500.015625,-187500.015625,-26493.5449219,0.0
-187500.015625,-187500.015625,-187500.015625,-187500.015625,-187500.015625,-187500.015625,-187500.015625,-26373.3828125,0.0
-187500.015625,-187500.015625,-187500.015625,-187500.015625,-187500.015625,-187500.015625,-187500.015625,-26406.7539062,0.0
-187500.015625,-187500.015625,-187500.015625,-187500.015625,-187500.015625,-187500.015625,-187500.015625,-26527.609375,0.0
-187500.015625,-187500.015625,-187500.015625,-187500.015625,-187500.015625,-187500.015625,-187500.015625,-26501.3691406,0.0
-187500.015625,-187500.015625,-187500.015625,-187500.015625,-187500.015625,-187500.015625,-187500.015625,-26369.515625,0.0
-187500.015625,-187500.015625,-187500.015625,-187500.015625,-187500.015625,-187500.015625,-187500.015625,-26368.3984375,0.0
-187500.015625,-187500.015625,-187500.015625,-187500.015625,-187500.015625,-187500.015625,-187500.015625,-26497.4570312,0.0
-187500.015625,-187500.015625,-187500.015625,-187500.015625,-187500.015625,-187500.015625,-187500.015625,-26508.1191406,0.0
-187500.015625,-187500.015625,-187500.015625,-187500.015625,-187500.015625,-187500.015625,-187500.015625,-26383.015625,0.0
-187500.015625,-187500.015625,-187500.015625,-187500.015625,-187500.015625,-187500.015625,-187500.015625,-26346.828125,0.0
-187500.015625,-187500.015625,-187500.015625,-187500.015625,-187500.015625,-187500.015625,-187500.015625,-26469.3613281,0.0
-187500.015625,-187500.015625,-187500.015625,-187500.015625,-187500.015625,-187500.015625,-187500.015625,-26520.9707031,0.0
-187500.015625,-187500.015625,-187500.015625,-187500.015625,-187500.015625,-187500.015625,-187500.015625,-26408.3847656,0.0
-187500.015625,-187500.015625,-187500.015625,-187500.015625,-187500.015625,-187500.015625,-187500.015625,-26342.7382812,0.0
-187500.015625,-187500.015625,-187500.015625,-187500.015625,-187500.015625,-187500.015625,-187500.015625,-26449.6914062,0.0
-187500.015625,-187500.015625,-187500.015625,-187500.015625,-187500.015625,-187500.015625,-187500.015625,-26524.5019531,0.0
-187500.015625,-187500.015625,-187500.015625,-187500.015625,-187500.015625,-187500.015625,-187500.015625,-26433.3964844,0.0
-187500.015625,-187500.015625,-187500.015625,-187500.015625,-187500.015625,-187500.015625,-187500.015625,-26340.9492188,0.0
-187500.015625,-187500.015625,-187500.015625,-187500.015625,-187500.015625,-187500.015625,-187500.015625,-26435.3183594,0.0
-187500.015625,-187500.015625,-187500.015625,-187500.015625,-187500.015625,-187500.015625,-187500.015625,-26542.8300781,0.0
-187500.015625,-187500.015625,-187500.015625,-187500.015625,-187500.015625,-187500.015625,-187500.015625,-26475.7304688,0.0
-187500.015625,-187500.015625,-187500.015625,-187500.015625,-187500.015625,-187500.015625,-187500.015625,-26375.3496094,0.0
-187500.015625,-187500.015625,-187500.015625,-187500.015625,-187500.015625,-187500.015625,-187500.015625,-26437.4414062,0.0
-187500.015625,-187500.015625,-187500.015625,-187500.015625,-187500.015625,-187500.015625,-187500.015625,-26551.5039062,0.0
-187500.015625,-187500.015625,-187500.015625,-187500.015625,-187500.015625,-187500.015625,-187500.015625,-26506.2851562,0.0
-187500.015625,-187500.015625,-187500.015625,-187500.015625,-187500.015625,-187500.015625,-187500.015625,-26382.0761719,0.0
-187500.015625,-187500.015625,-187500.015625,-187500.015625,-187500.015625,-187500.015625,-187500.015625,-26407.2011719,0.0
-187500.015625,-187500.015625,-187500.015625,-187500.015625,-187500.015625,-187500.015625,-187500.015625,-26527.8320312,0.0
-187500.015625,-187500.015625,-187500.015625,-187500.015625,-187500.015625,-187500.015625,-187500.015625,-26517.0136719,0.0
-187500.015625,-187500.015625,-187500.015625,-187500.015625,-187500.015625,-187500.015625,-187500.015625,-26386.390625,0.0
-187500.015625,-187500.015625,-187500.015625,-187500.015625,-187500.015625,-187500.015625,-187500.015625,-26380.3554688,0.0
-187500.015625,-187500.015625,-187500.015625,-187500.015625,-187500.015625,-187500.015625,-187500.015625,-26506.7558594,0.0
-187500.015625,-187500.015625,-187500.015625,-187500.015625,-187500.015625,-187500.015625,-187500.015625,-26524.6367188,0.0
-187500.015625,-187500.015625,-187500.015625,-187500.015625,-187500.015625,-187500.015625,-187500.015625,-26399.2421875,0.0
-187500.015625,-187500.015625,-187500.015625,-187500.015625,-187500.015625,-187500.015625,-187500.015625,-26364.1953125,0.0
-187500.015625,-187500.015625,-187500.015625,-187500.015625,-187500.015625,-187500.015625,-187500.015625,-26483.7109375,0.0
-187500.015625,-187500.015625,-187500.015625,-187500.015625,-187500.015625,-187500.015625,-187500.015625,-26531.0507812,0.0
-187500.015625,-187500.015625,-187500.015625,-187500.015625,-187500.015625,-187500.015625,-187500.015625,-26412.3183594,0.0
-187500.015625,-187500.015625,-187500.015625,-187500.015625,-187500.015625,-187500.015625,-187500.015625,-26344.6386719,0.0
-187500.015625,-187500.015625,-187500.015625,-187500.015625,-187500.015625,-187500.015625,-187500.015625,-26451.9042969,0.0
-187500.015625,-187500.015625,-187500.015625,-187500.015625,-187500.015625,-187500.015625,-187500.015625,-26534.2695312,0.0
-187500.015625,-187500.015625,-187500.015625,-187500.015625,-187500.015625,-187500.015625,-187500.015625,-26440.8613281,0.0
-187500.015625,-187500.015625,-187500.015625,-187500.015625,-187500.015625,-187500.015625,-187500.015625,-26350.3144531,0.0
-187500.015625,-187500.015625,-187500.015625,-187500.015625,-187500.015625,-187500.015625,-187500.015625,-26436.2578125,0.0
-187500.015625,-187500.015625,-187500.015625,-187500.015625,-187500.015625,-187500.015625,-187500.015625,-26540.2597656,0.0
-187500.015625,-187500.015625,-187500.015625,-187500.015625,-187500.015625,-187500.015625,-187500.015625,-26468.8242188,0.0
-187500.015625,-187500.015625,-187500.015625,-187500.015625,-187500.015625,-187500.015625,-187500.015625,-26356.2167969,0.0
-187500.015625,-187500.015625,-187500.015625,-187500.015625,-187500.015625,-187500.015625,-187500.015625,-26415.9394531,0.0
-187500.015625,-187500.015625,-187500.015625,-187500.015625,-187500.015625,-187500.015625,-187500.015625,-26532.2128906,0.0
-187500.015625,-187500.015625,-187500.015625,-187500.015625,-187500.015625,-187500.015625,-187500.015625,-26491.734375,0.0
-187500.015625,-187500.015625,-187500.015625,-187500.015625,-187500.015625,-187500.015625,-187500.015625,-26362.3632812,0.0
-187500.015625,-187500.015625,-187500.015625,-187500.015625,-187500.015625,-187500.015625,-187500.015625,-26381.4277344,0.0
-187500.015625,-187500.015625,-187500.015625,-187500.015625,-187500.015625,-187500.015625,-187500.015625,-26511.828125,0.0
-187500.015625,-187500.015625,-187500.015625,-187500.015625,-187500.015625,-187500.015625,-187500.015625,-26498.796875,0.0
-187500.015625,-187500.015625,-187500.015625,-187500.015625,-187500.015625,-187500.015625,-187500.015625,-26368.1738281,0.0
-187500.015625,-187500.015625,-187500.015625,-187500.015625,-187500.015625,-187500.015625,-187500.015625,-26358.6523438,0.0
-187500.015625,-187500.015625,-187500.015625,-187500.015625,-187500.015625,-187500.015625,-187500.015625,-26493.34375,0.0
-187500.015625,-187500.015625,-187500.015625,-187500.015625,-187500.015625,-187500.015625,-187500.015625,-26513.7285156,0.0
-187500.015625,-187500.015625,-187500.015625,-187500.015625,-187500.015625,-187500.015625,-187500.015625,-26389.0273438,0.0
-187500.015625,-187500.015625,-187500.015625,-187500.015625,-187500.015625,-187500.015625,-187500.015625,-26346.6054688,0.0
-187500.015625,-187500.015625,-187500.015625,-187500.015625,-187500.015625,-187500.015625,-187500.015625,-26465.4707031,0.0
-187500.015625,-187500.015625,-187500.015625,-187500.015625,-187500.015625,-187500.015625,-187500.015625,-26524.8378906,0.0
-187500.015625,-187500.015625,-187500.015625,-187500.015625,-187500.015625,-187500.015625,-187500.015625,-26415.4042969,0.0
-187500.015625,-187500.015625,-187500.015625,-187500.015625,-187500.015625,-187500.015625,-187500.015625,-26341.9785156,0.0
-187500.015625,-187500.015625,-187500.015625,-187500.015625,-187500.015625,-187500.015625,-187500.015625,-26441.6894531,0.0
-187500.015625,-187500.015625,-187500.015625,-187500.015625,-187500.015625,-187500.015625,-187500.015625,-26527.765625,0.0
-187500.015625,-187500.015625,-187500.015625,-187500.015625,-187500.015625,-187500.015625,-187500.015625,-26439.0507812,0.0
-187500.015625,-187500.015625,-187500.015625,-187500.015625,-187500.015625,-187500.015625,-187500.015625,-26340.8164062,0.0
-187500.015625,-187500.015625,-187500.015625,-187500.015625,-187500.015625,-187500.015625,-187500.015625,-26420.9023438,0.0
-187500.015625,-187500.015625,-187500.015625,-187500.015625,-187500.015625,-187500.015625,-187500.015625,-26531.2304688,0.0
-187500.015625,-187500.015625,-187500.015625,-187500.015625,-187500.015625,-187500.015625,-187500.015625,-26467.7285156,0.0
-187500.015625,-187500.015625,-187500.015625,-187500.015625,-187500.015625,-187500.015625,-187500.015625,-26350.515625,0.0
-187500.015625,-187500.015625,-187500.015625,-187500.015625,-187500.015625,-187500.015625,-187500.015625,-26403.6464844,0.0
-187500.015625,-187500.015625,-187500.015625,-187500.015625,-187500.015625,-187500.015625,-187500.015625,-26529.4199219,0.0
-187500.015625,-187500.015625,-187500.015625,-187500.015625,-187500.015625,-187500.015625,-187500.015625,-26497.1445312,0.0
-187500.015625,-187500.015625,-187500.015625,-187500.015625,-187500.015625,-187500.015625,-187500.015625,-26373.6289062,0.0
-187500.015625,-187500.015625,-187500.015625,-187500.015625,-187500.015625,-187500.015625,-187500.015625,-26390.3476562,0.0
-187500.015625,-187500.015625,-187500.015625,-187500.015625,-187500.015625,-187500.015625,-187500.015625,-26515.5839844,0.0
-187500.015625,-187500.015625,-187500.015625,-187500.015625,-187500.015625,-187500.015625,-187500.015625,-26511.1367188,0.0
-187500.015625,-187500.015625,-187500.015625,-187500.015625,-187500.015625,-187500.015625,-187500.015625,-26383.1269531,0.0
-187500.015625,-187500.015625,-187500.015625,-187500.015625,-187500.015625,-187500.015625,-187500.015625,-26364.1289062,0.0
-187500.015625,-187500.015625,-187500.015625,-187500.015625,-187500.015625,-187500.015625,-187500.015625,-26490.125,0.0
-187500.015625,-187500.015625,-187500.015625,-187500.015625,-187500.015625,-187500.015625,-187500.015625,-26519.5175781,0.0
-187500.015625,-187500.015625,-187500.015625,-187500.015625,-187500.015625,-187500.015625,-187500.015625,-26390.9726562,0.0
-187500.015625,-187500.015625,-187500.015625,-187500.015625,-187500.015625,-187500.015625,-187500.015625,-26340.2128906,0.0
-187500.015625,-187500.015625,-187500.015625,-187500.015625,-187500.015625,-187500.015625,-187500.015625,-26458.3417969,0.0
-187500.015625,-187500.015625,-187500.015625,-187500.015625,-187500.015625,-187500.015625,-187500.015625,-26521.171875,0.0
-187500.015625,-187500.015625,-187500.015625,-187500.015625,-187500.015625,-187500.015625,-187500.015625,-26409.3007812,0.0
-187500.015625,-187500.015625,-187500.015625,-187500.015625,-187500.015625,-187500.015625,-187500.015625,-26329.4394531,0.0
-187500.015625,-187500.015625,-187500.015625,-187500.015625,-187500.015625,-187500.015625,-187500.015625,-26427.6738281,0.0
-187500.015625,-187500.015625,-187500.015625,-187500.015625,-187500.015625,-187500.015625,-187500.015625,-26516.8359375,0.0
-187500.015625,-187500.015625,-187500.015625,-187500.015625,-187500.015625,-187500.015625,-187500.015625,-26432.7929688,0.0
-187500.015625,-187500.015625,-187500.015625,-187500.015625,-187500.015625,-187500.015625,-187500.015625,-26336.6132812,0.0
-187500.015625,-187500.015625,-187500.015625,-187500.015625,-187500.015625,-187500.015625,-187500.015625,-26411.625,0.0
-187500.015625,-187500.015625,-187500.015625,-187500.015625,-187500.015625,-187500.015625,-187500.015625,-26525.4628906,0.0
-187500.015625,-187500.015625,-187500.015625,-187500.015625,-187500.015625,-187500.015625,-187500.015625,-26458.6757812,0.0
-187500.015625,-187500.015625,-187500.015625,-187500.015625,-187500.015625,-187500.015625,-187500.015625,-26340.6816406,0.0
-187500.015625,-187500.015625,-187500.015625,-187500.015625,-187500.015625,-187500.015625,-187500.015625,-26393.5878906,0.0
-187500.015625,-187500.015625,-187500.015625,-187500.015625,-187500.015625,-187500.015625,-187500.015625,-26520.0761719,0.0
-187500.015625,-187500.015625,-187500.015625,-187500.015625,-187500.015625,-187500.015625,-187500.015625,-26487.3984375,0.0
-187500.015625,-187500.015625,-187500.015625,-187500.015625,-187500.015625,-187500.015625,-187500.015625,-26354.4941406,0.0
-187500.015625,-187500.015625,-187500.015625,-187500.015625,-187500.015625,-187500.015625,-187500.015625,-26370.1191406,0.0
-187500.015625,-187500.015625,-187500.015625,-187500.015625,-187500.015625,-187500.015625,-187500.015625,-26500.25,0.0
-187500.015625,-187500.015625,-187500.015625,-187500.015625,-187500.015625,-187500.015625,-187500.015625,-26507.3359375,0.0
-187500.015625,-187500.015625,-187500.015625,-187500.015625,-187500.015625,-187500.015625,-187500.015625,-26377.3378906,0.0
-187500.015625,-187500.015625,-187500.015625,-187500.015625,-187500.015625,-187500.015625,-187500.015625,-26359.5683594,0.0
-187500.015625,-187500.015625,-187500.015625,-187500.015625,-187500.015625,-187500.015625,-187500.015625,-26492.0917969,0.0
-187500.015625,-187500.015625,-187500.015625,-187500.015625,-187500.015625,-187500.015625,-187500.015625,-26528.6367188,0.0
-187500.015625,-187500.015625,-187500.015625,-187500.015625,-187500.015625,-187500.015625,-187500.015625,-26405.3671875,0.0
-187500.015625,-187500.015625,-187500.015625,-187500.015625,-187500.015625,-187500.015625,-187500.015625,-26346.8730469,0.0
-187500.015625,-187500.015625,-187500.015625,-187500.015625,-187500.015625,-187500.015625,-187500.015625,-26461.0449219,0.0
-187500.015625,-187500.015625,-187500.015625,-187500.015625,-187500.015625,-187500.015625,-187500.015625,-26533.1972656,0.0
-187500.015625,-187500.015625,-187500.015625,-187500.015625,-187500.015625,-187500.015625,-187500.015625,-26428.2324219,0.0
-187500.015625,-187500.015625,-187500.015625,-187500.015625,-187500.015625,-187500.015625,-187500.015625,-26350.0917969,0.0
-187500.015625,-187500.015625,-187500.015625,-187500.015625,-187500.015625,-187500.015625,-187500.015625,-26445.421875,0.0
-187500.015625,-187500.015625,-187500.015625,-187500.015625,-187500.015625,-187500.015625,-187500.015625,-26541.8476562,0.0
-187500.015625,-187500.015625,-187500.015625,-187500.015625,-187500.015625,-187500.015625,-187500.015625,-26458.9003906,0.0
-187500.015625,-187500.015625,-187500.015625,-187500.015625,-187500.015625,-187500.015625,-187500.015625,-26354.2929688,0.0
-187500.015625,-187500.015625,-187500.015625,-187500.015625,-187500.015625,-187500.015625,-187500.015625,-26421.9082031,0.0
-187500.015625,-187500.015625,-187500.015625,-187500.015625,-187500.015625,-187500.015625,-187500.015625,-26535.8339844,0.0
-187500.015625,-187500.015625,-187500.015625,-187500.015625,-187500.015625,-187500.015625,-187500.015625,-26478.6816406,0.0
-187500.015625,-187500.015625,-187500.015625,-187500.015625,-187500.015625,-187500.015625,-187500.015625,-26354.5175781,0.0
-187500.015625,-187500.015625,-187500.015625,-187500.015625,-187500.015625,-187500.015625,-187500.015625,-26388.0,0.0
-187500.015625,-187500.015625,-187500.015625,-187500.015625,-187500.015625,-187500.015625,-187500.015625,-26511.3808594,0.0
-187500.015625,-187500.015625,-187500.015625,-187500.015625,-187500.015625,-187500.015625,-187500.015625,-26487.9121094,0.0
-187500.015625,-187500.015625,-187500.015625,-187500.015625,-187500.015625,-187500.015625,-187500.015625,-26358.4511719,0.0
-187500.015625,-187500.015625,-187500.015625,-187500.015625,-187500.015625,-187500.015625,-187500.015625,-26368.6425781,0.0
-187500.015625,-187500.015625,-187500.015625,-187500.015625,-187500.015625,-187500.015625,-187500.015625,-26500.0488281,0.0
-187500.015625,-187500.015625,-187500.015625,-187500.015625,-187500.015625,-187500.015625,-187500.015625,-26505.078125,0.0
-187500.015625,-187500.015625,-187500.015625,-187500.015625,-187500.015625,-187500.015625,-187500.015625,-26378.4550781,0.0
-187500.015625,-187500.015625,-187500.015625,-187500.015625,-187500.015625,-187500.015625,-187500.015625,-26354.6074219,0.0
-187500.015625,-187500.015625,-187500.015625,-187500.015625,-187500.015625,-187500.015625,-187500.015625,-26476.3339844,0.0
-187500.015625,-187500.015625,-187500.015625,-187500.015625,-187500.015625,-187500.015625,-187500.015625,-26517.2148438,0.0
-187500.015625,-187500.015625,-187500.015625,-187500.015625,-187500.015625,-187500.015625,-187500.015625,-26402.0371094,0.0
-187500.015625,-187500.015625,-187500.015625,-187500.015625,-187500.015625,-187500.015625,-187500.015625,-26344.8164062,0.0
-187500.015625,-187500.015625,-187500.015625,-187500.015625,-187500.015625,-187500.015625,-187500.015625,-26460.1738281,0.0
-187500.015625,-187500.015625,-187500.015625,-187500.015625,-187500.015625,-187500.015625,-187500.015625,-26527.8105469,0.0
-187500.015625,-187500.015625,-187500.015625,-187500.015625,-187500.015625,-187500.015625,-187500.015625,-26423.5839844,0.0
-187500.015625,-187500.015625,-187500.015625,-187500.015625,-187500.015625,-187500.015625,-187500.015625,-26345.3984375,0.0
-187500.015625,-187500.015625,-187500.015625,-187500.015625,-187500.015625,-187500.015625,-187500.015625,-26438.2011719,0.0
-187500.015625,-187500.015625,-187500.015625,-187500.015625,-187500.015625,-187500.015625,-187500.015625,-26529.9785156,0.0
-187500.015625,-187500.015625,-187500.015625,-187500.015625,-187500.015625,-187500.015625,-187500.015625,-26445.9140625,0.0
-187500.015625,-187500.015625,-187500.015625,-187500.015625,-187500.015625,-187500.015625,-187500.015625,-26331.5625,0.0
-187500.015625,-187500.015625,-187500.015625,-187500.015625,-187500.015625,-187500.015625,-187500.015625,-26397.4765625,0.0
-187500.015625,-187500.015625,-187500.015625,-187500.015625,-187500.015625,-187500.015625,-187500.015625,-26516.96875,0.0
-187500.015625,-187500.015625,-187500.015625,-187500.015625,-187500.015625,-187500.015625,-187500.015625,-26470.2089844,0.0
-187500.015625,-187500.015625,-187500.015625,-187500.015625,-187500.015625,-187500.015625,-187500.015625,-26354.9648438,0.0
-187500.015625,-187500.015625,-187500.015625,-187500.015625,-187500.015625,-187500.015625,-187500.015625,-26393.8125,0.0
-187500.015625,-187500.015625,-187500.015625,-187500.015625,-187500.015625,-187500.015625,-187500.015625,-26525.2851562,0.0
-187500.015625,-187500.015625,-187500.015625,-187500.015625,-187500.015625,-187500.015625,-187500.015625,-26510.8222656,0.0
-187500.015625,-187500.015625,-187500.015625,-187500.015625,-187500.015625,-187500.015625,-187500.015625,-26379.9765625,0.0
-187500.015625,-187500.015625,-187500.015625,-187500.015625,-187500.015625,-187500.015625,-187500.015625,-26378.4121094,0.0
-187500.015625,-187500.015625,-187500.015625,-187500.015625,-187500.015625,-187500.015625,-187500.015625,-26506.6875,0.0
-187500.015625,-187500.015625,-187500.015625,-187500.015625,-187500.015625,-187500.015625,-187500.015625,-26520.8144531,0.0
-187500.015625,-187500.015625,-187500.015625,-187500.015625,-187500.015625,-187500.015625,-187500.015625,-26391.6875,0.0
-187500.015625,-187500.015625,-187500.015625,-187500.015625,-187500.015625,-187500.015625,-187500.015625,-26357.3339844,0.0
-187500.015625,-187500.015625,-187500.015625,-187500.015625,-187500.015625,-187500.015625,-187500.015625,-26478.6816406,0.0
-187500.015625,-187500.015625,-187500.015625,-187500.015625,-187500.015625,-187500.015625,-187500.015625,-26526.1347656,0.0
-187500.015625,-187500.015625,-187500.015625,-187500.015625,-187500.015625,-187500.015625,-187500.015625,-26412.7441406,0.0
-187500.015625,-187500.015625,-187500.015625,-187500.015625,-187500.015625,-187500.015625,-187500.015625,-26349.0410156,0.0
-187500.015625,-187500.015625,-187500.015625,-187500.015625,-187500.015625,-187500.015625,-187500.015625,-26456.4863281,0.0
-187500.015625,-187500.015625,-187500.015625,-187500.015625,-187500.015625,-187500.015625,-187500.015625,-26527.2519531,0.0
-187500.015625,-187500.015625,-187500.015625,-187500.015625,-187500.015625,-187500.015625,-187500.015625,-26429.0605469,0.0
-187500.015625,-187500.015625,-187500.015625,-187500.015625,-187500.015625,-187500.015625,-187500.015625,-26339.6523438,0.0
-187500.015625,-187500.015625,-187500.015625,-187500.015625,-187500.015625,-187500.015625,-187500.015625,-26428.1660156,0.0
-187500.015625,-187500.015625,-187500.015625,-187500.015625,-187500.015625,-187500.015625,-187500.015625,-26525.7539062,0.0
-187500.015625,-187500.015625,-187500.015625,-187500.015625,-187500.015625,-187500.015625,-187500.015625,-26453.0878906,0.0
-187500.015625,-187500.015625,-187500.015625,-187500.015625,-187500.015625,-187500.015625,-187500.015625,-26335.3613281,0.0
-187500.015625,-187500.015625,-187500.015625,-187500.015625,-187500.015625,-187500.015625,-187500.015625,-26394.6386719,0.0
-187500.015625,-187500.015625,-187500.015625,-187500.015625,-187500.015625,-187500.015625,-187500.015625,-26515.5605469,0.0
-187500.015625,-187500.015625,-187500.015625,-187500.015625,-187500.015625,-187500.015625,-187500.015625,-26472.9375,0.0
-187500.015625,-187500.015625,-187500.015625,-187500.015625,-187500.015625,-187500.015625,-187500.015625,-26351.3203125,0.0
-187500.015625,-187500.015625,-187500.015625,-187500.015625,-187500.015625,-187500.015625,-187500.015625,-26381.3164062,0.0
-187500.015625,-187500.015625,-187500.015625,-187500.015625,-187500.015625,-187500.015625,-187500.015625,-26509.0800781,0.0
-187500.015625,-187500.015625,-187500.015625,-187500.015625,-187500.015625,-187500.015625,-187500.015625,-26493.4101562,0.0
-187500.015625,-187500.015625,-187500.015625,-187500.015625,-187500.015625,-187500.015625,-187500.015625,-26363.5703125,0.0
-187500.015625,-187500.015625,-187500.015625,-187500.015625,-187500.015625,-187500.015625,-187500.015625,-26360.2617188,0.0
-187500.015625,-187500.015625,-187500.015625,-187500.015625,-187500.015625,-187500.015625,-187500.015625,-26490.8183594,0.0
-187500.015625,-187500.015625,-187500.015625,-187500.015625,-187500.015625,-187500.015625,-187500.015625,-26509.7714844,0.0
-187500.015625,-187500.015625,-187500.015625,-187500.015625,-187500.015625,-187500.015625,-187500.015625,-26384.5136719,0.0
-187500.015625,-187500.015625,-187500.015625,-187500.015625,-187500.015625,-187500.015625,-187500.015625,-26350.7402344,0.0
-187500.015625,-187500.015625,-187500.015625,-187500.015625,-187500.015625,-187500.015625,-187500.015625,-26470.3671875,0.0
-187500.015625,-187500.015625,-187500.015625,-187500.015625,-187500.015625,-187500.015625,-187500.015625,-26530.8730469,0.0
-187500.015625,-187500.015625,-187500.015625,-187500.015625,-187500.015625,-187500.015625,-187500.015625,-26416.6328125,0.0
-187500.015625,-187500.015625,-187500.015625,-187500.015625,-187500.015625,-187500.015625,-187500.015625,-26349.5546875,0.0
-187500.015625,-187500.015625,-187500.015625,-187500.015625,-187500.015625,-187500.015625,-187500.015625,-26455.2109375,0.0
-187500.015625,-187500.015625,-187500.015625,-187500.015625,-187500.015625,-187500.015625,-187500.015625,-26537.0410156,0.0
-187500.015625,-187500.015625,-187500.015625,-187500.015625,-187500.015625,-187500.015625,-187500.015625,-26436.8828125,0.0
-187500.015625,-187500.015625,-187500.015625,-187500.015625,-187500.015625,-187500.015625,-187500.015625,-26344.0117188,0.0
-187500.015625,-187500.015625,-187500.015625,-187500.015625,-187500.015625,-187500.015625,-187500.015625,-26431.8984375,0.0
-187500.015625,-187500.015625,-187500.015625,-187500.015625,-187500.015625,-187500.015625,-187500.015625,-26532.4140625,0.0
-187500.015625,-187500.015625,-187500.015625,-187500.015625,-187500.015625,-187500.015625,-187500.015625,-26467.0136719,0.0
-187500.015625,-187500.015625,-187500.015625,-187500.015625,-187500.015625,-187500.015625,-187500.015625,-26356.8632812,0.0
-187500.015625,-187500.015625,-187500.015625,-187500.015625,-187500.015625,-187500.015625,-187500.015625,-26411.9394531,0.0
-187500.015625,-187500.015625,-187500.015625,-187500.015625,-187500.015625,-187500.015625,-187500.015625,-26534.0683594,0.0
-187500.015625,-187500.015625,-187500.015625,-187500.015625,-187500.015625,-187500.015625,-187500.015625,-26484.8730469,0.0
-187500.015625,-187500.015625,-187500.015625,-187500.015625,-187500.015625,-187500.015625,-187500.015625,-26356.1933594,0.0
-187500.015625,-187500.015625,-187500.015625,-187500.015625,-187500.015625,-187500.015625,-187500.015625,-26377.4492188,0.0
-187500.015625,-187500.015625,-187500.015625,-187500.015625,-187500.015625,-187500.015625,-187500.015625,-26506.21875,0.0
-187500.015625,-187500.015625,-187500.015625,-187500.015625,-187500.015625,-187500.015625,-187500.015625,-26496.8300781,0.0
-187500.015625,-187500.015625,-187500.015625,-187500.015625,-187500.015625,-187500.015625,-187500.015625,-26365.5136719,0.0
-187500.015625,-187500.015625,-187500.015625,-187500.015625,-187500.015625,-187500.015625,-187500.015625,-26355.1425781,0.0
-187500.015625,-187500.015625,-187500.015625,-187500.015625,-187500.015625,-187500.015625,-187500.015625,-26483.375,0.0
-187500.015625,-187500.015625,-187500.015625,-187500.015625,-187500.015625,-187500.015625,-187500.015625,-26511.2695312,0.0
-187500.015625,-187500.015625,-187500.015625,-187500.015625,-187500.015625,-187500.015625,-187500.015625,-26386.078125,0.0
-187500.015625,-187500.015625,-187500.015625,-187500.015625,-187500.015625,-187500.015625,-187500.015625,-26346.4707031,0.0
-187500.015625,-187500.015625,-187500.015625,-187500.015625,-187500.015625,-187500.015625,-187500.015625,-26464.5097656,0.0
-187500.015625,-187500.015625,-187500.015625,-187500.015625,-187500.015625,-187500.015625,-187500.015625,-26524.8144531,0.0
-187500.015625,-187500.015625,-187500.015625,-187500.015625,-187500.015625,-187500.015625,-187500.015625,-26411.6933594,0.0
-187500.015625,-187500.015625,-187500.015625,-187500.015625,-187500.015625,-187500.015625,-187500.015625,-26339.4511719,0.0
-187500.015625,-187500.015625,-187500.015625,-187500.015625,-187500.015625,-187500.015625,-187500.015625,-26444.8847656,0.0
-187500.015625,-187500.015625,-187500.015625,-187500.015625,-187500.015625,-187500.015625,-187500.015625,-26531.3867188,0.0
-187500.015625,-187500.015625,-187500.015625,-187500.015625,-187500.015625,-187500.015625,-187500.015625,-26439.2753906,0.0
-187500.015625,-187500.015625,-187500.015625,-187500.015625,-187500.015625,-187500.015625,-187500.015625,-26344.1914062,0.0
-187500.015625,-187500.015625,-187500.015625,-187500.015625,-187500.015625,-187500.015625,-187500.015625,-26424.4335938,0.0
-187500.015625,-187500.015625,-187500.015625,-187500.015625,-187500.015625,-187500.015625,-187500.015625,-26530.4472656,0.0
-187500.015625,-187500.015625,-187500.015625,-187500.015625,-187500.015625,-187500.015625,-187500.015625,-26465.7617188,0.0
-187500.015625,-187500.015625,-187500.015625,-187500.015625,-187500.015625,-187500.015625,-187500.015625,-26345.6875,0.0
-187500.015625,-187500.015625,-187500.015625,-187500.015625,-187500.015625,-187500.015625,-187500.015625,-26393.140625,0.0
-187500.015625,-187500.015625,-187500.015625,-187500.015625,-187500.015625,-187500.015625,-187500.015625,-26516.9472656,0.0
-187500.015625,-187500.015625,-187500.015625,-187500.015625,-187500.015625,-187500.015625,-187500.015625,-26487.5546875,0.0
-187500.015625,-187500.015625,-187500.015625,-187500.015625,-187500.015625,-187500.015625,-187500.015625,-26364.3300781,0.0
-187500.015625,-187500.015625,-187500.015625,-187500.015625,-187500.015625,-187500.015625,-187500.015625,-26381.6972656,0.0
-187500.015625,-187500.015625,-187500.015625,-187500.015625,-187500.015625,-187500.015625,-187500.015625,-26518.0878906,0.0
-187500.015625,-187500.015625,-187500.015625,-187500.015625,-187500.015625,-187500.015625,-187500.015625,-26514.8242188,0.0
-187500.015625,-187500.015625,-187500.015625,-187500.015625,-187500.015625,-187500.015625,-187500.015625,-26388.8945312,0.0
-187500.015625,-187500.015625,-187500.015625,-187500.015625,-187500.015625,-187500.015625,-187500.015625,-26373.4042969,0.0
-187500.015625,-187500.015625,-187500.015625,-187500.015625,-187500.015625,-187500.015625,-187500.015625,-26496.8535156,0.0
-187500.015625,-187500.015625,-187500.015625,-187500.015625,-187500.015625,-187500.015625,-187500.015625,-26525.3964844,0.0
-187500.015625,-187500.015625,-187500.015625,-187500.015625,-187500.015625,-187500.015625,-187500.015625,-26404.09375,0.0
-187500.015625,-187500.015625,-187500.015625,-187500.015625,-187500.015625,-187500.015625,-187500.015625,-26351.9023438,0.0
-187500.015625,-187500.015625,-187500.015625,-187500.015625,-187500.015625,-187500.015625,-187500.015625,-26468.6679688,0.0
-187500.015625,-187500.015625,-187500.015625,-187500.015625,-187500.015625,-187500.015625,-187500.015625,-26532.5703125,0.0
-187500.015625,-187500.015625,-187500.015625,-187500.015625,-187500.015625,-187500.015625,-187500.015625,-26418.7558594,0.0
-187500.015625,-187500.015625,-187500.015625,-187500.015625,-187500.015625,-187500.015625,-187500.015625,-26337.1953125,0.0
-187500.015625,-187500.015625,-187500.015625,-187500.015625,-187500.015625,-187500.015625,-187500.015625,-26436.0117188,0.0
-187500.015625,-187500.015625,-187500.015625,-187500.015625,-187500.015625,-187500.015625,-187500.015625,-26521.5078125,0.0
-187500.015625,-187500.015625,-187500.015625,-187500.015625,-187500.015625,-187500.015625,-187500.015625,-26436.1230469,0.0
-187500.015625,-187500.015625,-187500.015625,-187500.015625,-187500.015625,-187500.015625,-187500.015625,-26339.1171875,0.0
-187500.015625,-187500.015625,-187500.015625,-187500.015625,-187500.015625,-187500.015625,-187500.015625,-26412.4296875,0.0
-187500.015625,-187500.015625,-187500.015625,-187500.015625,-187500.015625,-187500.015625,-187500.015625,-26516.3222656,0.0
-187500.015625,-187500.015625,-187500.015625,-187500.015625,-187500.015625,-187500.015625,-187500.015625,-26454.8984375,0.0
-187500.015625,-187500.015625,-187500.015625,-187500.015625,-187500.015625,-187500.015625,-187500.015625,-26338.9824219,0.0
-187500.015625,-187500.015625,-187500.015625,-187500.015625,-187500.015625,-187500.015625,-187500.015625,-26388.2460938,0.0
-187500.015625,-187500.015625,-187500.015625,-187500.015625,-187500.015625,-187500.015625,-187500.015625,-26513.4609375,0.0
-187500.015625,-187500.015625,-187500.015625,-187500.015625,-187500.015625,-187500.015625,-187500.015625,-26485.7226562,0.0
-187500.015625,-187500.015625,-187500.015625,-187500.015625,-187500.015625,-187500.015625,-187500.015625,-26361.9375,0.0
-187500.015625,-187500.015625,-187500.015625,-187500.015625,-187500.015625,-187500.015625,-187500.015625,-26372.1074219,0.0
-187500.015625,-187500.015625,-187500.015625,-187500.015625,-187500.015625,-187500.015625,-187500.015625,-26497.9921875,0.0
-187500.015625,-187500.015625,-187500.015625,-187500.015625,-187500.015625,-187500.015625,-187500.015625,-26502.2617188,0.0
-187500.015625,-187500.015625,-187500.015625,-187500.015625,-187500.015625,-187500.015625,-187500.015625,-26377.6738281,0.0
-187500.015625,-187500.015625,-187500.015625,-187500.015625,-187500.015625,-187500.015625,-187500.015625,-26358.8320312,0.0
-187500.015625,-187500.015625,-187500.015625,-187500.015625,-187500.015625,-187500.015625,-187500.015625,-26482.390625,0.0
-187500.015625,-187500.015625,-187500.015625,-187500.015625,-187500.015625,-187500.015625,-187500.015625,-26523.1601562,0.0
-187500.015625,-187500.015625,-187500.015625,-187500.015625,-187500.015625,-187500.015625,-187500.015625,-26401.6132812,0.0
-187500.015625,-187500.015625,-187500.015625,-187500.015625,-187500.015625,-187500.015625,-187500.015625,-26349.6660156,0.0
-187500.015625,-187500.015625,-187500.015625,-187500.015625,-187500.015625,-187500.015625,-187500.015625,-26461.6484375,0.0
-187500.015625,-187500.015625,-187500.015625,-187500.015625,-187500.015625,-187500.015625,-187500.015625,-26531.6777344,0.0
-187500.015625,-187500.015625,-187500.015625,-187500.015625,-187500.015625,-187500.015625,-187500.015625,-26435.5429688,0.0
-187500.015625,-187500.015625,-187500.015625,-187500.015625,-187500.015625,-187500.015625,-187500.015625,-26347.7441406,0.0
-187500.015625,-187500.015625,-187500.015625,-187500.015625,-187500.015625,-187500.015625,-187500.015625,-26438.9179688,0.0
-187500.015625,-187500.015625,-187500.015625,-187500.015625,-187500.015625,-187500.015625,-187500.015625,-26535.5214844,0.0
-187500.015625,-187500.015625,-187500.015625,-187500.015625,-187500.015625,-187500.015625,-187500.015625,-26459.7929688,0.0
-187500.015625,-187500.015625,-187500.015625,-187500.015625,-187500.015625,-187500.015625,-187500.015625,-26358.5625,0.0
-187500.015625,-187500.015625,-187500.015625,-187500.015625,-187500.015625,-187500.015625,-187500.015625,-26431.09375,0.0
-187500.015625,-187500.015625,-187500.015625,-187500.015625,-187500.015625,-187500.015625,-187500.015625,-26556.3535156,0.0
-187500.015625,-187500.015625,-187500.015625,-187500.015625,-187500.015625,-187500.015625,-187500.015625,-26504.7871094,0.0
-187500.015625,-187500.015625,-187500.015625,-187500.015625,-187500.015625,-187500.015625,-187500.015625,-26384.8261719,0.0
-187500.015625,-187500.015625,-187500.015625,-187500.015625,-187500.015625,-187500.015625,-187500.015625,-26420.6328125,0.0
-187500.015625,-187500.015625,-187500.015625,-187500.015625,-187500.015625,-187500.015625,-187500.015625,-26539.03125,0.0
-187500.015625,-187500.015625,-187500.015625,-187500.015625,-187500.015625,-187500.015625,-187500.015625,-26510.1308594,0.0
-187500.015625,-187500.015625,-187500.015625,-187500.015625,-187500.015625,-187500.015625,-187500.015625,-26383.1503906,0.0
-187500.015625,-187500.015625,-187500.015625,-187500.015625,-187500.015625,-187500.015625,-187500.015625,-26383.9101562,0.0
-187500.015625,-187500.015625,-187500.015625,-187500.015625,-187500.015625,-187500.015625,-187500.015625,-26505.9511719,0.0
-187500.015625,-187500.015625,-187500.015625,-187500.015625,-187500.015625,-187500.015625,-187500.015625,-26514.7792969,0.0
-187500.015625,-187500.015625,-187500.015625,-187500.015625,-187500.015625,-187500.015625,-187500.015625,-26390.1464844,0.0
-187500.015625,-187500.015625,-187500.015625,-187500.015625,-187500.015625,-187500.015625,-187500.015625,-26360.5078125,0.0
-187500.015625,-187500.015625,-187500.015625,-187500.015625,-187500.015625,-187500.015625,-187500.015625,-26488.1132812,0.0
-187500.015625,-187500.015625,-187500.015625,-187500.015625,-187500.015625,-187500.015625,-187500.015625,-26534.9179688,0.0
-187500.015625,-187500.015625,-187500.015625,-187500.015625,-187500.015625,-187500.015625,-187500.015625,-26407.5800781,0.0
-187500.015625,-187500.015625,-187500.015625,-187500.015625,-187500.015625,-187500.015625,-187500.015625,-26348.5039062,0.0
-187500.015625,-187500.015625,-187500.015625,-187500.015625,-187500.015625,-187500.015625,-187500.015625,-26462.7226562,0.0
-187500.015625,-187500.015625,-187500.015625,-187500.015625,-187500.015625,-187500.015625,-187500.015625,-26537.4667969,0.0
-187500.015625,-187500.015625,-187500.015625,-187500.015625,-187500.015625,-187500.015625,-187500.015625,-26435.9902344,0.0
-187500.015625,-187500.015625,-187500.015625,-187500.015625,-187500.015625,-187500.015625,-187500.015625,-26347.8339844,0.0
-187500.015625,-187500.015625,-187500.015625,-187500.015625,-187500.015625,-187500.015625,-187500.015625,-26435.453125,0.0
-187500.015625,-187500.015625,-187500.015625,-187500.015625,-187500.015625,-187500.015625,-187500.015625,-26530.7167969,0.0
-187500.015625,-187500.015625,-187500.015625,-187500.015625,-187500.015625,-187500.015625,-187500.015625,-26451.2109375,0.0
-187500.015625,-187500.015625,-187500.015625,-187500.015625,-187500.015625,-187500.015625,-187500.015625,-26343.0722656,0.0
-187500.015625,-187500.015625,-187500.015625,-187500.015625,-187500.015625,-187500.015625,-187500.015625,-26407.3574219,0.0
-187500.015625,-187500.015625,-187500.015625,-187500.015625,-187500.015625,-187500.015625,-187500.015625,-26518.109375,0.0
-187500.015625,-187500.015625,-187500.015625,-187500.015625,-187500.015625,-187500.015625,-187500.015625,-26468.5117188,0.0
-187500.015625,-187500.015625,-187500.015625,-187500.015625,-187500.015625,-187500.015625,-187500.015625,-26346.203125,0.0
-187500.015625,-187500.015625,-187500.015625,-187500.015625,-187500.015625,-187500.015625,-187500.015625,-26377.40625,0.0
-187500.015625,-187500.015625,-187500.015625,-187500.015625,-187500.015625,-187500.015625,-187500.015625,-26506.7324219,0.0
-187500.015625,-187500.015625,-187500.015625,-187500.015625,-187500.015625,-187500.015625,-187500.015625,-26492.3613281,0.0
-187500.015625,-187500.015625,-187500.015625,-187500.015625,-187500.015625,-187500.015625,-187500.015625,-26366.0957031,0.0
-187500.015625,-187500.015625,-187500.015625,-187500.015625,-187500.015625,-187500.015625,-187500.015625,-26366.6542969,0.0
-187500.015625,-187500.015625,-187500.015625,-187500.015625,-187500.015625,-187500.015625,-187500.015625,-26499.1992188,0.0
-187500.015625,-187500.015625,-187500.015625,-187500.015625,-187500.015625,-187500.015625,-187500.015625,-26518.9140625,0.0
-187500.015625,-187500.015625,-187500.015625,-187500.015625,-187500.015625,-187500.015625,-187500.015625,-26389.7890625,0.0
-187500.015625,-187500.015625,-187500.015625,-187500.015625,-187500.015625,-187500.015625,-187500.015625,-26364.375,0.0
-187500.015625,-187500.015625,-187500.015625,-187500.015625,-187500.015625,-187500.015625,-187500.015625,-26487.890625,0.0
-187500.015625,-187500.015625,-187500.015625,-187500.015625,-187500.015625,-187500.015625,-187500.015625,-26535.9023438,0.0
-187500.015625,-187500.015625,-187500.015625,-187500.015625,-187500.015625,-187500.015625,-187500.015625,-26417.0351562,0.0
-187500.015625,-187500.015625,-187500.015625,-187500.015625,-187500.015625,-187500.015625,-187500.015625,-26355.8359375,0.0
-187500.015625,-187500.015625,-187500.015625,-187500.015625,-187500.015625,-187500.015625,-187500.015625,-26461.2011719,0.0
-187500.015625,-187500.015625,-187500.015625,-187500.015625,-187500.015625,-187500.015625,-187500.015625,-26535.1191406,0.0
-187500.015625,-187500.015625,-187500.015625,-187500.015625,-187500.015625,-187500.015625,-187500.015625,-26430.9160156,0.0
-187500.015625,-187500.015625,-187500.015625,-187500.015625,-187500.015625,-187500.015625,-187500.015625,-26344.4140625,0.0
-187500.015625,-187500.015625,-187500.015625,-187500.015625,-187500.015625,-187500.015625,-187500.015625,-26434.6699219,0.0
-187500.015625,-187500.015625,-187500.015625,-187500.015625,-187500.015625,-187500.015625,-187500.015625,-26531.4980469,0.0
-187500.015625,-187500.015625,-187500.015625,-187500.015625,-187500.015625,-187500.015625,-187500.015625,-26460.9121094,0.0
-187500.015625,-187500.015625,-187500.015625,-187500.015625,-187500.015625,-187500.015625,-187500.015625,-26350.1816406,0.0
-187500.015625,-187500.015625,-187500.015625,-187500.015625,-187500.015625,-187500.015625,-187500.015625,-26408.0058594,0.0
-187500.015625,-187500.015625,-187500.015625,-187500.015625,-187500.015625,-187500.015625,-187500.015625,-26524.2792969,0.0
-187500.015625,-187500.015625,-187500.015625,-187500.015625,-187500.015625,-187500.015625,-187500.015625,-26476.8476562,0.0
-187500.015625,-187500.015625,-187500.015625,-187500.015625,-187500.015625,-187500.015625,-187500.015625,-26349.8007812,0.0
-187500.015625,-187500.015625,-187500.015625,-187500.015625,-187500.015625,-187500.015625,-187500.015625,-26381.4511719,0.0
-187500.015625,-187500.015625,-187500.015625,-187500.015625,-187500.015625,-187500.015625,-187500.015625,-26508.9003906,0.0
-187500.015625,-187500.015625,-187500.015625,-187500.015625,-187500.015625,-187500.015625,-187500.015625,-26493.03125,0.0
-187500.015625,-187500.015625,-187500.015625,-187500.015625,-187500.015625,-187500.015625,-187500.015625,-26363.0332031,0.0
-187500.015625,-187500.015625,-187500.015625,-187500.015625,-187500.015625,-187500.015625,-187500.015625,-26357.0878906,0.0
-187500.015625,-187500.015625,-187500.015625,-187500.015625,-187500.015625,-187500.015625,-187500.015625,-26489.3652344,0.0
-187500.015625,-187500.015625,-187500.015625,-187500.015625,-187500.015625,-187500.015625,-187500.015625,-26509.1914062,0.0
-187500.015625,-187500.015625,-187500.015625,-187500.015625,-187500.015625,-187500.015625,-187500.015625,-26383.2382812,0.0
-187500.015625,-187500.015625,-187500.015625,-187500.015625,-187500.015625,-187500.015625,-187500.015625,-26345.5546875,0.0
-187500.015625,-187500.015625,-187500.015625,-187500.015625,-187500.015625,-187500.015625,-187500.015625,-26474.4335938,0.0
-187500.015625,-187500.015625,-187500.015625,-187500.015625,-187500.015625,-187500.015625,-187500.015625,-26528.1015625,0.0
-187500.015625,-187500.015625,-187500.015625,-187500.015625,-187500.015625,-187500.015625,-187500.015625,-26415.1132812,0.0
-187500.015625,-187500.015625,-187500.015625,-187500.015625,-187500.015625,-187500.015625,-187500.015625,-26354.1367188,0.0
-187500.015625,-187500.015625,-187500.015625,-187500.015625,-187500.015625,-187500.015625,-187500.015625,-26462.3867188,0.0
-187500.015625,-187500.015625,-187500.015625,-187500.015625,-187500.015625,-187500.015625,-187500.015625,-26540.4394531,0.0
-187500.015625,-187500.015625,-187500.015625,-187500.015625,-187500.015625,-187500.015625,-187500.015625,-26438.1347656,0.0
-187500.015625,-187500.015625,-187500.015625,-187500.015625,-187500.015625,-187500.015625,-187500.015625,-26341.9785156,0.0
-187500.015625,-187500.015625,-187500.015625,-187500.015625,-187500.015625,-187500.015625,-187500.015625,-26426.0878906,0.0
-187500.015625,-187500.015625,-187500.015625,-187500.015625,-187500.015625,-187500.015625,-187500.015625,-26528.5488281,0.0
-187500.015625,-187500.015625,-187500.015625,-187500.015625,-187500.015625,-187500.015625,-187500.015625,-26459.3476562,0.0
-187500.015625,-187500.015625,-187500.015625,-187500.015625,-187500.015625,-187500.015625,-187500.015625,-26344.2578125,0.0
-187500.015625,-187500.015625,-187500.015625,-187500.015625,-187500.015625,-187500.015625,-187500.015625,-26399.0644531,0.0
-187500.015625,-187500.015625,-187500.015625,-187500.015625,-187500.015625,-187500.015625,-187500.015625,-26521.328125,0.0
-187500.015625,-187500.015625,-187500.015625,-187500.015625,-187500.015625,-187500.015625,-187500.015625,-26480.4023438,0.0
-187500.015625,-187500.015625,-187500.015625,-187500.015625,-187500.015625,-187500.015625,-187500.015625,-26353.4003906,0.0
-187500.015625,-187500.015625,-187500.015625,-187500.015625,-187500.015625,-187500.015625,-187500.015625,-26377.40625,0.0
-187500.015625,-187500.015625,-187500.015625,-187500.015625,-187500.015625,-187500.015625,-187500.015625,-26507.2460938,0.0
-187500.015625,-187500.015625,-187500.015625,-187500.015625,-187500.015625,-187500.015625,-187500.015625,-26503.7382812,0.0
-187500.015625,-187500.015625,-187500.015625,-187500.015625,-187500.015625,-187500.015625,-187500.015625,-26372.7792969,0.0
-187500.015625,-187500.015625,-187500.015625,-187500.015625,-187500.015625,-187500.015625,-187500.015625,-26359.5683594,0.0
-187500.015625,-187500.015625,-187500.015625,-187500.015625,-187500.015625,-187500.015625,-187500.015625,-26488.4042969,0.0
-187500.015625,-187500.015625,-187500.015625,-187500.015625,-187500.015625,-187500.015625,-187500.015625,-26511.4042969,0.0
-187500.015625,-187500.015625,-187500.015625,-187500.015625,-187500.015625,-187500.015625,-187500.015625,-26389.9003906,0.0
-187500.015625,-187500.015625,-187500.015625,-187500.015625,-187500.015625,-187500.015625,-187500.015625,-26345.5546875,0.0
-187500.015625,-187500.015625,-187500.015625,-187500.015625,-187500.015625,-187500.015625,-187500.015625,-26467.9296875,0.0
-187500.015625,-187500.015625,-187500.015625,-187500.015625,-187500.015625,-187500.015625,-187500.015625,-26523.6757812,0.0
-187500.015625,-187500.015625,-187500.015625,-187500.015625,-187500.015625,-187500.015625,-187500.015625,-26414.4863281,0.0
-187500.015625,-187500.015625,-187500.015625,-187500.015625,-187500.015625,-187500.015625,-187500.015625,-26339.5644531,0.0
-187500.015625,-187500.015625,-187500.015625,-187500.015625,-187500.015625,-187500.015625,-187500.015625,-26450.1152344,0.0
-187500.015625,-187500.015625,-187500.015625,-187500.015625,-187500.015625,-187500.015625,-187500.015625,-26537.4667969,0.0
-187500.015625,-187500.015625,-187500.015625,-187500.015625,-187500.015625,-187500.015625,-187500.015625,-26441.1308594,0.0
-187500.015625,-187500.015625,-187500.015625,-187500.015625,-187500.015625,-187500.015625,-187500.015625,-26343.5878906,0.0
-187500.015625,-187500.015625,-187500.015625,-187500.015625,-187500.015625,-187500.015625,-187500.015625,-26420.0742188,0.0
-187500.015625,-187500.015625,-187500.015625,-187500.015625,-187500.015625,-187500.015625,-187500.015625,-26525.4863281,0.0
-187500.015625,-187500.015625,-187500.015625,-187500.015625,-187500.015625,-187500.015625,-187500.015625,-26458.296875,0.0
-187500.015625,-187500.015625,-187500.015625,-187500.015625,-187500.015625,-187500.015625,-187500.015625,-26338.0214844,0.0
-187500.015625,-187500.015625,-187500.015625,-187500.015625,-187500.015625,-187500.015625,-187500.015625,-26389.9453125,0.0
-187500.015625,-187500.015625,-187500.015625,-187500.015625,-187500.015625,-187500.015625,-187500.015625,-26509.5703125,0.0
-187500.015625,-187500.015625,-187500.015625,-187500.015625,-187500.015625,-187500.015625,-187500.015625,-26479.5976562,0.0
-187500.015625,-187500.015625,-187500.015625,-187500.015625,-187500.015625,-187500.015625,-187500.015625,-26351.7910156,0.0
-187500.015625,-187500.015625,-187500.015625,-187500.015625,-187500.015625,-187500.015625,-187500.015625,-26369.6484375,0.0
-187500.015625,-187500.015625,-187500.015625,-187500.015625,-187500.015625,-187500.015625,-187500.015625,-26497.4121094,0.0
-187500.015625,-187500.015625,-187500.015625,-187500.015625,-187500.015625,-187500.015625,-187500.015625,-26503.8945312,0.0
-187500.015625,-187500.015625,-187500.015625,-187500.015625,-187500.015625,-187500.015625,-187500.015625,-26378.8144531,0.0
-187500.015625,-187500.015625,-187500.015625,-187500.015625,-187500.015625,-187500.015625,-187500.015625,-26363.859375,0.0
-187500.015625,-187500.015625,-187500.015625,-187500.015625,-187500.015625,-187500.015625,-187500.015625,-26493.5449219,0.0
-187500.015625,-187500.015625,-187500.015625,-187500.015625,-187500.015625,-187500.015625,-187500.015625,-26524.5917969,0.0
-187500.015625,-187500.015625,-187500.015625,-187500.015625,-187500.015625,-187500.015625,-187500.015625,-26405.3222656,0.0
-187500.015625,-187500.015625,-187500.015625,-187500.015625,-187500.015625,-187500.015625,-187500.015625,-26355.5683594,0.0
-187500.015625,-187500.015625,-187500.015625,-187500.015625,-187500.015625,-187500.015625,-187500.015625,-26471.2148438,0.0
-187500.015625,-187500.015625,-187500.015625,-187500.015625,-187500.015625,-187500.015625,-187500.015625,-26528.7265625,0.0
-187500.015625,-187500.015625,-187500.015625,-187500.015625,-187500.015625,-187500.015625,-187500.015625,-26420.9921875,0.0
-187500.015625,-187500.015625,-187500.015625,-187500.015625,-187500.015625,-187500.015625,-187500.015625,-26343.5195312,0.0
-187500.015625,-187500.015625,-187500.015625,-187500.015625,-187500.015625,-187500.015625,-187500.015625,-26444.7070312,0.0
-187500.015625,-187500.015625,-187500.015625,-187500.015625,-187500.015625,-187500.015625,-187500.015625,-26530.0234375,0.0
-187500.015625,-187500.015625,-187500.015625,-187500.015625,-187500.015625,-187500.015625,-187500.015625,-26442.8066406,0.0
-187500.015625,-187500.015625,-187500.015625,-187500.015625,-187500.015625,-187500.015625,-187500.015625,-26339.3398438,0.0
-187500.015625,-187500.015625,-187500.015625,-187500.015625,-187500.015625,-187500.015625,-187500.015625,-26407.1328125,0.0
-187500.015625,-187500.015625,-187500.015625,-187500.015625,-187500.015625,-187500.015625,-187500.015625,-26518.4667969,0.0
-187500.015625,-187500.015625,-187500.015625,-187500.015625,-187500.015625,-187500.015625,-187500.015625,-26461.5605469,0.0
-187500.015625,-187500.015625,-187500.015625,-187500.015625,-187500.015625,-187500.015625,-187500.015625,-26343.921875,0.0
-187500.015625,-187500.015625,-187500.015625,-187500.015625,-187500.015625,-187500.015625,-187500.015625,-26390.2792969,0.0
-187500.015625,-187500.015625,-187500.015625,-187500.015625,-187500.015625,-187500.015625,-187500.015625,-26518.421875,0.0
-187500.015625,-187500.015625,-187500.015625,-187500.015625,-187500.015625,-187500.015625,-187500.015625,-26484.8496094,0.0
-187500.015625,-187500.015625,-187500.015625,-187500.015625,-187500.015625,-187500.015625,-187500.015625,-26356.7753906,0.0
-187500.015625,-187500.015625,-187500.015625,-187500.015625,-187500.015625,-187500.015625,-187500.015625,-26365.6484375,0.0
-187500.015625,-187500.015625,-187500.015625,-187500.015625,-187500.015625,-187500.015625,-187500.015625,-26497.4785156,0.0
-187500.015625,-187500.015625,-187500.015625,-187500.015625,-187500.015625,-187500.015625,-187500.015625,-26500.5859375,0.0
-187500.015625,-187500.015625,-187500.015625,-187500.015625,-187500.015625,-187500.015625,-187500.015625,-26374.7675781,0.0
-187500.015625,-187500.015625,-187500.015625,-187500.015625,-187500.015625,-187500.015625,-187500.015625,-26348.7050781,0.0
-187500.015625,-187500.015625,-187500.015625,-187500.015625,-187500.015625,-187500.015625,-187500.015625,-26471.7070312,0.0
-187500.015625,-187500.015625,-187500.015625,-187500.015625,-187500.015625,-187500.015625,-187500.015625,-26511.9414062,0.0
-187500.015625,-187500.015625,-187500.015625,-187500.015625,-187500.015625,-187500.015625,-187500.015625,-26396.4941406,0.0
-187500.015625,-187500.015625,-187500.015625,-187500.015625,-187500.015625,-187500.015625,-187500.015625,-26343.7441406,0.0
-187500.015625,-187500.015625,-187500.015625,-187500.015625,-187500.015625,-187500.015625,-187500.015625,-26456.5527344,0.0
-187500.015625,-187500.015625,-187500.015625,-187500.015625,-187500.015625,-187500.015625,-187500.015625,-26527.3183594,0.0
-187500.015625,-187500.015625,-187500.015625,-187500.015625,-187500.015625,-187500.015625,-187500.015625,-26420.1191406,0.0
-187500.015625,-187500.015625,-187500.015625,-187500.015625,-187500.015625,-187500.015625,-187500.015625,-26337.8867188,0.0
-187500.015625,-187500.015625,-187500.015625,-187500.015625,-187500.015625,-187500.015625,-187500.015625,-26436.3925781,0.0
-187500.015625,-187500.015625,-187500.015625,-187500.015625,-187500.015625,-187500.015625,-187500.015625,-26529.9335938,0.0
-187500.015625,-187500.015625,-187500.015625,-187500.015625,-187500.015625,-187500.015625,-187500.015625,-26447.7246094,0.0
-187500.015625,-187500.015625,-187500.015625,-187500.015625,-187500.015625,-187500.015625,-187500.015625,-26338.4238281,0.0
-187500.015625,-187500.015625,-187500.015625,-187500.015625,-187500.015625,-187500.015625,-187500.015625,-26411.2460938,0.0
-187500.015625,-187500.015625,-187500.015625,-187500.015625,-187500.015625,-187500.015625,-187500.015625,-26525.9335938,0.0
-187500.015625,-187500.015625,-187500.015625,-187500.015625,-187500.015625,-187500.015625,-187500.015625,-26472.78125,0.0
-187500.015625,-187500.015625,-187500.015625,-187500.015625,-187500.015625,-187500.015625,-187500.015625,-26349.0859375,0.0
-187500.015625,-187500.015625,-187500.015625,-187500.015625,-187500.015625,-187500.015625,-187500.015625,-26385.9882812,0.0
-187500.015625,-187500.015625,-187500.015625,-187500.015625,-187500.015625,-187500.015625,-187500.015625,-26512.9023438,0.0
-187500.015625,-187500.015625,-187500.015625,-187500.015625,-187500.015625,-187500.015625,-187500.015625,-26484.828125,0.0
-187500.015625,-187500.015625,-187500.015625,-187500.015625,-187500.015625,-187500.015625,-187500.015625,-26355.2109375,0.0
-187500.015625,-187500.015625,-187500.015625,-187500.015625,-187500.015625,-187500.015625,-187500.015625,-26365.8710938,0.0
-187500.015625,-187500.015625,-187500.015625,-187500.015625,-187500.015625,-187500.015625,-187500.015625,-26494.3046875,0.0
-187500.015625,-187500.015625,-187500.015625,-187500.015625,-187500.015625,-187500.015625,-187500.015625,-26500.4746094,0.0
-187500.015625,-187500.015625,-187500.015625,-187500.015625,-187500.015625,-187500.015625,-187500.015625,-26376.5117188,0.0
-187500.015625,-187500.015625,-187500.015625,-187500.015625,-187500.015625,-187500.015625,-187500.015625,-26355.2539062,0.0
-187500.015625,-187500.015625,-187500.015625,-187500.015625,-187500.015625,-187500.015625,-187500.015625,-26475.5957031,0.0
-187500.015625,-187500.015625,-187500.015625,-187500.015625,-187500.015625,-187500.015625,-187500.015625,-26515.2480469,0.0
-187500.015625,-187500.015625,-187500.015625,-187500.015625,-187500.015625,-187500.015625,-187500.015625,-26395.5097656,0.0
-187500.015625,-187500.015625,-187500.015625,-187500.015625,-187500.015625,-187500.015625,-187500.015625,-26337.8652344,0.0
-187500.015625,-187500.015625,-187500.015625,-187500.015625,-187500.015625,-187500.015625,-187500.015625,-26452.7753906,0.0
-187500.015625,-187500.015625,-187500.015625,-187500.015625,-187500.015625,-187500.015625,-187500.015625,-26529.4199219,0.0
-187500.015625,-187500.015625,-187500.015625,-187500.015625,-187500.015625,-187500.015625,-187500.015625,-26426.3339844,0.0
-187500.015625,-187500.015625,-187500.015625,-187500.015625,-187500.015625,-187500.015625,-187500.015625,-26338.4902344,0.0
-187500.015625,-187500.015625,-187500.015625,-187500.015625,-187500.015625,-187500.015625,-187500.015625,-26429.9101562,0.0
-187500.015625,-187500.015625,-187500.015625,-187500.015625,-187500.015625,-187500.015625,-187500.015625,-26528.4140625,0.0
-187500.015625,-187500.015625,-187500.015625,-187500.015625,-187500.015625,-187500.015625,-187500.015625,-26451.390625,0.0
-187500.015625,-187500.015625,-187500.015625,-187500.015625,-187500.015625,-187500.015625,-187500.015625,-26345.4863281,0.0
-187500.015625,-187500.015625,-187500.015625,-187500.015625,-187500.015625,-187500.015625,-187500.015625,-26413.9960938,0.0
-187500.015625,-187500.015625,-187500.015625,-187500.015625,-187500.015625,-187500.015625,-187500.015625,-26526.46875,0.0
-187500.015625,-187500.015625,-187500.015625,-187500.015625,-187500.015625,-187500.015625,-187500.015625,-26471.5742188,0.0
-187500.015625,-187500.015625,-187500.015625,-187500.015625,-187500.015625,-187500.015625,-187500.015625,-26351.2753906,0.0
-187500.015625,-187500.015625,-187500.015625,-187500.015625,-187500.015625,-187500.015625,-187500.015625,-26379.3730469,0.0
-187500.015625,-187500.015625,-187500.015625,-187500.015625,-187500.015625,-187500.015625,-187500.015625,-26511.6269531,0.0
-187500.015625,-187500.015625,-187500.015625,-187500.015625,-187500.015625,-187500.015625,-187500.015625,-26501.546875,0.0
-187500.015625,-187500.015625,-187500.015625,-187500.015625,-187500.015625,-187500.015625,-187500.015625,-26372.7792969,0.0
-187500.015625,-187500.015625,-187500.015625,-187500.015625,-187500.015625,-187500.015625,-187500.015625,-26367.6601562,0.0
-187500.015625,-187500.015625,-187500.015625,-187500.015625,-187500.015625,-187500.015625,-187500.015625,-26498.5078125,0.0
-187500.015625,-187500.015625,-187500.015625,-187500.015625,-187500.015625,-187500.015625,-187500.015625,-26519.5410156,0.0
-187500.015625,-187500.015625,-187500.015625,-187500.015625,-187500.015625,-187500.015625,-187500.015625,-26391.9121094,0.0
-187500.015625,-187500.015625,-187500.015625,-187500.015625,-187500.015625,-187500.015625,-187500.015625,-26359.4355469,0.0
-187500.015625,-187500.015625,-187500.015625,-187500.015625,-187500.015625,-187500.015625,-187500.015625,-26482.7050781,0.0
-187500.015625,-187500.015625,-187500.015625,-187500.015625,-187500.015625,-187500.015625,-187500.015625,-26527.7441406,0.0
-187500.015625,-187500.015625,-187500.015625,-187500.015625,-187500.015625,-187500.015625,-187500.015625,-26416.5214844,0.0
-187500.015625,-187500.015625,-187500.015625,-187500.015625,-187500.015625,-187500.015625,-187500.015625,-26355.9921875,0.0
-187500.015625,-187500.015625,-187500.015625,-187500.015625,-187500.015625,-187500.015625,-187500.015625,-26461.6484375,0.0
-187500.015625,-187500.015625,-187500.015625,-187500.015625,-187500.015625,-187500.015625,-187500.015625,-26537.578125,0.0
-187500.015625,-187500.015625,-187500.015625,-187500.015625,-187500.015625,-187500.015625,-187500.015625,-26440.3710938,0.0
-187500.015625,-187500.015625,-187500.015625,-187500.015625,-187500.015625,-187500.015625,-187500.015625,-26351.5214844,0.0
-187500.015625,-187500.015625,-187500.015625,-187500.015625,-187500.015625,-187500.015625,-187500.015625,-26433.9335938,0.0
-187500.015625,-187500.015625,-187500.015625,-187500.015625,-187500.015625,-187500.015625,-187500.015625,-26535.5664062,0.0
-187500.015625,-187500.015625,-187500.015625,-187500.015625,-187500.015625,-187500.015625,-187500.015625,-26462.8554688,0.0
-187500.015625,-187500.015625,-187500.015625,-187500.015625,-187500.015625,-187500.015625,-187500.015625,-26350.3378906,0.0
-187500.015625,-187500.015625,-187500.015625,-187500.015625,-187500.015625,-187500.015625,-187500.015625,-26410.53125,0.0
-187500.015625,-187500.015625,-187500.015625,-187500.015625,-187500.015625,-187500.015625,-187500.015625,-26527.2070312,0.0
-187500.015625,-187500.015625,-187500.015625,-187500.015625,-187500.015625,-187500.015625,-187500.015625,-26486.90625,0.0
-187500.015625,-187500.015625,-187500.015625,-187500.015625,-187500.015625,-187500.015625,-187500.015625,-26363.6582031,0.0
-187500.015625,-187500.015625,-187500.015625,-187500.015625,-187500.015625,-187500.015625,-187500.015625,-26397.0292969,0.0
-187500.015625,-187500.015625,-187500.015625,-187500.015625,-187500.015625,-187500.015625,-187500.015625,-26526.7382812,0.0
-187500.015625,-187500.015625,-187500.015625,-187500.015625,-187500.015625,-187500.015625,-187500.015625,-26515.4492188,0.0
-187500.015625,-187500.015625,-187500.015625,-187500.015625,-187500.015625,-187500.015625,-187500.015625,-26385.6972656,0.0
-187500.015625,-187500.015625,-187500.015625,-187500.015625,-187500.015625,-187500.015625,-187500.015625,-26376.6445312,0.0
-187500.015625,-187500.015625,-187500.015625,-187500.015625,-187500.015625,-187500.015625,-187500.015625,-26510.6445312,0.0
-187500.015625,-187500.015625,-187500.015625,-187500.015625,-187500.015625,-187500.015625,-187500.015625,-26532.9511719,0.0
-187500.015625,-187500.015625,-187500.015625,-187500.015625,-187500.015625,-187500.015625,-187500.015625,-26409.2558594,0.0
-187500.015625,-187500.015625,-187500.015625,-187500.015625,-187500.015625,-187500.015625,-187500.015625,-26375.5507812,0.0
-187500.015625,-187500.015625,-187500.015625,-187500.015625,-187500.015625,-187500.015625,-187500.015625,-26491.6230469,0.0
-187500.015625,-187500.015625,-187500.015625,-187500.015625,-187500.015625,-187500.015625,-187500.015625,-26542.6074219,0.0
-187500.015625,-187500.015625,-187500.015625,-187500.015625,-187500.015625,-187500.015625,-187500.015625,-26431.4296875,0.0
-187500.015625,-187500.015625,-187500.015625,-187500.015625,-187500.015625,-187500.015625,-187500.015625,-26354.9199219,0.0
-187500.015625,-187500.015625,-187500.015625,-187500.015625,-187500.015625,-187500.015625,-187500.015625,-26456.5527344,0.0
-187500.015625,-187500.015625,-187500.015625,-187500.015625,-187500.015625,-187500.015625,-187500.015625,-26533.9355469,0.0
-187500.015625,-187500.015625,-187500.015625,-187500.015625,-187500.015625,-187500.015625,-187500.015625,-26438.4472656,0.0
-187500.015625,-187500.015625,-187500.015625,-187500.015625,-187500.015625,-187500.015625,-187500.015625,-26342.9160156,0.0
-187500.015625,-187500.015625,-187500.015625,-187500.015625,-187500.015625,-187500.015625,-187500.015625,-26422.2421875,0.0
-187500.015625,-187500.015625,-187500.015625,-187500.015625,-187500.015625,-187500.015625,-187500.015625,-26525.3066406,0.0
-187500.015625,-187500.015625,-187500.015625,-187500.015625,-187500.015625,-187500.015625,-187500.015625,-26455.9042969,0.0
-187500.015625,-187500.015625,-187500.015625,-187500.015625,-187500.015625,-187500.015625,-187500.015625,-26342.7597656,0.0
-187500.015625,-187500.015625,-187500.015625,-187500.015625,-187500.015625,-187500.015625,-187500.015625,-26393.5214844,0.0
-187500.015625,-187500.015625,-187500.015625,-187500.015625,-187500.015625,-187500.015625,-187500.015625,-26515.5605469,0.0
-187500.015625,-187500.015625,-187500.015625,-187500.015625,-187500.015625,-187500.015625,-187500.015625,-26478.5917969,0.0
-187500.015625,-187500.015625,-187500.015625,-187500.015625,-187500.015625,-187500.015625,-187500.015625,-26358.8984375,0.0
-187500.015625,-187500.015625,-187500.015625,-187500.015625,-187500.015625,-187500.015625,-187500.015625,-26382.8359375,0.0
-187500.015625,-187500.015625,-187500.015625,-187500.015625,-187500.015625,-187500.015625,-187500.015625,-26505.90625,0.0
-187500.015625,-187500.015625,-187500.015625,-187500.015625,-187500.015625,-187500.015625,-187500.015625,-26504.6757812,0.0
-187500.015625,-187500.015625,-187500.015625,-187500.015625,-187500.015625,-187500.015625,-187500.015625,-26379.7070312,0.0
-187500.015625,-187500.015625,-187500.015625,-187500.015625,-187500.015625,-187500.015625,-187500.015625,-26375.1484375,0.0
-187500.015625,-187500.015625,-187500.015625,-187500.015625,-187500.015625,-187500.015625,-187500.015625,-26503.9394531,0.0
-187500.015625,-187500.015625,-187500.015625,-187500.015625,-187500.015625,-187500.015625,-187500.015625,-26531.1855469,0.0
-187500.015625,-187500.015625,-187500.015625,-187500.015625,-187500.015625,-187500.015625,-187500.015625,-26403.7363281,0.0
-187500.015625,-187500.015625,-187500.015625,-187500.015625,-187500.015625,-187500.015625,-187500.015625,-26361.78125,0.0
-187500.015625,-187500.015625,-187500.015625,-187500.015625,-187500.015625,-187500.015625,-187500.015625,-26485.4082031,0.0
-187500.015625,-187500.015625,-187500.015625,-187500.015625,-187500.015625,-187500.015625,-187500.015625,-26539.0761719,0.0
-187500.015625,-187500.015625,-187500.015625,-187500.015625,-187500.015625,-187500.015625,-187500.015625,-26429.7753906,0.0
-187500.015625,-187500.015625,-187500.015625,-187500.015625,-187500.015625,-187500.015625,-187500.015625,-26350.8515625,0.0
-187500.015625,-187500.015625,-187500.015625,-187500.015625,-187500.015625,-187500.015625,-187500.015625,-26452.4179688,0.0
-187500.015625,-187500.015625,-187500.015625,-187500.015625,-187500.015625,-187500.015625,-187500.015625,-26533.6660156,0.0
-187500.015625,-187500.015625,-187500.015625,-187500.015625,-187500.015625,-187500.015625,-187500.015625,-26439.9238281,0.0
-187500.015625,-187500.015625,-187500.015625,-187500.015625,-187500.015625,-187500.015625,-187500.015625,-26345.0410156,0.0
-187500.015625,-187500.015625,-187500.015625,-187500.015625,-187500.015625,-187500.015625,-187500.015625,-26423.875,0.0
-187500.015625,-187500.015625,-187500.015625,-187500.015625,-187500.015625,-187500.015625,-187500.015625,-26533.5761719,0.0
-187500.015625,-187500.015625,-187500.015625,-187500.015625,-187500.015625,-187500.015625,-187500.015625,-26468.4882812,0.0
-187500.015625,-187500.015625,-187500.015625,-187500.015625,-187500.015625,-187500.015625,-187500.015625,-26354.3164062,0.0
-187500.015625,-187500.015625,-187500.015625,-187500.015625,-187500.015625,-187500.015625,-187500.015625,-26405.0546875,0.0
-187500.015625,-187500.015625,-187500.015625,-187500.015625,-187500.015625,-187500.015625,-187500.015625,-26520.3886719,0.0
-187500.015625,-187500.015625,-187500.015625,-187500.015625,-187500.015625,-187500.015625,-187500.015625,-26482.9511719,0.0
-187500.015625,-187500.015625,-187500.015625,-187500.015625,-187500.015625,-187500.015625,-187500.015625,-26363.5917969,0.0
-187500.015625,-187500.015625,-187500.015625,-187500.015625,-187500.015625,-187500.015625,-187500.015625,-26389.453125,0.0
-187500.015625,-187500.015625,-187500.015625,-187500.015625,-187500.015625,-187500.015625,-187500.015625,-26520.4335938,0.0
-187500.015625,-187500.015625,-187500.015625,-187500.015625,-187500.015625,-187500.015625,-187500.015625,-26520.4785156,0.0
-187500.015625,-187500.015625,-187500.015625,-187500.015625,-187500.015625,-187500.015625,-187500.015625,-26397.8574219,0.0
-187500.015625,-187500.015625,-187500.015625,-187500.015625,-187500.015625,-187500.015625,-187500.015625,-26387.7089844,0.0
-187500.015625,-187500.015625,-187500.015625,-187500.015625,-187500.015625,-187500.015625,-187500.015625,-26518.8242188,0.0
-187500.015625,-187500.015625,-187500.015625,-187500.015625,-187500.015625,-187500.015625,-187500.015625,-26551.7929688,0.0
-187500.015625,-187500.015625,-187500.015625,-187500.015625,-187500.015625,-187500.015625,-187500.015625,-26430.4238281,0.0
-187500.015625,-187500.015625,-187500.015625,-187500.015625,-187500.015625,-187500.015625,-187500.015625,-26377.5390625,0.0
-187500.015625,-187500.015625,-187500.015625,-187500.015625,-187500.015625,-187500.015625,-187500.015625,-26493.0976562,0.0
-187500.015625,-187500.015625,-187500.015625,-187500.015625,-187500.015625,-187500.015625,-187500.015625,-26558.8125,0.0
-187500.015625,-187500.015625,-187500.015625,-187500.015625,-187500.015625,-187500.015625,-187500.015625,-26447.4101562,0.0
-187500.015625,-187500.015625,-187500.015625,-187500.015625,-187500.015625,-187500.015625,-187500.015625,-26370.5214844,0.0
-187500.015625,-187500.015625,-187500.015625,-187500.015625,-187500.015625,-187500.015625,-187500.015625,-26470.8808594,0.0
-187500.015625,-187500.015625,-187500.015625,-187500.015625,-187500.015625,-187500.015625,-187500.015625,-26553.2246094,0.0
-187500.015625,-187500.015625,-187500.015625,-187500.015625,-187500.015625,-187500.015625,-187500.015625,-26457.5136719,0.0
-187500.015625,-187500.015625,-187500.015625,-187500.015625,-187500.015625,-187500.015625,-187500.015625,-26350.2480469,0.0
-187500.015625,-187500.015625,-187500.015625,-187500.015625,-187500.015625,-187500.015625,-187500.015625,-26427.9648438,0.0
-187500.015625,-187500.015625,-187500.015625,-187500.015625,-187500.015625,-187500.015625,-187500.015625,-26533.8671875,0.0
-187500.015625,-187500.015625,-187500.015625,-187500.015625,-187500.015625,-187500.015625,-187500.015625,-26474.6796875,0.0
-187500.015625,-187500.015625,-187500.015625,-187500.015625,-187500.015625,-187500.015625,-187500.015625,-26355.8574219,0.0
-187500.015625,-187500.015625,-187500.015625,-187500.015625,-187500.015625,-187500.015625,-187500.015625,-26393.1855469,0.0
-187500.015625,-187500.015625,-187500.015625,-187500.015625,-187500.015625,-187500.015625,-187500.015625,-26516.1425781,0.0
-187500.015625,-187500.015625,-187500.015625,-187500.015625,-187500.015625,-187500.015625,-187500.015625,-26490.59375,0.0
-187500.015625,-187500.015625,-187500.015625,-187500.015625,-187500.015625,-187500.015625,-187500.015625,-26365.9609375,0.0
-187500.015625,-187500.015625,-187500.015625,-187500.015625,-187500.015625,-187500.015625,-187500.015625,-26374.5,0.0
-187500.015625,-187500.015625,-187500.015625,-187500.015625,-187500.015625,-187500.015625,-187500.015625,-26505.1015625,0.0
-187500.015625,-187500.015625,-187500.015625,-187500.015625,-187500.015625,-187500.015625,-187500.015625,-26516.1425781,0.0
-187500.015625,-187500.015625,-187500.015625,-187500.015625,-187500.015625,-187500.015625,-187500.015625,-26386.8378906,0.0
-187500.015625,-187500.015625,-187500.015625,-187500.015625,-187500.015625,-187500.015625,-187500.015625,-26364.6875,0.0
-187500.015625,-187500.015625,-187500.015625,-187500.015625,-187500.015625,-187500.015625,-187500.015625,-26486.1699219,0.0
-187500.015625,-187500.015625,-187500.015625,-187500.015625,-187500.015625,-187500.015625,-187500.015625,-26526.2675781,0.0
-187500.015625,-187500.015625,-187500.015625,-187500.015625,-187500.015625,-187500.015625,-187500.015625,-26409.0546875,0.0
-187500.015625,-187500.015625,-187500.015625,-187500.015625,-187500.015625,-187500.015625,-187500.015625,-26352.2597656,0.0
-187500.015625,-187500.015625,-187500.015625,-187500.015625,-187500.015625,-187500.015625,-187500.015625,-26466.5214844,0.0
-187500.015625,-187500.015625,-187500.015625,-187500.015625,-187500.015625,-187500.015625,-187500.015625,-26531.9003906,0.0
-187500.015625,-187500.015625,-187500.015625,-187500.015625,-187500.015625,-187500.015625,-187500.015625,-26420.9023438,0.0
-187500.015625,-187500.015625,-187500.015625,-187500.015625,-187500.015625,-187500.015625,-187500.015625,-26339.1171875,0.0
-187500.015625,-187500.015625,-187500.015625,-187500.015625,-187500.015625,-187500.015625,-187500.015625,-26438.9628906,0.0
-187500.015625,-187500.015625,-187500.015625,-187500.015625,-187500.015625,-187500.015625,-187500.015625,-26535.0078125,0.0
-187500.015625,-187500.015625,-187500.015625,-187500.015625,-187500.015625,-187500.015625,-187500.015625,-26452.5527344,0.0
-187500.015625,-187500.015625,-187500.015625,-187500.015625,-187500.015625,-187500.015625,-187500.015625,-26342.4472656,0.0
-187500.015625,-187500.015625,-187500.015625,-187500.015625,-187500.015625,-187500.015625,-187500.015625,-26418.734375,0.0
-187500.015625,-187500.015625,-187500.015625,-187500.015625,-187500.015625,-187500.015625,-187500.015625,-26539.5449219,0.0
-187500.015625,-187500.015625,-187500.015625,-187500.015625,-187500.015625,-187500.015625,-187500.015625,-26483.1738281,0.0
-187500.015625,-187500.015625,-187500.015625,-187500.015625,-187500.015625,-187500.015625,-187500.015625,-26358.5175781,0.0
-187500.015625,-187500.015625,-187500.015625,-187500.015625,-187500.015625,-187500.015625,-187500.015625,-26394.8183594,0.0
-187500.015625,-187500.015625,-187500.015625,-187500.015625,-187500.015625,-187500.015625,-187500.015625,-26518.8027344,0.0
-187500.015625,-187500.015625,-187500.015625,-187500.015625,-187500.015625,-187500.015625,-187500.015625,-26498.2617188,0.0
-187500.015625,-187500.015625,-187500.015625,-187500.015625,-187500.015625,-187500.015625,-187500.015625,-26369.6484375,0.0
-187500.015625,-187500.015625,-187500.015625,-187500.015625,-187500.015625,-187500.015625,-187500.015625,-26377.2929688,0.0
-187500.015625,-187500.015625,-187500.015625,-187500.015625,-187500.015625,-187500.015625,-187500.015625,-26511.2695312,0.0
-187500.015625,-187500.015625,-187500.015625,-187500.015625,-187500.015625,-187500.015625,-187500.015625,-26516.6347656,0.0
-187500.015625,-187500.015625,-187500.015625,-187500.015625,-187500.015625,-187500.015625,-187500.015625,-26391.2851562,0.0
-187500.015625,-187500.015625,-187500.015625,-187500.015625,-187500.015625,-187500.015625,-187500.015625,-26366.3417969,0.0
-187500.015625,-187500.015625,-187500.015625,-187500.015625,-187500.015625,-187500.015625,-187500.015625,-26485.1640625,0.0
-187500.015625,-187500.015625,-187500.015625,-187500.015625,-187500.015625,-187500.015625,-187500.015625,-26522.0664062,0.0
-187500.015625,-187500.015625,-187500.015625,-187500.015625,-187500.015625,-187500.015625,-187500.015625,-26407.2890625,0.0
-187500.015625,-187500.015625,-187500.015625,-187500.015625,-187500.015625,-187500.015625,-187500.015625,-26344.6816406,0.0
-187500.015625,-187500.015625,-187500.015625,-187500.015625,-187500.015625,-187500.015625,-187500.015625,-26450.0703125,0.0
-187500.015625,-187500.015625,-187500.015625,-187500.015625,-187500.015625,-187500.015625,-187500.015625,-26527.4082031,0.0
-187500.015625,-187500.015625,-187500.015625,-187500.015625,-187500.015625,-187500.015625,-187500.015625,-26426.9824219,0.0
-187500.015625,-187500.015625,-187500.015625,-187500.015625,-187500.015625,-187500.015625,-187500.015625,-26339.4082031,0.0
-187500.015625,-187500.015625,-187500.015625,-187500.015625,-187500.015625,-187500.015625,-187500.015625,-26435.9453125,0.0
-187500.015625,-187500.015625,-187500.015625,-187500.015625,-187500.015625,-187500.015625,-187500.015625,-26534.4707031,0.0
-187500.015625,-187500.015625,-187500.015625,-187500.015625,-187500.015625,-187500.015625,-187500.015625,-26461.2011719,0.0
-187500.015625,-187500.015625,-187500.015625,-187500.015625,-187500.015625,-187500.015625,-187500.015625,-26353.5117188,0.0
-187500.015625,-187500.015625,-187500.015625,-187500.015625,-187500.015625,-187500.015625,-187500.015625,-26419.3144531,0.0
-187500.015625,-187500.015625,-187500.015625,-187500.015625,-187500.015625,-187500.015625,-187500.015625,-26530.8496094,0.0
-187500.015625,-187500.015625,-187500.015625,-187500.015625,-187500.015625,-187500.015625,-187500.015625,-26479.4414062,0.0
-187500.015625,-187500.015625,-187500.015625,-187500.015625,-187500.015625,-187500.015625,-187500.015625,-26356.7070312,0.0
-187500.015625,-187500.015625,-187500.015625,-187500.015625,-187500.015625,-187500.015625,-187500.015625,-26387.21875,0.0
-187500.015625,-187500.015625,-187500.015625,-187500.015625,-187500.015625,-187500.015625,-187500.015625,-26513.8398438,0.0
-187500.015625,-187500.015625,-187500.015625,-187500.015625,-187500.015625,-187500.015625,-187500.015625,-26501.1445312,0.0
-187500.015625,-187500.015625,-187500.015625,-187500.015625,-187500.015625,-187500.015625,-187500.015625,-26370.9003906,0.0
-187500.015625,-187500.015625,-187500.015625,-187500.015625,-187500.015625,-187500.015625,-187500.015625,-26366.609375,0.0
-187500.015625,-187500.015625,-187500.015625,-187500.015625,-187500.015625,-187500.015625,-187500.015625,-26495.3339844,0.0
-187500.015625,-187500.015625,-187500.015625,-187500.015625,-187500.015625,-187500.015625,-187500.015625,-26514.1308594,0.0
-187500.015625,-187500.015625,-187500.015625,-187500.015625,-187500.015625,-187500.015625,-187500.015625,-26391.5996094,0.0
-187500.015625,-187500.015625,-187500.015625,-187500.015625,-187500.015625,-187500.015625,-187500.015625,-26359.9941406,0.0
-187500.015625,-187500.015625,-187500.015625,-187500.015625,-187500.015625,-187500.015625,-187500.015625,-26481.8320312,0.0
-187500.015625,-187500.015625,-187500.015625,-187500.015625,-187500.015625,-187500.015625,-187500.015625,-26525.2851562,0.0
-187500.015625,-187500.015625,-187500.015625,-187500.015625,-187500.015625,-187500.015625,-187500.015625,-26407.8261719,0.0
-187500.015625,-187500.015625,-187500.015625,-187500.015625,-187500.015625,-187500.015625,-187500.015625,-26347.5664062,0.0
-187500.015625,-187500.015625,-187500.015625,-187500.015625,-187500.015625,-187500.015625,-187500.015625,-26454.5410156,0.0
-187500.015625,-187500.015625,-187500.015625,-187500.015625,-187500.015625,-187500.015625,-187500.015625,-26533.1074219,0.0
-187500.015625,-187500.015625,-187500.015625,-187500.015625,-187500.015625,-187500.015625,-187500.015625,-26436.59375,0.0
-187500.015625,-187500.015625,-187500.015625,-187500.015625,-187500.015625,-187500.015625,-187500.015625,-26345.1523438,0.0
-187500.015625,-187500.015625,-187500.015625,-187500.015625,-187500.015625,-187500.015625,-187500.015625,-26434.8945312,0.0
-187500.015625,-187500.015625,-187500.015625,-187500.015625,-187500.015625,-187500.015625,-187500.015625,-26540.2148438,0.0
-187500.015625,-187500.015625,-187500.015625,-187500.015625,-187500.015625,-187500.015625,-187500.015625,-26468.6894531,0.0
-187500.015625,-187500.015625,-187500.015625,-187500.015625,-187500.015625,-187500.015625,-187500.015625,-26360.2832031,0.0
-187500.015625,-187500.015625,-187500.015625,-187500.015625,-187500.015625,-187500.015625,-187500.015625,-26418.2421875,0.0
-187500.015625,-187500.015625,-187500.015625,-187500.015625,-187500.015625,-187500.015625,-187500.015625,-26532.7714844,0.0
-187500.015625,-187500.015625,-187500.015625,-187500.015625,-187500.015625,-187500.015625,-187500.015625,-26483.7324219,0.0
-187500.015625,-187500.015625,-187500.015625,-187500.015625,-187500.015625,-187500.015625,-187500.015625,-26355.7246094,0.0
-187500.015625,-187500.015625,-187500.015625,-187500.015625,-187500.015625,-187500.015625,-187500.015625,-26387.1503906,0.0
-187500.015625,-187500.015625,-187500.015625,-187500.015625,-187500.015625,-187500.015625,-187500.015625,-26512.4101562,0.0
-187500.015625,-187500.015625,-187500.015625,-187500.015625,-187500.015625,-187500.015625,-187500.015625,-26493.4101562,0.0
-187500.015625,-187500.015625,-187500.015625,-187500.015625,-187500.015625,-187500.015625,-187500.015625,-26361.4023438,0.0
-187500.015625,-187500.015625,-187500.015625,-187500.015625,-187500.015625,-187500.015625,-187500.015625,-26359.9941406,0.0
-187500.015625,-187500.015625,-187500.015625,-187500.015625,-187500.015625,-187500.015625,-187500.015625,-26486.125,0.0
-187500.015625,-187500.015625,-187500.015625,-187500.015625,-187500.015625,-187500.015625,-187500.015625,-26504.7207031,0.0
-187500.015625,-187500.015625,-187500.015625,-187500.015625,-187500.015625,-187500.015625,-187500.015625,-26378.4121094,0.0
-187500.015625,-187500.015625,-187500.015625,-187500.015625,-187500.015625,-187500.015625,-187500.015625,-26337.0820312,0.0
-187500.015625,-187500.015625,-187500.015625,-187500.015625,-187500.015625,-187500.015625,-187500.015625,-26455.5253906,0.0
-187500.015625,-187500.015625,-187500.015625,-187500.015625,-187500.015625,-187500.015625,-187500.015625,-26507.7167969,0.0
-187500.015625,-187500.015625,-187500.015625,-187500.015625,-187500.015625,-187500.015625,-187500.015625,-26391.0839844,0.0
-187500.015625,-187500.015625,-187500.015625,-187500.015625,-187500.015625,-187500.015625,-187500.015625,-26319.3808594,0.0
-187500.015625,-187500.015625,-187500.015625,-187500.015625,-187500.015625,-187500.015625,-187500.015625,-26421.7070312,0.0
-187500.015625,-187500.015625,-187500.015625,-187500.015625,-187500.015625,-187500.015625,-187500.015625,-26501.0996094,0.0
-187500.015625,-187500.015625,-187500.015625,-187500.015625,-187500.015625,-187500.015625,-187500.015625,-26413.3027344,0.0
-187500.015625,-187500.015625,-187500.015625,-187500.015625,-187500.015625,-187500.015625,-187500.015625,-26318.5527344,0.0
-187500.015625,-187500.015625,-187500.015625,-187500.015625,-187500.015625,-187500.015625,-187500.015625,-26406.328125,0.0
-187500.015625,-187500.015625,-187500.015625,-187500.015625,-187500.015625,-187500.015625,-187500.015625,-26509.5703125,0.0
-187500.015625,-187500.015625,-187500.015625,-187500.015625,-187500.015625,-187500.015625,-187500.015625,-26441.9121094,0.0
-187500.015625,-187500.015625,-187500.015625,-187500.015625,-187500.015625,-187500.015625,-187500.015625,-26335.6308594,0.0
-187500.015625,-187500.015625,-187500.015625,-187500.015625,-187500.015625,-187500.015625,-187500.015625,-26396.9863281,0.0
-187500.015625,-187500.015625,-187500.015625,-187500.015625,-187500.015625,-187500.015625,-187500.015625,-26513.0585938,0.0
-187500.015625,-187500.015625,-187500.015625,-187500.015625,-187500.015625,-187500.015625,-187500.015625,-26476.4238281,0.0
-187500.015625,-187500.015625,-187500.015625,-187500.015625,-187500.015625,-187500.015625,-187500.015625,-26352.4609375,0.0
-187500.015625,-187500.015625,-187500.015625,-187500.015625,-187500.015625,-187500.015625,-187500.015625,-26382.4121094,0.0
-187500.015625,-187500.015625,-187500.015625,-187500.015625,-187500.015625,-187500.015625,-187500.015625,-26512.9902344,0.0
-187500.015625,-187500.015625,-187500.015625,-187500.015625,-187500.015625,-187500.015625,-187500.015625,-26502.2167969,0.0
-187500.015625,-187500.015625,-187500.015625,-187500.015625,-187500.015625,-187500.015625,-187500.015625,-26376.1757812,0.0
-187500.015625,-187500.015625,-187500.015625,-187500.015625,-187500.015625,-187500.015625,-187500.015625,-26363.6582031,0.0
-187500.015625,-187500.015625,-187500.015625,-187500.015625,-187500.015625,-187500.015625,-187500.015625,-26491.3105469,0.0
-187500.015625,-187500.015625,-187500.015625,-187500.015625,-187500.015625,-187500.015625,-187500.015625,-26521.6640625,0.0
-187500.015625,-187500.015625,-187500.015625,-187500.015625,-187500.015625,-187500.015625,-187500.015625,-26397.5,0.0
-187500.015625,-187500.015625,-187500.015625,-187500.015625,-187500.015625,-187500.015625,-187500.015625,-26353.1992188,0.0
-187500.015625,-187500.015625,-187500.015625,-187500.015625,-187500.015625,-187500.015625,-187500.015625,-26470.0976562,0.0
-187500.015625,-187500.015625,-187500.015625,-187500.015625,-187500.015625,-187500.015625,-187500.015625,-26529.5976562,0.0
-187500.015625,-187500.015625,-187500.015625,-187500.015625,-187500.015625,-187500.015625,-187500.015625,-26420.1425781,0.0
-187500.015625,-187500.015625,-187500.015625,-187500.015625,-187500.015625,-187500.015625,-187500.015625,-26344.8828125,0.0
-187500.015625,-187500.015625,-187500.015625,-187500.015625,-187500.015625,-187500.015625,-187500.015625,-26448.4394531,0.0
-187500.015625,-187500.015625,-187500.015625,-187500.015625,-187500.015625,-187500.015625,-187500.015625,-26530.2011719,0.0
-187500.015625,-187500.015625,-187500.015625,-187500.015625,-187500.015625,-187500.015625,-187500.015625,-26438.4023438,0.0
-187500.015625,-187500.015625,-187500.015625,-187500.015625,-187500.015625,-187500.015625,-187500.015625,-26339.2285156,0.0
-187500.015625,-187500.015625,-187500.015625,-187500.015625,-187500.015625,-187500.015625,-187500.015625,-26413.8828125,0.0
-187500.015625,-187500.015625,-187500.015625,-187500.015625,-187500.015625,-187500.015625,-187500.015625,-26522.78125,0.0
-187500.015625,-187500.015625,-187500.015625,-187500.015625,-187500.015625,-187500.015625,-187500.015625,-26463.4375,0.0
-187500.015625,-187500.015625,-187500.015625,-187500.015625,-187500.015625,-187500.015625,-187500.015625,-26346.2695312,0.0
-187500.015625,-187500.015625,-187500.015625,-187500.015625,-187500.015625,-187500.015625,-187500.015625,-26392.359375,0.0
-187500.015625,-187500.015625,-187500.015625,-187500.015625,-187500.015625,-187500.015625,-187500.015625,-26514.3554688,0.0
-187500.015625,-187500.015625,-187500.015625,-187500.015625,-187500.015625,-187500.015625,-187500.015625,-26480.46875,0.0
-187500.015625,-187500.015625,-187500.015625,-187500.015625,-187500.015625,-187500.015625,-187500.015625,-26362.1171875,0.0
-187500.015625,-187500.015625,-187500.015625,-187500.015625,-187500.015625,-187500.015625,-187500.015625,-26379.1269531,0.0
-187500.015625,-187500.015625,-187500.015625,-187500.015625,-187500.015625,-187500.015625,-187500.015625,-26505.75,0.0
-187500.015625,-187500.015625,-187500.015625,-187500.015625,-187500.015625,-187500.015625,-187500.015625,-26510.3984375,0.0
-187500.015625,-187500.015625,-187500.015625,-187500.015625,-187500.015625,-187500.015625,-187500.015625,-26378.8359375,0.0
-187500.015625,-187500.015625,-187500.015625,-187500.015625,-187500.015625,-187500.015625,-187500.015625,-26359.546875,0.0
-187500.015625,-187500.015625,-187500.015625,-187500.015625,-187500.015625,-187500.015625,-187500.015625,-26486.1699219,0.0
-187500.015625,-187500.015625,-187500.015625,-187500.015625,-187500.015625,-187500.015625,-187500.015625,-26524.2792969,0.0
-187500.015625,-187500.015625,-187500.015625,-187500.015625,-187500.015625,-187500.015625,-187500.015625,-26405.2558594,0.0
-187500.015625,-187500.015625,-187500.015625,-187500.015625,-187500.015625,-187500.015625,-187500.015625,-26354.7402344,0.0
-187500.015625,-187500.015625,-187500.015625,-187500.015625,-187500.015625,-187500.015625,-187500.015625,-26463.2578125,0.0
-187500.015625,-187500.015625,-187500.015625,-187500.015625,-187500.015625,-187500.015625,-187500.015625,-26529.3300781,0.0
-187500.015625,-187500.015625,-187500.015625,-187500.015625,-187500.015625,-187500.015625,-187500.015625,-26423.3828125,0.0
-187500.015625,-187500.015625,-187500.015625,-187500.015625,-187500.015625,-187500.015625,-187500.015625,-26344.5253906,0.0
-187500.015625,-187500.015625,-187500.015625,-187500.015625,-187500.015625,-187500.015625,-187500.015625,-26436.3242188,0.0
-187500.015625,-187500.015625,-187500.015625,-187500.015625,-187500.015625,-187500.015625,-187500.015625,-26527.2519531,0.0
-187500.015625,-187500.015625,-187500.015625,-187500.015625,-187500.015625,-187500.015625,-187500.015625,-26447.1875,0.0
-187500.015625,-187500.015625,-187500.015625,-187500.015625,-187500.015625,-187500.015625,-187500.015625,-26353.2421875,0.0
-187500.015625,-187500.015625,-187500.015625,-187500.015625,-187500.015625,-187500.015625,-187500.015625,-26428.0546875,0.0
-187500.015625,-187500.015625,-187500.015625,-187500.015625,-187500.015625,-187500.015625,-187500.015625,-26531.0507812,0.0
-187500.015625,-187500.015625,-187500.015625,-187500.015625,-187500.015625,-187500.015625,-187500.015625,-26469.3378906,0.0
-187500.015625,-187500.015625,-187500.015625,-187500.015625,-187500.015625,-187500.015625,-187500.015625,-26355.1210938,0.0
-187500.015625,-187500.015625,-187500.015625,-187500.015625,-187500.015625,-187500.015625,-187500.015625,-26403.3105469,0.0
-187500.015625,-187500.015625,-187500.015625,-187500.015625,-187500.015625,-187500.015625,-187500.015625,-26524.1894531,0.0
-187500.015625,-187500.015625,-187500.015625,-187500.015625,-187500.015625,-187500.015625,-187500.015625,-26488.2246094,0.0
-187500.015625,-187500.015625,-187500.015625,-187500.015625,-187500.015625,-187500.015625,-187500.015625,-26357.6464844,0.0
-187500.015625,-187500.015625,-187500.015625,-187500.015625,-187500.015625,-187500.015625,-187500.015625,-26371.6171875,0.0
-187500.015625,-187500.015625,-187500.015625,-187500.015625,-187500.015625,-187500.015625,-187500.015625,-26501.2109375,0.0
-187500.015625,-187500.015625,-187500.015625,-187500.015625,-187500.015625,-187500.015625,-187500.015625,-26507.4257812,0.0
-187500.015625,-187500.015625,-187500.015625,-187500.015625,-187500.015625,-187500.015625,-187500.015625,-26389.453125,0.0
-187500.015625,-187500.015625,-187500.015625,-187500.015625,-187500.015625,-187500.015625,-187500.015625,-26365.6484375,0.0
-187500.015625,-187500.015625,-187500.015625,-187500.015625,-187500.015625,-187500.015625,-187500.015625,-26484.4921875,0.0
-187500.015625,-187500.015625,-187500.015625,-187500.015625,-187500.015625,-187500.015625,-187500.015625,-26519.71875,0.0
-187500.015625,-187500.015625,-187500.015625,-187500.015625,-187500.015625,-187500.015625,-187500.015625,-26393.9902344,0.0
-187500.015625,-187500.015625,-187500.015625,-187500.015625,-187500.015625,-187500.015625,-187500.015625,-26342.2460938,0.0
-187500.015625,-187500.015625,-187500.015625,-187500.015625,-187500.015625,-187500.015625,-187500.015625,-26457.2226562,0.0
-187500.015625,-187500.015625,-187500.015625,-187500.015625,-187500.015625,-187500.015625,-187500.015625,-26521.3730469,0.0
-187500.015625,-187500.015625,-187500.015625,-187500.015625,-187500.015625,-187500.015625,-187500.015625,-26413.7949219,0.0
-187500.015625,-187500.015625,-187500.015625,-187500.015625,-187500.015625,-187500.015625,-187500.015625,-26331.6523438,0.0
-187500.015625,-187500.015625,-187500.015625,-187500.015625,-187500.015625,-187500.015625,-187500.015625,-26431.5859375,0.0
-187500.015625,-187500.015625,-187500.015625,-187500.015625,-187500.015625,-187500.015625,-187500.015625,-26528.1464844,0.0
-187500.015625,-187500.015625,-187500.015625,-187500.015625,-187500.015625,-187500.015625,-187500.015625,-26448.0371094,0.0
-187500.015625,-187500.015625,-187500.015625,-187500.015625,-187500.015625,-187500.015625,-187500.015625,-26341.5976562,0.0
-187500.015625,-187500.015625,-187500.015625,-187500.015625,-187500.015625,-187500.015625,-187500.015625,-26401.34375,0.0
-187500.015625,-187500.015625,-187500.015625,-187500.015625,-187500.015625,-187500.015625,-187500.015625,-26516.4550781,0.0
-187500.015625,-187500.015625,-187500.015625,-187500.015625,-187500.015625,-187500.015625,-187500.015625,-26469.8515625,0.0
-187500.015625,-187500.015625,-187500.015625,-187500.015625,-187500.015625,-187500.015625,-187500.015625,-26352.0585938,0.0
-187500.015625,-187500.015625,-187500.015625,-187500.015625,-187500.015625,-187500.015625,-187500.015625,-26393.3867188,0.0
-187500.015625,-187500.015625,-187500.015625,-187500.015625,-187500.015625,-187500.015625,-187500.015625,-26520.3886719,0.0
-187500.015625,-187500.015625,-187500.015625,-187500.015625,-187500.015625,-187500.015625,-187500.015625,-26496.7421875,0.0
-187500.015625,-187500.015625,-187500.015625,-187500.015625,-187500.015625,-187500.015625,-187500.015625,-26372.9570312,0.0
-187500.015625,-187500.015625,-187500.015625,-187500.015625,-187500.015625,-187500.015625,-187500.015625,-26378.7011719,0.0
-187500.015625,-187500.015625,-187500.015625,-187500.015625,-187500.015625,-187500.015625,-187500.015625,-26512.3867188,0.0
-187500.015625,-187500.015625,-187500.015625,-187500.015625,-187500.015625,-187500.015625,-187500.015625,-26521.5957031,0.0
-187500.015625,-187500.015625,-187500.015625,-187500.015625,-187500.015625,-187500.015625,-187500.015625,-26389.921875,0.0
-187500.015625,-187500.015625,-187500.015625,-187500.015625,-187500.015625,-187500.015625,-187500.015625,-26363.9277344,0.0
-187500.015625,-187500.015625,-187500.015625,-187500.015625,-187500.015625,-187500.015625,-187500.015625,-26489.7675781,0.0
-187500.015625,-187500.015625,-187500.015625,-187500.015625,-187500.015625,-187500.015625,-187500.015625,-26533.734375,0.0
-187500.015625,-187500.015625,-187500.015625,-187500.015625,-187500.015625,-187500.015625,-187500.015625,-26415.3144531,0.0
-187500.015625,-187500.015625,-187500.015625,-187500.015625,-187500.015625,-187500.015625,-187500.015625,-26363.4804688,0.0
-187500.015625,-187500.015625,-187500.015625,-187500.015625,-187500.015625,-187500.015625,-187500.015625,-26473.0039062,0.0
-187500.015625,-187500.015625,-187500.015625,-187500.015625,-187500.015625,-187500.015625,-187500.015625,-26546.1386719,0.0
-187500.015625,-187500.015625,-187500.015625,-187500.015625,-187500.015625,-187500.015625,-187500.015625,-26448.7070312,0.0
-187500.015625,-187500.015625,-187500.015625,-187500.015625,-187500.015625,-187500.015625,-187500.015625,-26354.2480469,0.0
-187500.015625,-187500.015625,-187500.015625,-187500.015625,-187500.015625,-187500.015625,-187500.015625,-26441.5546875,0.0
-187500.015625,-187500.015625,-187500.015625,-187500.015625,-187500.015625,-187500.015625,-187500.015625,-26538.4726562,0.0
-187500.015625,-187500.015625,-187500.015625,-187500.015625,-187500.015625,-187500.015625,-187500.015625,-26456.1953125,0.0
-187500.015625,-187500.015625,-187500.015625,-187500.015625,-187500.015625,-187500.015625,-187500.015625,-26346.9394531,0.0
-187500.015625,-187500.015625,-187500.015625,-187500.015625,-187500.015625,-187500.015625,-187500.015625,-26407.625,0.0
-187500.015625,-187500.015625,-187500.015625,-187500.015625,-187500.015625,-187500.015625,-187500.015625,-26519.25,0.0
-187500.015625,-187500.015625,-187500.015625,-187500.015625,-187500.015625,-187500.015625,-187500.015625,-26473.5839844,0.0
-187500.015625,-187500.015625,-187500.015625,-187500.015625,-187500.015625,-187500.015625,-187500.015625,-26346.4707031,0.0
-187500.015625,-187500.015625,-187500.015625,-187500.015625,-187500.015625,-187500.015625,-187500.015625,-26380.3339844,0.0
-187500.015625,-187500.015625,-187500.015625,-187500.015625,-187500.015625,-187500.015625,-187500.015625,-26508.9902344,0.0
-187500.015625,-187500.015625,-187500.015625,-187500.015625,-187500.015625,-187500.015625,-187500.015625,-26494.0371094,0.0
-187500.015625,-187500.015625,-187500.015625,-187500.015625,-187500.015625,-187500.015625,-187500.015625,-26365.2246094,0.0
-187500.015625,-187500.015625,-187500.015625,-187500.015625,-187500.015625,-187500.015625,-187500.015625,-26360.7753906,0.0
-187500.015625,-187500.015625,-187500.015625,-187500.015625,-187500.015625,-187500.015625,-187500.015625,-26493.8808594,0.0
-187500.015625,-187500.015625,-187500.015625,-187500.015625,-187500.015625,-187500.015625,-187500.015625,-26515.6738281,0.0
-187500.015625,-187500.015625,-187500.015625,-187500.015625,-187500.015625,-187500.015625,-187500.015625,-26390.1914062,0.0
-187500.015625,-187500.015625,-187500.015625,-187500.015625,-187500.015625,-187500.015625,-187500.015625,-26356.5292969,0.0
-187500.015625,-187500.015625,-187500.015625,-187500.015625,-187500.015625,-187500.015625,-187500.015625,-26480.9609375,0.0
-187500.015625,-187500.015625,-187500.015625,-187500.015625,-187500.015625,-187500.015625,-187500.015625,-26528.2128906,0.0
-187500.015625,-187500.015625,-187500.015625,-187500.015625,-187500.015625,-187500.015625,-187500.015625,-26420.6113281,0.0
-187500.015625,-187500.015625,-187500.015625,-187500.015625,-187500.015625,-187500.015625,-187500.015625,-26354.2050781,0.0
-187500.015625,-187500.015625,-187500.015625,-187500.015625,-187500.015625,-187500.015625,-187500.015625,-26454.3398438,0.0
-187500.015625,-187500.015625,-187500.015625,-187500.015625,-187500.015625,-187500.015625,-187500.015625,-26530.0,0.0
-187500.015625,-187500.015625,-187500.015625,-187500.015625,-187500.015625,-187500.015625,-187500.015625,-26430.3125,0.0
-187500.015625,-187500.015625,-187500.015625,-187500.015625,-187500.015625,-187500.015625,-187500.015625,-26337.8867188,0.0
-187500.015625,-187500.015625,-187500.015625,-187500.015625,-187500.015625,-187500.015625,-187500.015625,-26421.3710938,0.0
-187500.015625,-187500.015625,-187500.015625,-187500.015625,-187500.015625,-187500.015625,-187500.015625,-26520.5898438,0.0
-187500.015625,-187500.015625,-187500.015625,-187500.015625,-187500.015625,-187500.015625,-187500.015625,-26449.4453125,0.0
-187500.015625,-187500.015625,-187500.015625,-187500.015625,-187500.015625,-187500.015625,-187500.015625,-26343.7890625,0.0
-187500.015625,-187500.015625,-187500.015625,-187500.015625,-187500.015625,-187500.015625,-187500.015625,-26411.4023438,0.0
-187500.015625,-187500.015625,-187500.015625,-187500.015625,-187500.015625,-187500.015625,-187500.015625,-26535.8574219,0.0
-187500.015625,-187500.015625,-187500.015625,-187500.015625,-187500.015625,-187500.015625,-187500.015625,-26502.0605469,0.0
-187500.015625,-187500.015625,-187500.015625,-187500.015625,-187500.015625,-187500.015625,-187500.015625,-26379.2832031,0.0
-187500.015625,-187500.015625,-187500.015625,-187500.015625,-187500.015625,-187500.015625,-187500.015625,-26412.0722656,0.0
-187500.015625,-187500.015625,-187500.015625,-187500.015625,-187500.015625,-187500.015625,-187500.015625,-26534.0683594,0.0
-187500.015625,-187500.015625,-187500.015625,-187500.015625,-187500.015625,-187500.015625,-187500.015625,-26526.5800781,0.0
-187500.015625,-187500.015625,-187500.015625,-187500.015625,-187500.015625,-187500.015625,-187500.015625,-26403.9375,0.0
-187500.015625,-187500.015625,-187500.015625,-187500.015625,-187500.015625,-187500.015625,-187500.015625,-26393.5214844,0.0
-187500.015625,-187500.015625,-187500.015625,-187500.015625,-187500.015625,-187500.015625,-187500.015625,-26521.5957031,0.0
-187500.015625,-187500.015625,-187500.015625,-187500.015625,-187500.015625,-187500.015625,-187500.015625,-26538.71875,0.0
-187500.015625,-187500.015625,-187500.015625,-187500.015625,-187500.015625,-187500.015625,-187500.015625,-26409.3691406,0.0
-187500.015625,-187500.015625,-187500.015625,-187500.015625,-187500.015625,-187500.015625,-187500.015625,-26364.2617188,0.0
-187500.015625,-187500.015625,-187500.015625,-187500.015625,-187500.015625,-187500.015625,-187500.015625,-26482.7265625,0.0
-187500.015625,-187500.015625,-187500.015625,-187500.015625,-187500.015625,-187500.015625,-187500.015625,-26537.8457031,0.0
-187500.015625,-187500.015625,-187500.015625,-187500.015625,-187500.015625,-187500.015625,-187500.015625,-26420.0292969,0.0
-187500.015625,-187500.015625,-187500.015625,-187500.015625,-187500.015625,-187500.015625,-187500.015625,-26352.0800781,0.0
-187500.015625,-187500.015625,-187500.015625,-187500.015625,-187500.015625,-187500.015625,-187500.015625,-26460.5761719,0.0
-187500.015625,-187500.015625,-187500.015625,-187500.015625,-187500.015625,-187500.015625,-187500.015625,-26544.7304688,0.0
-187500.015625,-187500.015625,-187500.015625,-187500.015625,-187500.015625,-187500.015625,-187500.015625,-26445.8691406,0.0
-187500.015625,-187500.015625,-187500.015625,-187500.015625,-187500.015625,-187500.015625,-187500.015625,-26348.6601562,0.0
-187500.015625,-187500.015625,-187500.015625,-187500.015625,-187500.015625,-187500.015625,-187500.015625,-26433.3300781,0.0
-187500.015625,-187500.015625,-187500.015625,-187500.015625,-187500.015625,-187500.015625,-187500.015625,-26538.9199219,0.0
-187500.015625,-187500.015625,-187500.015625,-187500.015625,-187500.015625,-187500.015625,-187500.015625,-26469.71875,0.0
-187500.015625,-187500.015625,-187500.015625,-187500.015625,-187500.015625,-187500.015625,-187500.015625,-26355.9257812,0.0
-187500.015625,-187500.015625,-187500.015625,-187500.015625,-187500.015625,-187500.015625,-187500.015625,-26406.4394531,0.0
-187500.015625,-187500.015625,-187500.015625,-187500.015625,-187500.015625,-187500.015625,-187500.015625,-26523.5195312,0.0
-187500.015625,-187500.015625,-187500.015625,-187500.015625,-187500.015625,-187500.015625,-187500.015625,-26487.8222656,0.0
-187500.015625,-187500.015625,-187500.015625,-187500.015625,-187500.015625,-187500.015625,-187500.015625,-26360.5527344,0.0
-187500.015625,-187500.015625,-187500.015625,-187500.015625,-187500.015625,-187500.015625,-187500.015625,-26381.5859375,0.0
-187500.015625,-187500.015625,-187500.015625,-187500.015625,-187500.015625,-187500.015625,-187500.015625,-26505.1230469,0.0
-187500.015625,-187500.015625,-187500.015625,-187500.015625,-187500.015625,-187500.015625,-187500.015625,-26511.2695312,0.0
-187500.015625,-187500.015625,-187500.015625,-187500.015625,-187500.015625,-187500.015625,-187500.015625,-26383.3964844,0.0
-187500.015625,-187500.015625,-187500.015625,-187500.015625,-187500.015625,-187500.015625,-187500.015625,-26370.296875,0.0
-187500.015625,-187500.015625,-187500.015625,-187500.015625,-187500.015625,-187500.015625,-187500.015625,-26498.9980469,0.0
-187500.015625,-187500.015625,-187500.015625,-187500.015625,-187500.015625,-187500.015625,-187500.015625,-26527.1835938,0.0
-187500.015625,-187500.015625,-187500.015625,-187500.015625,-187500.015625,-187500.015625,-187500.015625,-26397.4765625,0.0
-187500.015625,-187500.015625,-187500.015625,-187500.015625,-187500.015625,-187500.015625,-187500.015625,-26354.9414062,0.0
-187500.015625,-187500.015625,-187500.015625,-187500.015625,-187500.015625,-187500.015625,-187500.015625,-26469.203125,0.0
-187500.015625,-187500.015625,-187500.015625,-187500.015625,-187500.015625,-187500.015625,-187500.015625,-26524.4570312,0.0
-187500.015625,-187500.015625,-187500.015625,-187500.015625,-187500.015625,-187500.015625,-187500.015625,-26415.2695312,0.0
-187500.015625,-187500.015625,-187500.015625,-187500.015625,-187500.015625,-187500.015625,-187500.015625,-26339.921875,0.0
-187500.015625,-187500.015625,-187500.015625,-187500.015625,-187500.015625,-187500.015625,-187500.015625,-26439.1855469,0.0
-187500.015625,-187500.015625,-187500.015625,-187500.015625,-187500.015625,-187500.015625,-187500.015625,-26534.0019531,0.0
-187500.015625,-187500.015625,-187500.015625,-187500.015625,-187500.015625,-187500.015625,-187500.015625,-26447.1875,0.0
-187500.015625,-187500.015625,-187500.015625,-187500.015625,-187500.015625,-187500.015625,-187500.015625,-26348.125,0.0
-187500.015625,-187500.015625,-187500.015625,-187500.015625,-187500.015625,-187500.015625,-187500.015625,-26429.4628906,0.0
-187500.015625,-187500.015625,-187500.015625,-187500.015625,-187500.015625,-187500.015625,-187500.015625,-26538.71875,0.0
-187500.015625,-187500.015625,-187500.015625,-187500.015625,-187500.015625,-187500.015625,-187500.015625,-26474.5234375,0.0
-187500.015625,-187500.015625,-187500.015625,-187500.015625,-187500.015625,-187500.015625,-187500.015625,-26357.6015625,0.0
-187500.015625,-187500.015625,-187500.015625,-187500.015625,-187500.015625,-187500.015625,-187500.015625,-26403.4667969,0.0
-187500.015625,-187500.015625,-187500.015625,-187500.015625,-187500.015625,-187500.015625,-187500.015625,-26525.5976562,0.0
-187500.015625,-187500.015625,-187500.015625,-187500.015625,-187500.015625,-187500.015625,-187500.015625,-26493.7246094,0.0
-187500.015625,-187500.015625,-187500.015625,-187500.015625,-187500.015625,-187500.015625,-187500.015625,-26358.3398438,0.0
-187500.015625,-187500.015625,-187500.015625,-187500.015625,-187500.015625,-187500.015625,-187500.015625,-26363.9726562,0.0
-187500.015625,-187500.015625,-187500.015625,-187500.015625,-187500.015625,-187500.015625,-187500.015625,-26497.1445312,0.0
-187500.015625,-187500.015625,-187500.015625,-187500.015625,-187500.015625,-187500.015625,-187500.015625,-26504.2519531,0.0
-187500.015625,-187500.015625,-187500.015625,-187500.015625,-187500.015625,-187500.015625,-187500.015625,-26374.6328125,0.0
-187500.015625,-187500.015625,-187500.015625,-187500.015625,-187500.015625,-187500.015625,-187500.015625,-26355.2109375,0.0
-187500.015625,-187500.015625,-187500.015625,-187500.015625,-187500.015625,-187500.015625,-187500.015625,-26483.3964844,0.0
-187500.015625,-187500.015625,-187500.015625,-187500.015625,-187500.015625,-187500.015625,-187500.015625,-26526.2910156,0.0
-187500.015625,-187500.015625,-187500.015625,-187500.015625,-187500.015625,-187500.015625,-187500.015625,-26404.3164062,0.0
-187500.015625,-187500.015625,-187500.015625,-187500.015625,-187500.015625,-187500.015625,-187500.015625,-26349.2207031,0.0
-187500.015625,-187500.015625,-187500.015625,-187500.015625,-187500.015625,-187500.015625,-187500.015625,-26472.7578125,0.0
-187500.015625,-187500.015625,-187500.015625,-187500.015625,-187500.015625,-187500.015625,-187500.015625,-26543.3457031,0.0
-187500.015625,-187500.015625,-187500.015625,-187500.015625,-187500.015625,-187500.015625,-187500.015625,-26429.171875,0.0
-187500.015625,-187500.015625,-187500.015625,-187500.015625,-187500.015625,-187500.015625,-187500.015625,-26351.7460938,0.0
-187500.015625,-187500.015625,-187500.015625,-187500.015625,-187500.015625,-187500.015625,-187500.015625,-26448.1035156,0.0
-187500.015625,-187500.015625,-187500.015625,-187500.015625,-187500.015625,-187500.015625,-187500.015625,-26540.7304688,0.0
-187500.015625,-187500.015625,-187500.015625,-187500.015625,-187500.015625,-187500.015625,-187500.015625,-26453.9824219,0.0
-187500.015625,-187500.015625,-187500.015625,-187500.015625,-187500.015625,-187500.015625,-187500.015625,-26350.3828125,0.0
-187500.015625,-187500.015625,-187500.015625,-187500.015625,-187500.015625,-187500.015625,-187500.015625,-26421.3046875,0.0
-187500.015625,-187500.015625,-187500.015625,-187500.015625,-187500.015625,-187500.015625,-187500.015625,-26533.4882812,0.0
-187500.015625,-187500.015625,-187500.015625,-187500.015625,-187500.015625,-187500.015625,-187500.015625,-26479.9101562,0.0
-187500.015625,-187500.015625,-187500.015625,-187500.015625,-187500.015625,-187500.015625,-187500.015625,-26361.9609375,0.0
-187500.015625,-187500.015625,-187500.015625,-187500.015625,-187500.015625,-187500.015625,-187500.015625,-26400.4492188,0.0
-187500.015625,-187500.015625,-187500.015625,-187500.015625,-187500.015625,-187500.015625,-187500.015625,-26529.84375,0.0
-187500.015625,-187500.015625,-187500.015625,-187500.015625,-187500.015625,-187500.015625,-187500.015625,-26503.9160156,0.0
-187500.015625,-187500.015625,-187500.015625,-187500.015625,-187500.015625,-187500.015625,-187500.015625,-26371.5039062,0.0
-187500.015625,-187500.015625,-187500.015625,-187500.015625,-187500.015625,-187500.015625,-187500.015625,-26379.4394531,0.0
-187500.015625,-187500.015625,-187500.015625,-187500.015625,-187500.015625,-187500.015625,-187500.015625,-26505.1894531,0.0
-187500.015625,-187500.015625,-187500.015625,-187500.015625,-187500.015625,-187500.015625,-187500.015625,-26510.5546875,0.0
-187500.015625,-187500.015625,-187500.015625,-187500.015625,-187500.015625,-187500.015625,-187500.015625,-26382.9707031,0.0
-187500.015625,-187500.015625,-187500.015625,-187500.015625,-187500.015625,-187500.015625,-187500.015625,-26360.4394531,0.0
-187500.015625,-187500.015625,-187500.015625,-187500.015625,-187500.015625,-187500.015625,-187500.015625,-26483.4414062,0.0
-187500.015625,-187500.015625,-187500.015625,-187500.015625,-187500.015625,-187500.015625,-187500.015625,-26524.8378906,0.0
-187500.015625,-187500.015625,-187500.015625,-187500.015625,-187500.015625,-187500.015625,-187500.015625,-26402.7304688,0.0
-187500.015625,-187500.015625,-187500.015625,-187500.015625,-187500.015625,-187500.015625,-187500.015625,-26342.5820312,0.0
-187500.015625,-187500.015625,-187500.015625,-187500.015625,-187500.015625,-187500.015625,-187500.015625,-26455.0097656,0.0
-187500.015625,-187500.015625,-187500.015625,-187500.015625,-187500.015625,-187500.015625,-187500.015625,-26526.3574219,0.0
-187500.015625,-187500.015625,-187500.015625,-187500.015625,-187500.015625,-187500.015625,-187500.015625,-26425.6171875,0.0
-187500.015625,-187500.015625,-187500.015625,-187500.015625,-187500.015625,-187500.015625,-187500.015625,-26343.9003906,0.0
-187500.015625,-187500.015625,-187500.015625,-187500.015625,-187500.015625,-187500.015625,-187500.015625,-26431.6523438,0.0
-187500.015625,-187500.015625,-187500.015625,-187500.015625,-187500.015625,-187500.015625,-187500.015625,-26529.0175781,0.0
-187500.015625,-187500.015625,-187500.015625,-187500.015625,-187500.015625,-187500.015625,-187500.015625,-26458.6992188,0.0
-187500.015625,-187500.015625,-187500.015625,-187500.015625,-187500.015625,-187500.015625,-187500.015625,-26349.3984375,0.0
-187500.015625,-187500.015625,-187500.015625,-187500.015625,-187500.015625,-187500.015625,-187500.015625,-26416.0078125,0.0
-187500.015625,-187500.015625,-187500.015625,-187500.015625,-187500.015625,-187500.015625,-187500.015625,-26531.296875,0.0
-187500.015625,-187500.015625,-187500.015625,-187500.015625,-187500.015625,-187500.015625,-187500.015625,-26470.1875,0.0
-187500.015625,-187500.015625,-187500.015625,-187500.015625,-187500.015625,-187500.015625,-187500.015625,-26347.8789062,0.0
-187500.015625,-187500.015625,-187500.015625,-187500.015625,-187500.015625,-187500.015625,-187500.015625,-26389.6308594,0.0
-187500.015625,-187500.015625,-187500.015625,-187500.015625,-187500.015625,-187500.015625,-187500.015625,-26516.8125,0.0
-187500.015625,-187500.015625,-187500.015625,-187500.015625,-187500.015625,-187500.015625,-187500.015625,-26497.1875,0.0
-187500.015625,-187500.015625,-187500.015625,-187500.015625,-187500.015625,-187500.015625,-187500.015625,-26366.5644531,0.0
-187500.015625,-187500.015625,-187500.015625,-187500.015625,-187500.015625,-187500.015625,-187500.015625,-26369.671875,0.0
-187500.015625,-187500.015625,-187500.015625,-187500.015625,-187500.015625,-187500.015625,-187500.015625,-26494.4160156,0.0
-187500.015625,-187500.015625,-187500.015625,-187500.015625,-187500.015625,-187500.015625,-187500.015625,-26505.078125,0.0
-187500.015625,-187500.015625,-187500.015625,-187500.015625,-187500.015625,-187500.015625,-187500.015625,-26381.5175781,0.0
-187500.015625,-187500.015625,-187500.015625,-187500.015625,-187500.015625,-187500.015625,-187500.015625,-26354.8515625,0.0
-187500.015625,-187500.015625,-187500.015625,-187500.015625,-187500.015625,-187500.015625,-187500.015625,-26479.2851562,0.0
-187500.015625,-187500.015625,-187500.015625,-187500.015625,-187500.015625,-187500.015625,-187500.015625,-26520.6582031,0.0
-187500.015625,-187500.015625,-187500.015625,-187500.015625,-187500.015625,-187500.015625,-187500.015625,-26401.1210938,0.0
-187500.015625,-187500.015625,-187500.015625,-187500.015625,-187500.015625,-187500.015625,-187500.015625,-26343.9453125,0.0
-187500.015625,-187500.015625,-187500.015625,-187500.015625,-187500.015625,-187500.015625,-187500.015625,-26455.9042969,0.0
-187500.015625,-187500.015625,-187500.015625,-187500.015625,-187500.015625,-187500.015625,-187500.015625,-26525.7753906,0.0
-187500.015625,-187500.015625,-187500.015625,-187500.015625,-187500.015625,-187500.015625,-187500.015625,-26432.4804688,0.0
-187500.015625,-187500.015625,-187500.015625,-187500.015625,-187500.015625,-187500.015625,-187500.015625,-26347.0957031,0.0
-187500.015625,-187500.015625,-187500.015625,-187500.015625,-187500.015625,-187500.015625,-187500.015625,-26435.9667969,0.0
-187500.015625,-187500.015625,-187500.015625,-187500.015625,-187500.015625,-187500.015625,-187500.015625,-26536.2363281,0.0
-187500.015625,-187500.015625,-187500.015625,-187500.015625,-187500.015625,-187500.015625,-187500.015625,-26459.3476562,0.0
-187500.015625,-187500.015625,-187500.015625,-187500.015625,-187500.015625,-187500.015625,-187500.015625,-26352.0136719,0.0
-187500.015625,-187500.015625,-187500.015625,-187500.015625,-187500.015625,-187500.015625,-187500.015625,-26414.4863281,0.0
-187500.015625,-187500.015625,-187500.015625,-187500.015625,-187500.015625,-187500.015625,-187500.015625,-26531.6328125,0.0
-187500.015625,-187500.015625,-187500.015625,-187500.015625,-187500.015625,-187500.015625,-187500.015625,-26488.6503906,0.0
-187500.015625,-187500.015625,-187500.015625,-187500.015625,-187500.015625,-187500.015625,-187500.015625,-26361.2890625,0.0
-187500.015625,-187500.015625,-187500.015625,-187500.015625,-187500.015625,-187500.015625,-187500.015625,-26386.0996094,0.0
-187500.015625,-187500.015625,-187500.015625,-187500.015625,-187500.015625,-187500.015625,-187500.015625,-26507.5371094,0.0
-187500.015625,-187500.015625,-187500.015625,-187500.015625,-187500.015625,-187500.015625,-187500.015625,-26498.8652344,0.0
-187500.015625,-187500.015625,-187500.015625,-187500.015625,-187500.015625,-187500.015625,-187500.015625,-26368.6660156,0.0
-187500.015625,-187500.015625,-187500.015625,-187500.015625,-187500.015625,-187500.015625,-187500.015625,-26359.546875,0.0
-187500.015625,-187500.015625,-187500.015625,-187500.015625,-187500.015625,-187500.015625,-187500.015625,-26491.890625,0.0
-187500.015625,-187500.015625,-187500.015625,-187500.015625,-187500.015625,-187500.015625,-187500.015625,-26506.6210938,0.0
-187500.015625,-187500.015625,-187500.015625,-187500.015625,-187500.015625,-187500.015625,-187500.015625,-26377.7851562,0.0
-187500.015625,-187500.015625,-187500.015625,-187500.015625,-187500.015625,-187500.015625,-187500.015625,-26339.1835938,0.0
-187500.015625,-187500.015625,-187500.015625,-187500.015625,-187500.015625,-187500.015625,-187500.015625,-26458.6757812,0.0
-187500.015625,-187500.015625,-187500.015625,-187500.015625,-187500.015625,-187500.015625,-187500.015625,-26512.2304688,0.0
-187500.015625,-187500.015625,-187500.015625,-187500.015625,-187500.015625,-187500.015625,-187500.015625,-26400.2480469,0.0
-187500.015625,-187500.015625,-187500.015625,-187500.015625,-187500.015625,-187500.015625,-187500.015625,-26333.4609375,0.0
-187500.015625,-187500.015625,-187500.015625,-187500.015625,-187500.015625,-187500.015625,-187500.015625,-26432.3242188,0.0
-187500.015625,-187500.015625,-187500.015625,-187500.015625,-187500.015625,-187500.015625,-187500.015625,-26515.5839844,0.0
-187500.015625,-187500.015625,-187500.015625,-187500.015625,-187500.015625,-187500.015625,-187500.015625,-26416.8105469,0.0
-187500.015625,-187500.015625,-187500.015625,-187500.015625,-187500.015625,-187500.015625,-187500.015625,-26326.4882812,0.0
-187500.015625,-187500.015625,-187500.015625,-187500.015625,-187500.015625,-187500.015625,-187500.015625,-26417.3476562,0.0
-187500.015625,-187500.015625,-187500.015625,-187500.015625,-187500.015625,-187500.015625,-187500.015625,-26521.6640625,0.0
-187500.015625,-187500.015625,-187500.015625,-187500.015625,-187500.015625,-187500.015625,-187500.015625,-26451.8808594,0.0
-187500.015625,-187500.015625,-187500.015625,-187500.015625,-187500.015625,-187500.015625,-187500.015625,-26340.8164062,0.0
-187500.015625,-187500.015625,-187500.015625,-187500.015625,-187500.015625,-187500.015625,-187500.015625,-26396.203125,0.0
-187500.015625,-187500.015625,-187500.015625,-187500.015625,-187500.015625,-187500.015625,-187500.015625,-26520.6347656,0.0
-187500.015625,-187500.015625,-187500.015625,-187500.015625,-187500.015625,-187500.015625,-187500.015625,-26479.7773438,0.0
-187500.015625,-187500.015625,-187500.015625,-187500.015625,-187500.015625,-187500.015625,-187500.015625,-26353.6894531,0.0
-187500.015625,-187500.015625,-187500.015625,-187500.015625,-187500.015625,-187500.015625,-187500.015625,-26382.5917969,0.0
-187500.015625,-187500.015625,-187500.015625,-187500.015625,-187500.015625,-187500.015625,-187500.015625,-26508.0292969,0.0
-187500.015625,-187500.015625,-187500.015625,-187500.015625,-187500.015625,-187500.015625,-187500.015625,-26500.25,0.0
-187500.015625,-187500.015625,-187500.015625,-187500.015625,-187500.015625,-187500.015625,-187500.015625,-26372.3535156,0.0
-187500.015625,-187500.015625,-187500.015625,-187500.015625,-187500.015625,-187500.015625,-187500.015625,-26358.6738281,0.0
-187500.015625,-187500.015625,-187500.015625,-187500.015625,-187500.015625,-187500.015625,-187500.015625,-26485.1855469,0.0
-187500.015625,-187500.015625,-187500.015625,-187500.015625,-187500.015625,-187500.015625,-187500.015625,-26514.3105469,0.0
-187500.015625,-187500.015625,-187500.015625,-187500.015625,-187500.015625,-187500.015625,-187500.015625,-26397.1640625,0.0
-187500.015625,-187500.015625,-187500.015625,-187500.015625,-187500.015625,-187500.015625,-187500.015625,-26355.34375,0.0
-187500.015625,-187500.015625,-187500.015625,-187500.015625,-187500.015625,-187500.015625,-187500.015625,-26471.2148438,0.0
-187500.015625,-187500.015625,-187500.015625,-187500.015625,-187500.015625,-187500.015625,-187500.015625,-26522.5136719,0.0
-187500.015625,-187500.015625,-187500.015625,-187500.015625,-187500.015625,-187500.015625,-187500.015625,-26408.6972656,0.0
-187500.015625,-187500.015625,-187500.015625,-187500.015625,-187500.015625,-187500.015625,-187500.015625,-26336.546875,0.0
-187500.015625,-187500.015625,-187500.015625,-187500.015625,-187500.015625,-187500.015625,-187500.015625,-26438.6035156,0.0
-187500.015625,-187500.015625,-187500.015625,-187500.015625,-187500.015625,-187500.015625,-187500.015625,-26516.0761719,0.0
-187500.015625,-187500.015625,-187500.015625,-187500.015625,-187500.015625,-187500.015625,-187500.015625,-26422.0859375,0.0
-187500.015625,-187500.015625,-187500.015625,-187500.015625,-187500.015625,-187500.015625,-187500.015625,-26326.421875,0.0
-187500.015625,-187500.015625,-187500.015625,-187500.015625,-187500.015625,-187500.015625,-187500.015625,-26408.2070312,0.0
-187500.015625,-187500.015625,-187500.015625,-187500.015625,-187500.015625,-187500.015625,-187500.015625,-26512.7460938,0.0
-187500.015625,-187500.015625,-187500.015625,-187500.015625,-187500.015625,-187500.015625,-187500.015625,-26449.0195312,0.0
-187500.015625,-187500.015625,-187500.015625,-187500.015625,-187500.015625,-187500.015625,-187500.015625,-26332.0527344,0.0
-187500.015625,-187500.015625,-187500.015625,-187500.015625,-187500.015625,-187500.015625,-187500.015625,-26386.7480469,0.0
-187500.015625,-187500.015625,-187500.015625,-187500.015625,-187500.015625,-187500.015625,-187500.015625,-26506.1953125,0.0
-187500.015625,-187500.015625,-187500.015625,-187500.015625,-187500.015625,-187500.015625,-187500.015625,-26465.8964844,0.0
-187500.015625,-187500.015625,-187500.015625,-187500.015625,-187500.015625,-187500.015625,-187500.015625,-26343.2734375,0.0
-187500.015625,-187500.015625,-187500.015625,-187500.015625,-187500.015625,-187500.015625,-187500.015625,-26364.7089844,0.0
-187500.015625,-187500.015625,-187500.015625,-187500.015625,-187500.015625,-187500.015625,-187500.015625,-26500.4511719,0.0
-187500.015625,-187500.015625,-187500.015625,-187500.015625,-187500.015625,-187500.015625,-187500.015625,-26496.8085938,0.0
-187500.015625,-187500.015625,-187500.015625,-187500.015625,-187500.015625,-187500.015625,-187500.015625,-26369.515625,0.0
-187500.015625,-187500.015625,-187500.015625,-187500.015625,-187500.015625,-187500.015625,-187500.015625,-26347.8789062,0.0
-187500.015625,-187500.015625,-187500.015625,-187500.015625,-187500.015625,-187500.015625,-187500.015625,-26474.2773438,0.0
-187500.015625,-187500.015625,-187500.015625,-187500.015625,-187500.015625,-187500.015625,-187500.015625,-26509.7949219,0.0
-187500.015625,-187500.015625,-187500.015625,-187500.015625,-187500.015625,-187500.015625,-187500.015625,-26385.2734375,0.0
-187500.015625,-187500.015625,-187500.015625,-187500.015625,-187500.015625,-187500.015625,-187500.015625,-26339.2734375,0.0
-187500.015625,-187500.015625,-187500.015625,-187500.015625,-187500.015625,-187500.015625,-187500.015625,-26454.6523438,0.0
-187500.015625,-187500.015625,-187500.015625,-187500.015625,-187500.015625,-187500.015625,-187500.015625,-26513.59375,0.0
-187500.015625,-187500.015625,-187500.015625,-187500.015625,-187500.015625,-187500.015625,-187500.015625,-26398.0585938,0.0
-187500.015625,-187500.015625,-187500.015625,-187500.015625,-187500.015625,-187500.015625,-187500.015625,-26324.2089844,0.0
-187500.015625,-187500.015625,-187500.015625,-187500.015625,-187500.015625,-187500.015625,-187500.015625,-26424.7011719,0.0
-187500.015625,-187500.015625,-187500.015625,-187500.015625,-187500.015625,-187500.015625,-187500.015625,-26515.0019531,0.0
-187500.015625,-187500.015625,-187500.015625,-187500.015625,-187500.015625,-187500.015625,-187500.015625,-26428.6132812,0.0
-187500.015625,-187500.015625,-187500.015625,-187500.015625,-187500.015625,-187500.015625,-187500.015625,-26321.3691406,0.0
-187500.015625,-187500.015625,-187500.015625,-187500.015625,-187500.015625,-187500.015625,-187500.015625,-26399.890625,0.0
-187500.015625,-187500.015625,-187500.015625,-187500.015625,-187500.015625,-187500.015625,-187500.015625,-26515.3613281,0.0
-187500.015625,-187500.015625,-187500.015625,-187500.015625,-187500.015625,-187500.015625,-187500.015625,-26455.9042969,0.0
-187500.015625,-187500.015625,-187500.015625,-187500.015625,-187500.015625,-187500.015625,-187500.015625,-26342.0,0.0
-187500.015625,-187500.015625,-187500.015625,-187500.015625,-187500.015625,-187500.015625,-187500.015625,-26391.5761719,0.0
-187500.015625,-187500.015625,-187500.015625,-187500.015625,-187500.015625,-187500.015625,-187500.015625,-26515.8300781,0.0
-187500.015625,-187500.015625,-187500.015625,-187500.015625,-187500.015625,-187500.015625,-187500.015625,-26484.6269531,0.0
-187500.015625,-187500.015625,-187500.015625,-187500.015625,-187500.015625,-187500.015625,-187500.015625,-26355.8144531,0.0
-187500.015625,-187500.015625,-187500.015625,-187500.015625,-187500.015625,-187500.015625,-187500.015625,-26368.6660156,0.0
-187500.015625,-187500.015625,-187500.015625,-187500.015625,-187500.015625,-187500.015625,-187500.015625,-26495.8242188,0.0
-187500.015625,-187500.015625,-187500.015625,-187500.015625,-187500.015625,-187500.015625,-187500.015625,-26500.7421875,0.0
-187500.015625,-187500.015625,-187500.015625,-187500.015625,-187500.015625,-187500.015625,-187500.015625,-26373.4707031,0.0
-187500.015625,-187500.015625,-187500.015625,-187500.015625,-187500.015625,-187500.015625,-187500.015625,-26353.7578125,0.0
-187500.015625,-187500.015625,-187500.015625,-187500.015625,-187500.015625,-187500.015625,-187500.015625,-26474.5683594,0.0
-187500.015625,-187500.015625,-187500.015625,-187500.015625,-187500.015625,-187500.015625,-187500.015625,-26507.2011719,0.0
-187500.015625,-187500.015625,-187500.015625,-187500.015625,-187500.015625,-187500.015625,-187500.015625,-26383.1269531,0.0
-187500.015625,-187500.015625,-187500.015625,-187500.015625,-187500.015625,-187500.015625,-187500.015625,-26334.3339844,0.0
-187500.015625,-187500.015625,-187500.015625,-187500.015625,-187500.015625,-187500.015625,-187500.015625,-26442.3144531,0.0
-187500.015625,-187500.015625,-187500.015625,-187500.015625,-187500.015625,-187500.015625,-187500.015625,-26507.6484375,0.0
-187500.015625,-187500.015625,-187500.015625,-187500.015625,-187500.015625,-187500.015625,-187500.015625,-26400.9199219,0.0
-187500.015625,-187500.015625,-187500.015625,-187500.015625,-187500.015625,-187500.015625,-187500.015625,-26321.7949219,0.0
-187500.015625,-187500.015625,-187500.015625,-187500.015625,-187500.015625,-187500.015625,-187500.015625,-26425.3730469,0.0
-187500.015625,-187500.015625,-187500.015625,-187500.015625,-187500.015625,-187500.015625,-187500.015625,-26520.1660156,0.0
-187500.015625,-187500.015625,-187500.015625,-187500.015625,-187500.015625,-187500.015625,-187500.015625,-26434.1796875,0.0
-187500.015625,-187500.015625,-187500.015625,-187500.015625,-187500.015625,-187500.015625,-187500.015625,-26339.25,0.0
-187500.015625,-187500.015625,-187500.015625,-187500.015625,-187500.015625,-187500.015625,-187500.015625,-26413.1464844,0.0
-187500.015625,-187500.015625,-187500.015625,-187500.015625,-187500.015625,-187500.015625,-187500.015625,-26528.6601562,0.0
-187500.015625,-187500.015625,-187500.015625,-187500.015625,-187500.015625,-187500.015625,-187500.015625,-26471.3945312,0.0
-187500.015625,-187500.015625,-187500.015625,-187500.015625,-187500.015625,-187500.015625,-187500.015625,-26355.7695312,0.0
-187500.015625,-187500.015625,-187500.015625,-187500.015625,-187500.015625,-187500.015625,-187500.015625,-26395.9804688,0.0
-187500.015625,-187500.015625,-187500.015625,-187500.015625,-187500.015625,-187500.015625,-187500.015625,-26513.3710938,0.0
-187500.015625,-187500.015625,-187500.015625,-187500.015625,-187500.015625,-187500.015625,-187500.015625,-26491.6445312,0.0
-187500.015625,-187500.015625,-187500.015625,-187500.015625,-187500.015625,-187500.015625,-187500.015625,-26364.2402344,0.0
-187500.015625,-187500.015625,-187500.015625,-187500.015625,-187500.015625,-187500.015625,-187500.015625,-26371.0566406,0.0
-187500.015625,-187500.015625,-187500.015625,-187500.015625,-187500.015625,-187500.015625,-187500.015625,-26499.4238281,0.0
-187500.015625,-187500.015625,-187500.015625,-187500.015625,-187500.015625,-187500.015625,-187500.015625,-26503.0449219,0.0
-187500.015625,-187500.015625,-187500.015625,-187500.015625,-187500.015625,-187500.015625,-187500.015625,-26374.2089844,0.0
-187500.015625,-187500.015625,-187500.015625,-187500.015625,-187500.015625,-187500.015625,-187500.015625,-26348.3925781,0.0
-187500.015625,-187500.015625,-187500.015625,-187500.015625,-187500.015625,-187500.015625,-187500.015625,-26466.9023438,0.0
-187500.015625,-187500.015625,-187500.015625,-187500.015625,-187500.015625,-187500.015625,-187500.015625,-26512.3652344,0.0
-187500.015625,-187500.015625,-187500.015625,-187500.015625,-187500.015625,-187500.015625,-187500.015625,-26390.6152344,0.0
-187500.015625,-187500.015625,-187500.015625,-187500.015625,-187500.015625,-187500.015625,-187500.015625,-26337.5292969,0.0
-187500.015625,-187500.015625,-187500.015625,-187500.015625,-187500.015625,-187500.015625,-187500.015625,-26446.2714844,0.0
-187500.015625,-187500.015625,-187500.015625,-187500.015625,-187500.015625,-187500.015625,-187500.015625,-26521.4394531,0.0
-187500.015625,-187500.015625,-187500.015625,-187500.015625,-187500.015625,-187500.015625,-187500.015625,-26418.7792969,0.0
-187500.015625,-187500.015625,-187500.015625,-187500.015625,-187500.015625,-187500.015625,-187500.015625,-26333.6621094,0.0
-187500.015625,-187500.015625,-187500.015625,-187500.015625,-187500.015625,-187500.015625,-187500.015625,-26433.7988281,0.0
-187500.015625,-187500.015625,-187500.015625,-187500.015625,-187500.015625,-187500.015625,-187500.015625,-26536.125,0.0
-187500.015625,-187500.015625,-187500.015625,-187500.015625,-187500.015625,-187500.015625,-187500.015625,-26451.859375,0.0
-187500.015625,-187500.015625,-187500.015625,-187500.015625,-187500.015625,-187500.015625,-187500.015625,-26340.7480469,0.0
-187500.015625,-187500.015625,-187500.015625,-187500.015625,-187500.015625,-187500.015625,-187500.015625,-26410.5078125,0.0
-187500.015625,-187500.015625,-187500.015625,-187500.015625,-187500.015625,-187500.015625,-187500.015625,-26524.9042969,0.0
-187500.015625,-187500.015625,-187500.015625,-187500.015625,-187500.015625,-187500.015625,-187500.015625,-26476.8261719,0.0
-187500.015625,-187500.015625,-187500.015625,-187500.015625,-187500.015625,-187500.015625,-187500.015625,-26354.40625,0.0
-187500.015625,-187500.015625,-187500.015625,-187500.015625,-187500.015625,-187500.015625,-187500.015625,-26388.2460938,0.0
-187500.015625,-187500.015625,-187500.015625,-187500.015625,-187500.015625,-187500.015625,-187500.015625,-26513.125,0.0
-187500.015625,-187500.015625,-187500.015625,-187500.015625,-187500.015625,-187500.015625,-187500.015625,-26493.3886719,0.0
-187500.015625,-187500.015625,-187500.015625,-187500.015625,-187500.015625,-187500.015625,-187500.015625,-26363.6152344,0.0
-187500.015625,-187500.015625,-187500.015625,-187500.015625,-187500.015625,-187500.015625,-187500.015625,-26364.6875,0.0
-187500.015625,-187500.015625,-187500.015625,-187500.015625,-187500.015625,-187500.015625,-187500.015625,-26493.8808594,0.0
-187500.015625,-187500.015625,-187500.015625,-187500.015625,-187500.015625,-187500.015625,-187500.015625,-26505.7050781,0.0
-187500.015625,-187500.015625,-187500.015625,-187500.015625,-187500.015625,-187500.015625,-187500.015625,-26374.7011719,0.0
-187500.015625,-187500.015625,-187500.015625,-187500.015625,-187500.015625,-187500.015625,-187500.015625,-26339.0488281,0.0
-187500.015625,-187500.015625,-187500.015625,-187500.015625,-187500.015625,-187500.015625,-187500.015625,-26458.4746094,0.0
-187500.015625,-187500.015625,-187500.015625,-187500.015625,-187500.015625,-187500.015625,-187500.015625,-26505.3476562,0.0
-187500.015625,-187500.015625,-187500.015625,-187500.015625,-187500.015625,-187500.015625,-187500.015625,-26385.8105469,0.0
-187500.015625,-187500.015625,-187500.015625,-187500.015625,-187500.015625,-187500.015625,-187500.015625,-26331.6074219,0.0
-187500.015625,-187500.015625,-187500.015625,-187500.015625,-187500.015625,-187500.015625,-187500.015625,-26447.4101562,0.0
-187500.015625,-187500.015625,-187500.015625,-187500.015625,-187500.015625,-187500.015625,-187500.015625,-26524.5019531,0.0
-187500.015625,-187500.015625,-187500.015625,-187500.015625,-187500.015625,-187500.015625,-187500.015625,-26427.0488281,0.0
-187500.015625,-187500.015625,-187500.015625,-187500.015625,-187500.015625,-187500.015625,-187500.015625,-26347.3652344,0.0
-187500.015625,-187500.015625,-187500.015625,-187500.015625,-187500.015625,-187500.015625,-187500.015625,-26438.4707031,0.0
-187500.015625,-187500.015625,-187500.015625,-187500.015625,-187500.015625,-187500.015625,-187500.015625,-26542.9648438,0.0
-187500.015625,-187500.015625,-187500.015625,-187500.015625,-187500.015625,-187500.015625,-187500.015625,-26469.4941406,0.0
-187500.015625,-187500.015625,-187500.015625,-187500.015625,-187500.015625,-187500.015625,-187500.015625,-26359.234375,0.0
-187500.015625,-187500.015625,-187500.015625,-187500.015625,-187500.015625,-187500.015625,-187500.015625,-26417.5488281,0.0
-187500.015625,-187500.015625,-187500.015625,-187500.015625,-187500.015625,-187500.015625,-187500.015625,-26536.0136719,0.0
-187500.015625,-187500.015625,-187500.015625,-187500.015625,-187500.015625,-187500.015625,-187500.015625,-26498.9765625,0.0
-187500.015625,-187500.015625,-187500.015625,-187500.015625,-187500.015625,-187500.015625,-187500.015625,-26374.4316406,0.0
-187500.015625,-187500.015625,-187500.015625,-187500.015625,-187500.015625,-187500.015625,-187500.015625,-26406.484375,0.0
-187500.015625,-187500.015625,-187500.015625,-187500.015625,-187500.015625,-187500.015625,-187500.015625,-26531.765625,0.0
-187500.015625,-187500.015625,-187500.015625,-187500.015625,-187500.015625,-187500.015625,-187500.015625,-26512.5214844,0.0
-187500.015625,-187500.015625,-187500.015625,-187500.015625,-187500.015625,-187500.015625,-187500.015625,-26380.625,0.0
-187500.015625,-187500.015625,-187500.015625,-187500.015625,-187500.015625,-187500.015625,-187500.015625,-26377.6074219,0.0
-187500.015625,-187500.015625,-187500.015625,-187500.015625,-187500.015625,-187500.015625,-187500.015625,-26504.5644531,0.0
-187500.015625,-187500.015625,-187500.015625,-187500.015625,-187500.015625,-187500.015625,-187500.015625,-26514.4882812,0.0
-187500.015625,-187500.015625,-187500.015625,-187500.015625,-187500.015625,-187500.015625,-187500.015625,-26389.1855469,0.0
-187500.015625,-187500.015625,-187500.015625,-187500.015625,-187500.015625,-187500.015625,-187500.015625,-26351.2753906,0.0
-187500.015625,-187500.015625,-187500.015625,-187500.015625,-187500.015625,-187500.015625,-187500.015625,-26475.328125,0.0
-187500.015625,-187500.015625,-187500.015625,-187500.015625,-187500.015625,-187500.015625,-187500.015625,-26518.8027344,0.0
-187500.015625,-187500.015625,-187500.015625,-187500.015625,-187500.015625,-187500.015625,-187500.015625,-26402.9765625,0.0
-187500.015625,-187500.015625,-187500.015625,-187500.015625,-187500.015625,-187500.015625,-187500.015625,-26337.3066406,0.0
-187500.015625,-187500.015625,-187500.015625,-187500.015625,-187500.015625,-187500.015625,-187500.015625,-26445.6894531,0.0
-187500.015625,-187500.015625,-187500.015625,-187500.015625,-187500.015625,-187500.015625,-187500.015625,-26525.2167969,0.0
-187500.015625,-187500.015625,-187500.015625,-187500.015625,-187500.015625,-187500.015625,-187500.015625,-26429.7304688,0.0
-187500.015625,-187500.015625,-187500.015625,-187500.015625,-187500.015625,-187500.015625,-187500.015625,-26335.875,0.0
-187500.015625,-187500.015625,-187500.015625,-187500.015625,-187500.015625,-187500.015625,-187500.015625,-26420.3652344,0.0
-187500.015625,-187500.015625,-187500.015625,-187500.015625,-187500.015625,-187500.015625,-187500.015625,-26527.8105469,0.0
-187500.015625,-187500.015625,-187500.015625,-187500.015625,-187500.015625,-187500.015625,-187500.015625,-26454.7871094,0.0
-187500.015625,-187500.015625,-187500.015625,-187500.015625,-187500.015625,-187500.015625,-187500.015625,-26342.0898438,0.0
-187500.015625,-187500.015625,-187500.015625,-187500.015625,-187500.015625,-187500.015625,-187500.015625,-26395.2207031,0.0
-187500.015625,-187500.015625,-187500.015625,-187500.015625,-187500.015625,-187500.015625,-187500.015625,-26517.1933594,0.0
-187500.015625,-187500.015625,-187500.015625,-187500.015625,-187500.015625,-187500.015625,-187500.015625,-26483.1738281,0.0
-187500.015625,-187500.015625,-187500.015625,-187500.015625,-187500.015625,-187500.015625,-187500.015625,-26360.2617188,0.0
-187500.015625,-187500.015625,-187500.015625,-187500.015625,-187500.015625,-187500.015625,-187500.015625,-26386.3691406,0.0
-187500.015625,-187500.015625,-187500.015625,-187500.015625,-187500.015625,-187500.015625,-187500.015625,-26514.8691406,0.0
-187500.015625,-187500.015625,-187500.015625,-187500.015625,-187500.015625,-187500.015625,-187500.015625,-26510.4199219,0.0
-187500.015625,-187500.015625,-187500.015625,-187500.015625,-187500.015625,-187500.015625,-187500.015625,-26386.1894531,0.0
-187500.015625,-187500.015625,-187500.015625,-187500.015625,-187500.015625,-187500.015625,-187500.015625,-26377.0039062,0.0
-187500.015625,-187500.015625,-187500.015625,-187500.015625,-187500.015625,-187500.015625,-187500.015625,-26509.9726562,0.0
-187500.015625,-187500.015625,-187500.015625,-187500.015625,-187500.015625,-187500.015625,-187500.015625,-26526.0664062,0.0
-187500.015625,-187500.015625,-187500.015625,-187500.015625,-187500.015625,-187500.015625,-187500.015625,-26396.3144531,0.0
-187500.015625,-187500.015625,-187500.015625,-187500.015625,-187500.015625,-187500.015625,-187500.015625,-26354.7402344,0.0
-187500.015625,-187500.015625,-187500.015625,-187500.015625,-187500.015625,-187500.015625,-187500.015625,-26475.5527344,0.0
-187500.015625,-187500.015625,-187500.015625,-187500.015625,-187500.015625,-187500.015625,-187500.015625,-26534.2246094,0.0
-187500.015625,-187500.015625,-187500.015625,-187500.015625,-187500.015625,-187500.015625,-187500.015625,-26423.0039062,0.0
-187500.015625,-187500.015625,-187500.015625,-187500.015625,-187500.015625,-187500.015625,-187500.015625,-26345.6660156,0.0
-187500.015625,-187500.015625,-187500.015625,-187500.015625,-187500.015625,-187500.015625,-187500.015625,-26455.5019531,0.0
-187500.015625,-187500.015625,-187500.015625,-187500.015625,-187500.015625,-187500.015625,-187500.015625,-26543.1210938,0.0
-187500.015625,-187500.015625,-187500.015625,-187500.015625,-187500.015625,-187500.015625,-187500.015625,-26453.3574219,0.0
-187500.015625,-187500.015625,-187500.015625,-187500.015625,-187500.015625,-187500.015625,-187500.015625,-26347.1191406,0.0
-187500.015625,-187500.015625,-187500.015625,-187500.015625,-187500.015625,-187500.015625,-187500.015625,-26421.8632812,0.0
-187500.015625,-187500.015625,-187500.015625,-187500.015625,-187500.015625,-187500.015625,-187500.015625,-26532.7949219,0.0
-187500.015625,-187500.015625,-187500.015625,-187500.015625,-187500.015625,-187500.015625,-187500.015625,-26461.828125,0.0
-187500.015625,-187500.015625,-187500.015625,-187500.015625,-187500.015625,-187500.015625,-187500.015625,-26342.5820312,0.0
-187500.015625,-187500.015625,-187500.015625,-187500.015625,-187500.015625,-187500.015625,-187500.015625,-26392.3808594,0.0
-187500.015625,-187500.015625,-187500.015625,-187500.015625,-187500.015625,-187500.015625,-187500.015625,-26510.9121094,0.0
-187500.015625,-187500.015625,-187500.015625,-187500.015625,-187500.015625,-187500.015625,-187500.015625,-26479.1503906,0.0
-187500.015625,-187500.015625,-187500.015625,-187500.015625,-187500.015625,-187500.015625,-187500.015625,-26352.0136719,0.0
-187500.015625,-187500.015625,-187500.015625,-187500.015625,-187500.015625,-187500.015625,-187500.015625,-26376.265625,0.0
-187500.015625,-187500.015625,-187500.015625,-187500.015625,-187500.015625,-187500.015625,-187500.015625,-26508.8789062,0.0
-187500.015625,-187500.015625,-187500.015625,-187500.015625,-187500.015625,-187500.015625,-187500.015625,-26506.1523438,0.0
-187500.015625,-187500.015625,-187500.015625,-187500.015625,-187500.015625,-187500.015625,-187500.015625,-26376.6894531,0.0
-187500.015625,-187500.015625,-187500.015625,-187500.015625,-187500.015625,-187500.015625,-187500.015625,-26362.609375,0.0
-187500.015625,-187500.015625,-187500.015625,-187500.015625,-187500.015625,-187500.015625,-187500.015625,-26488.4257812,0.0
-187500.015625,-187500.015625,-187500.015625,-187500.015625,-187500.015625,-187500.015625,-187500.015625,-26517.640625,0.0
-187500.015625,-187500.015625,-187500.015625,-187500.015625,-187500.015625,-187500.015625,-187500.015625,-26399.8027344,0.0
-187500.015625,-187500.015625,-187500.015625,-187500.015625,-187500.015625,-187500.015625,-187500.015625,-26348.9296875,0.0
-187500.015625,-187500.015625,-187500.015625,-187500.015625,-187500.015625,-187500.015625,-187500.015625,-26467.4824219,0.0
-187500.015625,-187500.015625,-187500.015625,-187500.015625,-187500.015625,-187500.015625,-187500.015625,-26528.8828125,0.0
-187500.015625,-187500.015625,-187500.015625,-187500.015625,-187500.015625,-187500.015625,-187500.015625,-26417.6835938,0.0
-187500.015625,-187500.015625,-187500.015625,-187500.015625,-187500.015625,-187500.015625,-187500.015625,-26339.3398438,0.0
-187500.015625,-187500.015625,-187500.015625,-187500.015625,-187500.015625,-187500.015625,-187500.015625,-26432.7714844,0.0
-187500.015625,-187500.015625,-187500.015625,-187500.015625,-187500.015625,-187500.015625,-187500.015625,-26521.7304688,0.0
-187500.015625,-187500.015625,-187500.015625,-187500.015625,-187500.015625,-187500.015625,-187500.015625,-26438.1132812,0.0
-187500.015625,-187500.015625,-187500.015625,-187500.015625,-187500.015625,-187500.015625,-187500.015625,-26332.6796875,0.0
-187500.015625,-187500.015625,-187500.015625,-187500.015625,-187500.015625,-187500.015625,-187500.015625,-26407.9160156,0.0
-187500.015625,-187500.015625,-187500.015625,-187500.015625,-187500.015625,-187500.015625,-187500.015625,-26519.1601562,0.0
-187500.015625,-187500.015625,-187500.015625,-187500.015625,-187500.015625,-187500.015625,-187500.015625,-26458.2519531,0.0
-187500.015625,-187500.015625,-187500.015625,-187500.015625,-187500.015625,-187500.015625,-187500.015625,-26347.6542969,0.0
-187500.015625,-187500.015625,-187500.015625,-187500.015625,-187500.015625,-187500.015625,-187500.015625,-26398.0585938,0.0
-187500.015625,-187500.015625,-187500.015625,-187500.015625,-187500.015625,-187500.015625,-187500.015625,-26519.6074219,0.0
-187500.015625,-187500.015625,-187500.015625,-187500.015625,-187500.015625,-187500.015625,-187500.015625,-26494.5722656,0.0
-187500.015625,-187500.015625,-187500.015625,-187500.015625,-187500.015625,-187500.015625,-187500.015625,-26374.65625,0.0
-187500.015625,-187500.015625,-187500.015625,-187500.015625,-187500.015625,-187500.015625,-187500.015625,-26387.4199219,0.0
-187500.015625,-187500.015625,-187500.015625,-187500.015625,-187500.015625,-187500.015625,-187500.015625,-26518.4667969,0.0
-187500.015625,-187500.015625,-187500.015625,-187500.015625,-187500.015625,-187500.015625,-187500.015625,-26520.0546875,0.0
-187500.015625,-187500.015625,-187500.015625,-187500.015625,-187500.015625,-187500.015625,-187500.015625,-26382.6347656,0.0
-187500.015625,-187500.015625,-187500.015625,-187500.015625,-187500.015625,-187500.015625,-187500.015625,-26360.6191406,0.0
-187500.015625,-187500.015625,-187500.015625,-187500.015625,-187500.015625,-187500.015625,-187500.015625,-26485.7441406,0.0
-187500.015625,-187500.015625,-187500.015625,-187500.015625,-187500.015625,-187500.015625,-187500.015625,-26517.0136719,0.0
-187500.015625,-187500.015625,-187500.015625,-187500.015625,-187500.015625,-187500.015625,-187500.015625,-26391.375,0.0
-187500.015625,-187500.015625,-187500.015625,-187500.015625,-187500.015625,-187500.015625,-187500.015625,-26345.2421875,0.0
-187500.015625,-187500.015625,-187500.015625,-187500.015625,-187500.015625,-187500.015625,-187500.015625,-26450.7421875,0.0
-187500.015625,-187500.015625,-187500.015625,-187500.015625,-187500.015625,-187500.015625,-187500.015625,-26517.9746094,0.0
-187500.015625,-187500.015625,-187500.015625,-187500.015625,-187500.015625,-187500.015625,-187500.015625,-26416.9003906,0.0
-187500.015625,-187500.015625,-187500.015625,-187500.015625,-187500.015625,-187500.015625,-187500.015625,-26329.8183594,0.0
-187500.015625,-187500.015625,-187500.015625,-187500.015625,-187500.015625,-187500.015625,-187500.015625,-26418.6894531,0.0
-187500.015625,-187500.015625,-187500.015625,-187500.015625,-187500.015625,-187500.015625,-187500.015625,-26515.6738281,0.0
-187500.015625,-187500.015625,-187500.015625,-187500.015625,-187500.015625,-187500.015625,-187500.015625,-26441.8671875,0.0
-187500.015625,-187500.015625,-187500.015625,-187500.015625,-187500.015625,-187500.015625,-187500.015625,-26345.3535156,0.0
-187500.015625,-187500.015625,-187500.015625,-187500.015625,-187500.015625,-187500.015625,-187500.015625,-26419.4492188,0.0
-187500.015625,-187500.015625,-187500.015625,-187500.015625,-187500.015625,-187500.015625,-187500.015625,-26530.9394531,0.0
-187500.015625,-187500.015625,-187500.015625,-187500.015625,-187500.015625,-187500.015625,-187500.015625,-26474.2558594,0.0
-187500.015625,-187500.015625,-187500.015625,-187500.015625,-187500.015625,-187500.015625,-187500.015625,-26352.7734375,0.0
-187500.015625,-187500.015625,-187500.015625,-187500.015625,-187500.015625,-187500.015625,-187500.015625,-26395.9570312,0.0
-187500.015625,-187500.015625,-187500.015625,-187500.015625,-187500.015625,-187500.015625,-187500.015625,-26519.5839844,0.0
-187500.015625,-187500.015625,-187500.015625,-187500.015625,-187500.015625,-187500.015625,-187500.015625,-26496.5175781,0.0
-187500.015625,-187500.015625,-187500.015625,-187500.015625,-187500.015625,-187500.015625,-187500.015625,-26368.3535156,0.0
-187500.015625,-187500.015625,-187500.015625,-187500.015625,-187500.015625,-187500.015625,-187500.015625,-26367.078125,0.0
-187500.015625,-187500.015625,-187500.015625,-187500.015625,-187500.015625,-187500.015625,-187500.015625,-26498.6855469,0.0
-187500.015625,-187500.015625,-187500.015625,-187500.015625,-187500.015625,-187500.015625,-187500.015625,-26513.125,0.0
-187500.015625,-187500.015625,-187500.015625,-187500.015625,-187500.015625,-187500.015625,-187500.015625,-26379.6621094,0.0
-187500.015625,-187500.015625,-187500.015625,-187500.015625,-187500.015625,-187500.015625,-187500.015625,-26349.9121094,0.0
-187500.015625,-187500.015625,-187500.015625,-187500.015625,-187500.015625,-187500.015625,-187500.015625,-26472.8925781,0.0
-187500.015625,-187500.015625,-187500.015625,-187500.015625,-187500.015625,-187500.015625,-187500.015625,-26513.7949219,0.0
-187500.015625,-187500.015625,-187500.015625,-187500.015625,-187500.015625,-187500.015625,-187500.015625,-26393.96875,0.0
-187500.015625,-187500.015625,-187500.015625,-187500.015625,-187500.015625,-187500.015625,-187500.015625,-26329.6171875,0.0
-187500.015625,-187500.015625,-187500.015625,-187500.015625,-187500.015625,-187500.015625,-187500.015625,-26445.0644531,0.0
-187500.015625,-187500.015625,-187500.015625,-187500.015625,-187500.015625,-187500.015625,-187500.015625,-26516.2539062,0.0
-187500.015625,-187500.015625,-187500.015625,-187500.015625,-187500.015625,-187500.015625,-187500.015625,-26409.1679688,0.0
-187500.015625,-187500.015625,-187500.015625,-187500.015625,-187500.015625,-187500.015625,-187500.015625,-26323.2910156,0.0
-187500.015625,-187500.015625,-187500.015625,-187500.015625,-187500.015625,-187500.015625,-187500.015625,-26422.4003906,0.0
-187500.015625,-187500.015625,-187500.015625,-187500.015625,-187500.015625,-187500.015625,-187500.015625,-26524.4570312,0.0
-187500.015625,-187500.015625,-187500.015625,-187500.015625,-187500.015625,-187500.015625,-187500.015625,-26450.5625,0.0
-187500.015625,-187500.015625,-187500.015625,-187500.015625,-187500.015625,-187500.015625,-187500.015625,-26344.3691406,0.0
-187500.015625,-187500.015625,-187500.015625,-187500.015625,-187500.015625,-187500.015625,-187500.015625,-26414.7324219,0.0
-187500.015625,-187500.015625,-187500.015625,-187500.015625,-187500.015625,-187500.015625,-187500.015625,-26537.890625,0.0
-187500.015625,-187500.015625,-187500.015625,-187500.015625,-187500.015625,-187500.015625,-187500.015625,-26485.8339844,0.0
-187500.015625,-187500.015625,-187500.015625,-187500.015625,-187500.015625,-187500.015625,-187500.015625,-26361.2226562,0.0
-187500.015625,-187500.015625,-187500.015625,-187500.015625,-187500.015625,-187500.015625,-187500.015625,-26394.4824219,0.0
-187500.015625,-187500.015625,-187500.015625,-187500.015625,-187500.015625,-187500.015625,-187500.015625,-26519.8535156,0.0
-187500.015625,-187500.015625,-187500.015625,-187500.015625,-187500.015625,-187500.015625,-187500.015625,-26497.1210938,0.0
-187500.015625,-187500.015625,-187500.015625,-187500.015625,-187500.015625,-187500.015625,-187500.015625,-26363.546875,0.0
-187500.015625,-187500.015625,-187500.015625,-187500.015625,-187500.015625,-187500.015625,-187500.015625,-26370.2753906,0.0
-187500.015625,-187500.015625,-187500.015625,-187500.015625,-187500.015625,-187500.015625,-187500.015625,-26493.3671875,0.0
-187500.015625,-187500.015625,-187500.015625,-187500.015625,-187500.015625,-187500.015625,-187500.015625,-26510.1523438,0.0
-187500.015625,-187500.015625,-187500.015625,-187500.015625,-187500.015625,-187500.015625,-187500.015625,-26375.0800781,0.0
-187500.015625,-187500.015625,-187500.015625,-187500.015625,-187500.015625,-187500.015625,-187500.015625,-26343.8769531,0.0
-187500.015625,-187500.015625,-187500.015625,-187500.015625,-187500.015625,-187500.015625,-187500.015625,-26466.1191406,0.0
-187500.015625,-187500.015625,-187500.015625,-187500.015625,-187500.015625,-187500.015625,-187500.015625,-26505.8378906,0.0
-187500.015625,-187500.015625,-187500.015625,-187500.015625,-187500.015625,-187500.015625,-187500.015625,-26385.6972656,0.0
-187500.015625,-187500.015625,-187500.015625,-187500.015625,-187500.015625,-187500.015625,-187500.015625,-26330.6015625,0.0
-187500.015625,-187500.015625,-187500.015625,-187500.015625,-187500.015625,-187500.015625,-187500.015625,-26439.0058594,0.0
-187500.015625,-187500.015625,-187500.015625,-187500.015625,-187500.015625,-187500.015625,-187500.015625,-26514.421875,0.0
-187500.015625,-187500.015625,-187500.015625,-187500.015625,-187500.015625,-187500.015625,-187500.015625,-26417.3710938,0.0
-187500.015625,-187500.015625,-187500.015625,-187500.015625,-187500.015625,-187500.015625,-187500.015625,-26327.6503906,0.0
-187500.015625,-187500.015625,-187500.015625,-187500.015625,-187500.015625,-187500.015625,-187500.015625,-26420.6328125,0.0
-187500.015625,-187500.015625,-187500.015625,-187500.015625,-187500.015625,-187500.015625,-187500.015625,-26523.0488281,0.0
-187500.015625,-187500.015625,-187500.015625,-187500.015625,-187500.015625,-187500.015625,-187500.015625,-26452.9765625,0.0
-187500.015625,-187500.015625,-187500.015625,-187500.015625,-187500.015625,-187500.015625,-187500.015625,-26342.7382812,0.0
-187500.015625,-187500.015625,-187500.015625,-187500.015625,-187500.015625,-187500.015625,-187500.015625,-26410.2402344,0.0
-187500.015625,-187500.015625,-187500.015625,-187500.015625,-187500.015625,-187500.015625,-187500.015625,-26531.3867188,0.0
-187500.015625,-187500.015625,-187500.015625,-187500.015625,-187500.015625,-187500.015625,-187500.015625,-26490.3710938,0.0
-187500.015625,-187500.015625,-187500.015625,-187500.015625,-187500.015625,-187500.015625,-187500.015625,-26365.5585938,0.0
-187500.015625,-187500.015625,-187500.015625,-187500.015625,-187500.015625,-187500.015625,-187500.015625,-26396.3828125,0.0
-187500.015625,-187500.015625,-187500.015625,-187500.015625,-187500.015625,-187500.015625,-187500.015625,-26520.7480469,0.0
-187500.015625,-187500.015625,-187500.015625,-187500.015625,-187500.015625,-187500.015625,-187500.015625,-26511.8730469,0.0
-187500.015625,-187500.015625,-187500.015625,-187500.015625,-187500.015625,-187500.015625,-187500.015625,-26379.0820312,0.0
-187500.015625,-187500.015625,-187500.015625,-187500.015625,-187500.015625,-187500.015625,-187500.015625,-26376.3769531,0.0
-187500.015625,-187500.015625,-187500.015625,-187500.015625,-187500.015625,-187500.015625,-187500.015625,-26502.7753906,0.0
-187500.015625,-187500.015625,-187500.015625,-187500.015625,-187500.015625,-187500.015625,-187500.015625,-26515.8515625,0.0
-187500.015625,-187500.015625,-187500.015625,-187500.015625,-187500.015625,-187500.015625,-187500.015625,-26384.4902344,0.0
-187500.015625,-187500.015625,-187500.015625,-187500.015625,-187500.015625,-187500.015625,-187500.015625,-26341.9101562,0.0
-187500.015625,-187500.015625,-187500.015625,-187500.015625,-187500.015625,-187500.015625,-187500.015625,-26461.4707031,0.0
-187500.015625,-187500.015625,-187500.015625,-187500.015625,-187500.015625,-187500.015625,-187500.015625,-26509.9296875,0.0
-187500.015625,-187500.015625,-187500.015625,-187500.015625,-187500.015625,-187500.015625,-187500.015625,-26395.2421875,0.0
-187500.015625,-187500.015625,-187500.015625,-187500.015625,-187500.015625,-187500.015625,-187500.015625,-26330.5117188,0.0
-187500.015625,-187500.015625,-187500.015625,-187500.015625,-187500.015625,-187500.015625,-187500.015625,-26437.7988281,0.0
-187500.015625,-187500.015625,-187500.015625,-187500.015625,-187500.015625,-187500.015625,-187500.015625,-26518.8242188,0.0
-187500.015625,-187500.015625,-187500.015625,-187500.015625,-187500.015625,-187500.015625,-187500.015625,-26425.0820312,0.0
-187500.015625,-187500.015625,-187500.015625,-187500.015625,-187500.015625,-187500.015625,-187500.015625,-26338.2226562,0.0
-187500.015625,-187500.015625,-187500.015625,-187500.015625,-187500.015625,-187500.015625,-187500.015625,-26421.1484375,0.0
-187500.015625,-187500.015625,-187500.015625,-187500.015625,-187500.015625,-187500.015625,-187500.015625,-26527.9882812,0.0
-187500.015625,-187500.015625,-187500.015625,-187500.015625,-187500.015625,-187500.015625,-187500.015625,-26458.765625,0.0
-187500.015625,-187500.015625,-187500.015625,-187500.015625,-187500.015625,-187500.015625,-187500.015625,-26350.5605469,0.0
-187500.015625,-187500.015625,-187500.015625,-187500.015625,-187500.015625,-187500.015625,-187500.015625,-26408.2285156,0.0
-187500.015625,-187500.015625,-187500.015625,-187500.015625,-187500.015625,-187500.015625,-187500.015625,-26529.3085938,0.0
-187500.015625,-187500.015625,-187500.015625,-187500.015625,-187500.015625,-187500.015625,-187500.015625,-26491.1542969,0.0
-187500.015625,-187500.015625,-187500.015625,-187500.015625,-187500.015625,-187500.015625,-187500.015625,-26368.2851562,0.0
-187500.015625,-187500.015625,-187500.015625,-187500.015625,-187500.015625,-187500.015625,-187500.015625,-26393.2089844,0.0
-187500.015625,-187500.015625,-187500.015625,-187500.015625,-187500.015625,-187500.015625,-187500.015625,-26518.7128906,0.0
-187500.015625,-187500.015625,-187500.015625,-187500.015625,-187500.015625,-187500.015625,-187500.015625,-26507.2011719,0.0
-187500.015625,-187500.015625,-187500.015625,-187500.015625,-187500.015625,-187500.015625,-187500.015625,-26377.71875,0.0
-187500.015625,-187500.015625,-187500.015625,-187500.015625,-187500.015625,-187500.015625,-187500.015625,-26365.828125,0.0
-187500.015625,-187500.015625,-187500.015625,-187500.015625,-187500.015625,-187500.015625,-187500.015625,-26492.046875,0.0
-187500.015625,-187500.015625,-187500.015625,-187500.015625,-187500.015625,-187500.015625,-187500.015625,-26511.6054688,0.0
-187500.015625,-187500.015625,-187500.015625,-187500.015625,-187500.015625,-187500.015625,-187500.015625,-26388.1347656,0.0
-187500.015625,-187500.015625,-187500.015625,-187500.015625,-187500.015625,-187500.015625,-187500.015625,-26348.2578125,0.0
-187500.015625,-187500.015625,-187500.015625,-187500.015625,-187500.015625,-187500.015625,-187500.015625,-26462.4980469,0.0
-187500.015625,-187500.015625,-187500.015625,-187500.015625,-187500.015625,-187500.015625,-187500.015625,-26520.03125,0.0
-187500.015625,-187500.015625,-187500.015625,-187500.015625,-187500.015625,-187500.015625,-187500.015625,-26408.0058594,0.0
-187500.015625,-187500.015625,-187500.015625,-187500.015625,-187500.015625,-187500.015625,-187500.015625,-26334.5351562,0.0
-187500.015625,-187500.015625,-187500.015625,-187500.015625,-187500.015625,-187500.015625,-187500.015625,-26432.4355469,0.0
-187500.015625,-187500.015625,-187500.015625,-187500.015625,-187500.015625,-187500.015625,-187500.015625,-26520.9042969,0.0
-187500.015625,-187500.015625,-187500.015625,-187500.015625,-187500.015625,-187500.015625,-187500.015625,-26431.8984375,0.0
-187500.015625,-187500.015625,-187500.015625,-187500.015625,-187500.015625,-187500.015625,-187500.015625,-26340.8164062,0.0
-187500.015625,-187500.015625,-187500.015625,-187500.015625,-187500.015625,-187500.015625,-187500.015625,-26425.3046875,0.0
-187500.015625,-187500.015625,-187500.015625,-187500.015625,-187500.015625,-187500.015625,-187500.015625,-26534.4257812,0.0
-187500.015625,-187500.015625,-187500.015625,-187500.015625,-187500.015625,-187500.015625,-187500.015625,-26472.78125,0.0
-187500.015625,-187500.015625,-187500.015625,-187500.015625,-187500.015625,-187500.015625,-187500.015625,-26353.9355469,0.0
-187500.015625,-187500.015625,-187500.015625,-187500.015625,-187500.015625,-187500.015625,-187500.015625,-26410.0605469,0.0
-187500.015625,-187500.015625,-187500.015625,-187500.015625,-187500.015625,-187500.015625,-187500.015625,-26532.9960938,0.0
-187500.015625,-187500.015625,-187500.015625,-187500.015625,-187500.015625,-187500.015625,-187500.015625,-26502.8203125,0.0
-187500.015625,-187500.015625,-187500.015625,-187500.015625,-187500.015625,-187500.015625,-187500.015625,-26374.2988281,0.0
-187500.015625,-187500.015625,-187500.015625,-187500.015625,-187500.015625,-187500.015625,-187500.015625,-26392.6054688,0.0
-187500.015625,-187500.015625,-187500.015625,-187500.015625,-187500.015625,-187500.015625,-187500.015625,-26514.9804688,0.0
-187500.015625,-187500.015625,-187500.015625,-187500.015625,-187500.015625,-187500.015625,-187500.015625,-26514.1308594,0.0
-187500.015625,-187500.015625,-187500.015625,-187500.015625,-187500.015625,-187500.015625,-187500.015625,-26384.9160156,0.0
-187500.015625,-187500.015625,-187500.015625,-187500.015625,-187500.015625,-187500.015625,-187500.015625,-26365.6035156,0.0
-187500.015625,-187500.015625,-187500.015625,-187500.015625,-187500.015625,-187500.015625,-187500.015625,-26491.4882812,0.0
-187500.015625,-187500.015625,-187500.015625,-187500.015625,-187500.015625,-187500.015625,-187500.015625,-26522.6464844,0.0
-187500.015625,-187500.015625,-187500.015625,-187500.015625,-187500.015625,-187500.015625,-187500.015625,-26401.0097656,0.0
-187500.015625,-187500.015625,-187500.015625,-187500.015625,-187500.015625,-187500.015625,-187500.015625,-26354.9199219,0.0
-187500.015625,-187500.015625,-187500.015625,-187500.015625,-187500.015625,-187500.015625,-187500.015625,-26467.5058594,0.0
-187500.015625,-187500.015625,-187500.015625,-187500.015625,-187500.015625,-187500.015625,-187500.015625,-26525.015625,0.0
-187500.015625,-187500.015625,-187500.015625,-187500.015625,-187500.015625,-187500.015625,-187500.015625,-26413.078125,0.0
-187500.015625,-187500.015625,-187500.015625,-187500.015625,-187500.015625,-187500.015625,-187500.015625,-26344.5039062,0.0
-187500.015625,-187500.015625,-187500.015625,-187500.015625,-187500.015625,-187500.015625,-187500.015625,-26438.7382812,0.0
-187500.015625,-187500.015625,-187500.015625,-187500.015625,-187500.015625,-187500.015625,-187500.015625,-26522.0878906,0.0
-187500.015625,-187500.015625,-187500.015625,-187500.015625,-187500.015625,-187500.015625,-187500.015625,-26430.1328125,0.0
-187500.015625,-187500.015625,-187500.015625,-187500.015625,-187500.015625,-187500.015625,-187500.015625,-26327.6953125,0.0
-187500.015625,-187500.015625,-187500.015625,-187500.015625,-187500.015625,-187500.015625,-187500.015625,-26404.0253906,0.0
-187500.015625,-187500.015625,-187500.015625,-187500.015625,-187500.015625,-187500.015625,-187500.015625,-26523.09375,0.0
-187500.015625,-187500.015625,-187500.015625,-187500.015625,-187500.015625,-187500.015625,-187500.015625,-26463.0351562,0.0
-187500.015625,-187500.015625,-187500.015625,-187500.015625,-187500.015625,-187500.015625,-187500.015625,-26341.1289062,0.0
-187500.015625,-187500.015625,-187500.015625,-187500.015625,-187500.015625,-187500.015625,-187500.015625,-26384.2441406,0.0
-187500.015625,-187500.015625,-187500.015625,-187500.015625,-187500.015625,-187500.015625,-187500.015625,-26512.5449219,0.0
-187500.015625,-187500.015625,-187500.015625,-187500.015625,-187500.015625,-187500.015625,-187500.015625,-26489.8339844,0.0
-187500.015625,-187500.015625,-187500.015625,-187500.015625,-187500.015625,-187500.015625,-187500.015625,-26362.3632812,0.0
-187500.015625,-187500.015625,-187500.015625,-187500.015625,-187500.015625,-187500.015625,-187500.015625,-26372.6894531,0.0
-187500.015625,-187500.015625,-187500.015625,-187500.015625,-187500.015625,-187500.015625,-187500.015625,-26506.9570312,0.0
-187500.015625,-187500.015625,-187500.015625,-187500.015625,-187500.015625,-187500.015625,-187500.015625,-26520.4121094,0.0
-187500.015625,-187500.015625,-187500.015625,-187500.015625,-187500.015625,-187500.015625,-187500.015625,-26396.359375,0.0
-187500.015625,-187500.015625,-187500.015625,-187500.015625,-187500.015625,-187500.015625,-187500.015625,-26375.0585938,0.0
-187500.015625,-187500.015625,-187500.015625,-187500.015625,-187500.015625,-187500.015625,-187500.015625,-26501.1230469,0.0
